# Official Hamburg LoD2 subset around Poly Haven Hansaplatz HDRI GPS
# Source: https://daten-hamburg.de/opendata/3d_stadtmodell_lod2/LoD2-DE_HH_2026-04-28.zip
# License: dl-de-by-2.0
# Attribution: Freie und Hansestadt Hamburg, LGV
# Origin WGS84: 53.554451, 10.012056
# Origin EPSG:25832: 567045.147, 5934427.864
# Base height: 6.503
v -41.4089 3.4240 -57.7055
v -41.4089 24.4020 -57.7055
v -41.5489 24.4020 -56.9125
v -41.5489 3.4240 -56.9125
v -41.5489 3.4240 -56.9125
v -41.5489 24.4020 -56.9125
v -42.6039 24.4020 -56.3415
v -42.6039 3.4240 -56.3415
v -42.6039 3.4240 -56.3415
v -42.6039 24.4020 -56.3415
v -43.5039 24.4020 -56.5935
v -43.5039 3.4240 -56.5935
v -43.5039 3.4240 -56.5935
v -43.5039 24.4020 -56.5935
v -53.8229 24.4020 -51.0135
v -53.8229 3.4240 -51.0135
v -53.8229 3.4240 -51.0135
v -53.8229 24.4020 -51.0135
v -63.1899 24.4020 -54.4575
v -63.1899 3.4240 -54.4575
v -51.9719 3.4240 -65.5435
v -51.9719 24.4020 -65.5435
v -52.6729 24.4020 -66.7925
v -52.6729 3.4240 -66.7925
v -52.6729 3.4240 -66.7925
v -52.6729 24.4020 -66.7925
v -52.3209 24.4020 -67.9725
v -52.3209 3.4240 -67.9725
v -52.3209 3.4240 -67.9725
v -52.3209 24.4020 -67.9725
v -49.3899 24.4020 -69.5705
v -49.3899 3.4240 -69.5705
v -49.3899 3.4240 -69.5705
v -49.3899 24.4020 -69.5705
v -43.4439 24.4020 -72.7495
v -43.4439 3.4240 -72.7495
v -43.4439 3.4240 -72.7495
v -43.4439 24.4020 -72.7495
v -36.6519 24.4020 -60.3005
v -36.6519 3.4240 -60.3005
v -36.6519 24.4020 -60.3005
v -43.4439 24.4020 -72.7495
v -49.3899 24.4020 -69.5705
v -52.3209 24.4020 -67.9725
v -52.6729 24.4020 -66.7925
v -51.9719 24.4020 -65.5435
v -54.5729 24.4020 -64.0855
v -59.2049 24.4020 -65.7245
v -63.1899 24.4020 -54.4575
v -53.8229 24.4020 -51.0135
v -43.5039 24.4020 -56.5935
v -42.6039 24.4020 -56.3415
v -41.5489 24.4020 -56.9125
v -41.4089 24.4020 -57.7055
v -41.4089 3.4240 -57.7055
v -41.5489 3.4240 -56.9125
v -42.6039 3.4240 -56.3415
v -43.5039 3.4240 -56.5935
v -53.8229 3.4240 -51.0135
v -63.1899 3.4240 -54.4575
v -59.2049 3.4240 -65.7245
v -54.5729 3.4240 -64.0855
v -51.9719 3.4240 -65.5435
v -52.6729 3.4240 -66.7925
v -52.3209 3.4240 -67.9725
v -49.3899 3.4240 -69.5705
v -43.4439 3.4240 -72.7495
v -36.6519 3.4240 -60.3005
v -41.4089 3.4240 -57.7055
v -36.6519 3.4240 -60.3005
v -36.6519 24.4020 -60.3005
v -41.4089 24.4020 -57.7055
v -51.9719 3.4240 -65.5435
v -54.5729 3.4240 -64.0855
v -54.5729 24.4020 -64.0855
v -51.9719 24.4020 -65.5435
v -54.5729 3.4240 -64.0855
v -59.2049 3.4240 -65.7245
v -59.2049 24.4020 -65.7245
v -54.5729 24.4020 -64.0855
v -59.2049 3.4240 -65.7245
v -63.1899 3.4240 -54.4575
v -63.1899 24.4020 -54.4575
v -59.2049 24.4020 -65.7245
v -93.6419 7.7130 22.4785
v -80.1189 7.7130 15.0995
v -82.7229 7.7130 10.3505
v -86.7519 7.7130 2.9985
v -88.1239 7.7130 0.4965
v -88.5299 7.7130 0.7195
v -90.9199 7.7130 2.0275
v -91.4439 7.7130 2.3155
v -90.3539 7.7130 4.3075
v -100.5239 7.7130 9.8655
v -100.5239 4.1460 9.8655
v -90.3539 4.1460 4.3075
v -91.4439 4.1460 2.3155
v -90.9199 4.1460 2.0275
v -88.5299 4.1460 0.7195
v -88.1239 4.1460 0.4965
v -86.7519 4.1460 2.9985
v -82.7229 4.1460 10.3505
v -80.1189 4.1460 15.0995
v -93.6419 4.1460 22.4785
v -100.5239 4.1460 9.8655
v -100.5239 7.7130 9.8655
v -90.3539 7.7130 4.3075
v -90.3539 4.1460 4.3075
v -90.3539 4.1460 4.3075
v -90.3539 7.7130 4.3075
v -91.4439 7.7130 2.3155
v -91.4439 4.1460 2.3155
v -91.4439 4.1460 2.3155
v -91.4439 7.7130 2.3155
v -90.9199 7.7130 2.0275
v -90.9199 4.1460 2.0275
v -90.9199 4.1460 2.0275
v -90.9199 7.7130 2.0275
v -88.5299 7.7130 0.7195
v -88.5299 4.1460 0.7195
v -88.5299 4.1460 0.7195
v -88.5299 7.7130 0.7195
v -88.1239 7.7130 0.4965
v -88.1239 4.1460 0.4965
v -88.1239 4.1460 0.4965
v -88.1239 7.7130 0.4965
v -86.7519 7.7130 2.9985
v -86.7519 4.1460 2.9985
v -86.7519 4.1460 2.9985
v -86.7519 7.7130 2.9985
v -82.7229 7.7130 10.3505
v -82.7229 4.1460 10.3505
v -82.7229 4.1460 10.3505
v -82.7229 7.7130 10.3505
v -80.1189 7.7130 15.0995
v -80.1189 4.1460 15.0995
v -80.1189 4.1460 15.0995
v -80.1189 7.7130 15.0995
v -93.6419 7.7130 22.4785
v -93.6419 4.1460 22.4785
v -100.5239 4.1460 9.8655
v -93.6419 4.1460 22.4785
v -93.6419 7.7130 22.4785
v -100.5239 7.7130 9.8655
v -84.5609 28.3990 36.4925
v -85.6799 28.3980 37.0965
v -84.6069 28.6210 39.0675
v -71.0939 28.6210 31.6965
v -71.7159 28.4920 30.5525
v -72.2609 28.3780 29.5475
v -73.5649 28.3770 30.2525
v -76.5359 27.7570 24.7505
v -87.6579 27.7510 30.7505
v -80.4349 27.7550 46.7265
v -66.9269 27.7550 39.3585
v -71.0939 28.6210 31.6965
v -84.6069 28.6210 39.0675
v -87.6579 4.3630 30.7505
v -87.6579 27.7510 30.7505
v -76.5359 27.7570 24.7505
v -76.5359 4.3630 24.7505
v -76.5359 4.3630 24.7505
v -76.5359 27.7570 24.7505
v -73.5649 28.3770 30.2525
v -73.5649 4.3630 30.2525
v -73.5649 4.3630 30.2525
v -73.5649 28.3770 30.2525
v -72.2609 28.3780 29.5475
v -72.2609 4.3630 29.5475
v -72.2609 4.3630 29.5475
v -72.2609 28.3780 29.5475
v -71.7159 28.4920 30.5525
v -71.7159 4.3630 30.5525
v -85.6799 4.3630 37.0965
v -85.6799 28.3980 37.0965
v -84.5609 28.3990 36.4925
v -84.5609 4.3630 36.4925
v -84.5609 4.3630 36.4925
v -84.5609 28.3990 36.4925
v -87.6579 27.7510 30.7505
v -87.6579 4.3630 30.7505
v -66.9269 4.3630 39.3585
v -66.9269 27.7550 39.3585
v -80.4349 27.7550 46.7265
v -80.4349 4.3630 46.7265
v -80.4349 4.3630 46.7265
v -80.4349 27.7550 46.7265
v -84.6069 28.6210 39.0675
v -85.6799 28.3980 37.0965
v -85.6799 4.3630 37.0965
v -71.7159 4.3630 30.5525
v -71.7159 28.4920 30.5525
v -71.0939 28.6210 31.6965
v -66.9269 27.7550 39.3585
v -66.9269 4.3630 39.3585
v -71.7159 4.3630 30.5525
v -66.9269 4.3630 39.3585
v -80.4349 4.3630 46.7265
v -85.6799 4.3630 37.0965
v -84.5609 4.3630 36.4925
v -87.6579 4.3630 30.7505
v -76.5359 4.3630 24.7505
v -73.5649 4.3630 30.2525
v -72.2609 4.3630 29.5475
v -132.2199 28.8970 106.6565
v -132.0359 28.8970 105.4495
v -130.8579 28.8970 105.6295
v -130.9059 28.8970 105.9415
v -123.4629 28.8970 107.0725
v -120.8259 28.8970 105.6165
v -120.1359 28.8970 106.8685
v -115.8579 28.8970 104.5105
v -123.9279 28.8970 89.7275
v -140.6629 28.8970 98.8475
v -141.6369 28.8970 105.2125
v -141.6369 5.2410 105.2125
v -140.6629 5.2410 98.8475
v -123.9279 5.2410 89.7275
v -115.8579 5.2410 104.5105
v -120.1359 5.2410 106.8685
v -120.8259 5.2410 105.6165
v -123.4629 5.2410 107.0725
v -130.9059 5.2410 105.9415
v -130.8579 5.2410 105.6295
v -132.0359 5.2410 105.4495
v -132.2199 5.2410 106.6565
v -141.6369 5.2410 105.2125
v -141.6369 28.8970 105.2125
v -140.6629 28.8970 98.8475
v -140.6629 5.2410 98.8475
v -140.6629 5.2410 98.8475
v -140.6629 28.8970 98.8475
v -123.9279 28.8970 89.7275
v -123.9279 5.2410 89.7275
v -123.9279 5.2410 89.7275
v -123.9279 28.8970 89.7275
v -115.8579 28.8970 104.5105
v -115.8579 5.2410 104.5105
v -115.8579 5.2410 104.5105
v -115.8579 28.8970 104.5105
v -120.1359 28.8970 106.8685
v -120.1359 5.2410 106.8685
v -120.1359 5.2410 106.8685
v -120.1359 28.8970 106.8685
v -120.8259 28.8970 105.6165
v -120.8259 5.2410 105.6165
v -120.8259 5.2410 105.6165
v -120.8259 28.8970 105.6165
v -123.4629 28.8970 107.0725
v -123.4629 5.2410 107.0725
v -123.4629 5.2410 107.0725
v -123.4629 28.8970 107.0725
v -130.9059 28.8970 105.9415
v -130.9059 5.2410 105.9415
v -130.9059 5.2410 105.9415
v -130.9059 28.8970 105.9415
v -130.8579 28.8970 105.6295
v -130.8579 5.2410 105.6295
v -130.8579 5.2410 105.6295
v -130.8579 28.8970 105.6295
v -132.0359 28.8970 105.4495
v -132.0359 5.2410 105.4495
v -132.0359 5.2410 105.4495
v -132.0359 28.8970 105.4495
v -132.2199 28.8970 106.6565
v -132.2199 5.2410 106.6565
v -132.2199 5.2410 106.6565
v -132.2199 28.8970 106.6565
v -141.6369 28.8970 105.2125
v -141.6369 5.2410 105.2125
v -52.9689 26.2650 28.6345
v -51.6649 26.2650 31.0355
v -50.2879 26.2650 30.2845
v -53.6339 26.2650 24.1555
v -55.0919 26.2650 21.4865
v -56.4499 26.2650 22.2285
v -55.1509 26.2650 24.6185
v -58.0059 3.5940 19.4935
v -58.0059 23.9650 19.4935
v -59.6629 23.9650 20.3995
v -59.6629 3.5940 20.3995
v -68.5529 24.3550 28.7585
v -68.5529 24.5260 28.7585
v -58.1859 24.5260 23.1045
v -58.1859 24.3520 23.1045
v -55.0919 3.5940 21.4865
v -55.0919 26.2650 21.4865
v -53.6339 26.2650 24.1555
v -53.6339 3.5940 24.1555
v -53.6339 3.5940 24.1555
v -53.6339 26.2650 24.1555
v -50.2879 26.2650 30.2845
v -50.2879 3.5940 30.2845
v -51.6649 24.5580 31.0355
v -51.6649 26.2650 31.0355
v -52.9689 26.2650 28.6345
v -55.1509 26.2650 24.6185
v -56.4499 26.2650 22.2285
v -56.4499 24.5650 22.2285
v -66.9269 3.5940 39.3585
v -71.7159 3.5940 30.5525
v -68.5199 3.5940 28.8205
v -70.3539 3.5940 25.4295
v -72.8069 3.5940 26.7555
v -76.8509 3.5940 19.2705
v -61.7119 3.5940 11.0895
v -57.6489 3.5940 18.6095
v -58.0059 3.5940 19.4935
v -59.6629 3.5940 20.3995
v -58.1559 3.5940 23.1595
v -55.0919 3.5940 21.4865
v -53.6339 3.5940 24.1555
v -50.2879 3.5940 30.2845
v -59.6899 27.3110 14.8315
v -61.7119 23.7440 11.0895
v -76.8509 23.7440 19.2705
v -74.8289 27.3110 23.0125
v -70.3539 23.7430 25.4295
v -70.3309 23.7020 25.4725
v -57.6539 23.7020 18.6225
v -57.6489 23.7090 18.6095
v -59.6899 27.3110 14.8315
v -74.8289 27.3110 23.0125
v -72.8069 23.7430 26.7555
v -76.8509 23.7440 19.2705
v -61.7119 23.7440 11.0895
v -61.7119 3.5940 11.0895
v -76.8509 3.5940 19.2705
v -70.3539 3.5940 25.4295
v -68.5199 3.5940 28.8205
v -68.5199 24.5700 28.8205
v -68.5529 24.5260 28.7585
v -68.5529 24.3550 28.7585
v -70.3309 23.8860 25.4725
v -70.3309 23.7020 25.4725
v -70.3539 23.7430 25.4295
v -58.0059 23.9650 19.4935
v -58.0059 3.5940 19.4935
v -57.6489 3.5940 18.6095
v -57.6489 23.7090 18.6095
v -57.6539 23.7020 18.6225
v -57.6539 23.8900 18.6225
v -66.9269 24.5580 39.3585
v -66.9269 3.5940 39.3585
v -50.2879 3.5940 30.2845
v -50.2879 26.2650 30.2845
v -51.6649 26.2650 31.0355
v -51.6649 24.5580 31.0355
v -57.6489 3.5940 18.6095
v -61.7119 3.5940 11.0895
v -61.7119 23.7440 11.0895
v -59.6899 27.3110 14.8315
v -57.6489 23.7090 18.6095
v -52.9689 26.2650 28.6345
v -55.1509 26.2650 24.6185
v -54.0599 27.6940 26.6265
v -55.0919 3.5940 21.4865
v -58.1559 3.5940 23.1595
v -58.1559 24.5650 23.1595
v -56.4499 24.5650 22.2285
v -56.4499 26.2650 22.2285
v -55.0919 26.2650 21.4865
v -58.1559 3.5940 23.1595
v -59.6629 3.5940 20.3995
v -59.6629 23.9650 20.3995
v -58.1859 24.3520 23.1045
v -58.1859 24.5260 23.1045
v -58.1559 24.5650 23.1595
v -57.6539 23.8900 18.6225
v -57.6539 23.7020 18.6225
v -70.3309 23.7020 25.4725
v -70.3309 23.8860 25.4725
v -71.7159 3.5940 30.5525
v -66.9269 3.5940 39.3585
v -66.9269 24.5580 39.3585
v -69.3239 27.6940 34.9505
v -71.7159 24.5640 30.5525
v -68.5199 24.5700 28.8205
v -68.5199 3.5940 28.8205
v -71.7159 3.5940 30.5525
v -71.7159 24.5640 30.5525
v -70.3539 23.7430 25.4295
v -72.8069 23.7430 26.7555
v -72.8069 3.5940 26.7555
v -70.3539 3.5940 25.4295
v -76.8509 3.5940 19.2705
v -72.8069 3.5940 26.7555
v -72.8069 23.7430 26.7555
v -74.8289 27.3110 23.0125
v -76.8509 23.7440 19.2705
v -69.3239 27.6940 34.9505
v -66.9269 24.5580 39.3585
v -51.6649 24.5580 31.0355
v -52.9689 26.2650 28.6345
v -54.0599 27.6940 26.6265
v -57.6539 23.8900 18.6225
v -70.3309 23.8860 25.4725
v -68.5529 24.3550 28.7585
v -58.1859 24.3520 23.1045
v -59.6629 23.9650 20.3995
v -58.0059 23.9650 19.4935
v -69.3239 27.6940 34.9505
v -54.0599 27.6940 26.6265
v -55.1509 26.2650 24.6185
v -56.4499 24.5650 22.2285
v -58.1559 24.5650 23.1595
v -58.1859 24.5260 23.1045
v -68.5529 24.5260 28.7585
v -68.5199 24.5700 28.8205
v -71.7159 24.5640 30.5525
v -119.6499 24.7380 16.8075
v -119.6499 25.5240 16.8075
v -129.8259 25.5240 22.3515
v -129.8259 24.7340 22.3515
v -130.4529 3.9610 26.0015
v -130.4529 26.2810 26.0015
v -128.4349 26.2810 24.9005
v -128.4349 3.9610 24.9005
v -117.9509 3.9610 19.9645
v -117.9509 26.6480 19.9645
v -116.1689 26.6540 19.0045
v -116.1689 3.9610 19.0045
v -126.4519 3.9610 34.3785
v -130.5879 3.9610 26.8215
v -130.4529 3.9610 26.0015
v -128.4349 3.9610 24.9005
v -129.8609 3.9610 22.2875
v -133.1549 3.9610 24.0855
v -137.9879 3.9610 15.2265
v -121.3299 3.9610 6.1505
v -116.5179 3.9610 15.0225
v -119.6919 3.9610 16.7305
v -117.9509 3.9610 19.9645
v -116.1689 3.9610 19.0045
v -115.2729 3.9610 19.2885
v -111.4969 3.9610 26.1845
v -118.9189 28.7270 10.5945
v -121.3299 25.5560 6.1505
v -137.9879 25.5560 15.2265
v -135.5669 28.7270 19.6655
v -129.8609 25.5700 22.2875
v -129.8259 25.5240 22.3515
v -119.6499 25.5240 16.8075
v -119.6919 25.5790 16.7305
v -116.5179 25.5680 15.0225
v -118.9189 28.7270 10.5945
v -135.5669 28.7270 19.6655
v -133.1549 25.5690 24.0855
v -114.3989 27.9850 20.8845
v -115.2729 27.0160 19.2885
v -116.1689 26.6540 19.0045
v -117.9509 26.6480 19.9645
v -119.6499 24.7380 16.8075
v -129.8259 24.7340 22.3515
v -128.4349 26.2810 24.9005
v -130.4529 26.2810 26.0015
v -130.5879 26.6310 26.8215
v -129.3629 27.9910 29.0605
v -111.4969 24.7650 26.1845
v -114.3989 27.9850 20.8845
v -129.3629 27.9910 29.0605
v -126.4519 24.7600 34.3785
v -137.9879 25.5560 15.2265
v -121.3299 25.5560 6.1505
v -121.3299 3.9610 6.1505
v -137.9879 3.9610 15.2265
v -111.4969 24.7650 26.1845
v -126.4519 24.7600 34.3785
v -126.4519 3.9610 34.3785
v -111.4969 3.9610 26.1845
v -111.4969 3.9610 26.1845
v -115.2729 3.9610 19.2885
v -115.2729 27.0160 19.2885
v -114.3989 27.9850 20.8845
v -111.4969 24.7650 26.1845
v -130.5879 3.9610 26.8215
v -126.4519 3.9610 34.3785
v -126.4519 24.7600 34.3785
v -129.3629 27.9910 29.0605
v -130.5879 26.6310 26.8215
v -116.5179 3.9610 15.0225
v -121.3299 3.9610 6.1505
v -121.3299 25.5560 6.1505
v -118.9189 28.7270 10.5945
v -116.5179 25.5680 15.0225
v -116.1689 26.6540 19.0045
v -115.2729 27.0160 19.2885
v -115.2729 3.9610 19.2885
v -116.1689 3.9610 19.0045
v -130.5879 26.6310 26.8215
v -130.4529 26.2810 26.0015
v -130.4529 3.9610 26.0015
v -130.5879 3.9610 26.8215
v -129.8609 3.9610 22.2875
v -128.4349 3.9610 24.9005
v -128.4349 26.2810 24.9005
v -129.8259 24.7340 22.3515
v -129.8259 25.5240 22.3515
v -129.8609 25.5700 22.2875
v -117.9509 3.9610 19.9645
v -119.6919 3.9610 16.7305
v -119.6919 25.5790 16.7305
v -119.6499 25.5240 16.8075
v -119.6499 24.7380 16.8075
v -117.9509 26.6480 19.9645
v -116.5179 25.5680 15.0225
v -119.6919 25.5790 16.7305
v -119.6919 3.9610 16.7305
v -116.5179 3.9610 15.0225
v -129.8609 25.5700 22.2875
v -133.1549 25.5690 24.0855
v -133.1549 3.9610 24.0855
v -129.8609 3.9610 22.2875
v -137.9879 3.9610 15.2265
v -133.1549 3.9610 24.0855
v -133.1549 25.5690 24.0855
v -135.5669 28.7270 19.6655
v -137.9879 25.5560 15.2265
v -111.3969 29.1170 50.6785
v -112.9329 29.1160 51.5085
v -112.7849 29.1510 51.7795
v -111.7409 29.3970 53.6955
v -98.2109 29.3970 46.3165
v -99.2379 29.1550 44.4315
v -99.3819 29.1210 44.1665
v -100.7179 29.1200 44.8875
v -103.7629 28.3990 39.2535
v -114.4519 28.3940 45.0315
v -107.4949 28.3970 61.4855
v -93.9669 28.3970 54.1075
v -98.2109 29.3970 46.3165
v -111.7409 29.3970 53.6955
v -114.4519 4.3070 45.0315
v -114.4519 28.3940 45.0315
v -103.7629 28.3990 39.2535
v -103.7629 4.3070 39.2535
v -103.7629 4.3070 39.2535
v -103.7629 28.3990 39.2535
v -100.7179 29.1200 44.8875
v -100.7179 4.3070 44.8875
v -100.7179 4.3070 44.8875
v -100.7179 29.1200 44.8875
v -99.3819 29.1210 44.1665
v -99.3819 4.3070 44.1665
v -99.3819 4.3070 44.1665
v -99.3819 29.1210 44.1665
v -99.2379 29.1550 44.4315
v -99.2379 4.3070 44.4315
v -112.7849 4.3070 51.7795
v -112.7849 29.1510 51.7795
v -112.9329 29.1160 51.5085
v -112.9329 4.3070 51.5085
v -112.9329 4.3070 51.5085
v -112.9329 29.1160 51.5085
v -111.3969 29.1170 50.6785
v -111.3969 4.3070 50.6785
v -111.3969 4.3070 50.6785
v -111.3969 29.1170 50.6785
v -114.4519 28.3940 45.0315
v -114.4519 4.3070 45.0315
v -93.9669 4.3070 54.1075
v -93.9669 28.3970 54.1075
v -107.4949 28.3970 61.4855
v -107.4949 4.3070 61.4855
v -107.4949 4.3070 61.4855
v -107.4949 28.3970 61.4855
v -111.7409 29.3970 53.6955
v -112.7849 29.1510 51.7795
v -112.7849 4.3070 51.7795
v -99.2379 4.3070 44.4315
v -99.2379 29.1550 44.4315
v -98.2109 29.3970 46.3165
v -93.9669 28.3970 54.1075
v -93.9669 4.3070 54.1075
v -99.2379 4.3070 44.4315
v -93.9669 4.3070 54.1075
v -107.4949 4.3070 61.4855
v -112.7849 4.3070 51.7795
v -112.9329 4.3070 51.5085
v -111.3969 4.3070 50.6785
v -114.4519 4.3070 45.0315
v -103.7629 4.3070 39.2535
v -100.7179 4.3070 44.8875
v -99.3819 4.3070 44.1665
v -53.7039 27.5210 10.4185
v -45.5839 27.5210 6.0125
v -43.8269 27.5210 6.1665
v -35.2549 27.5210 1.4995
v -44.4239 27.5210 -15.2895
v -53.4429 27.5210 -10.3455
v -53.8399 27.5210 -8.8825
v -61.8289 27.5210 -4.5435
v -61.8289 2.8840 -4.5435
v -53.8399 2.8840 -8.8825
v -53.4429 2.8840 -10.3455
v -44.4239 2.8840 -15.2895
v -35.2549 2.8840 1.4995
v -43.8269 2.8840 6.1665
v -45.5839 2.8840 6.0125
v -53.7039 2.8840 10.4185
v -61.8289 2.8840 -4.5435
v -61.8289 27.5210 -4.5435
v -53.8399 27.5210 -8.8825
v -53.8399 2.8840 -8.8825
v -53.8399 2.8840 -8.8825
v -53.8399 27.5210 -8.8825
v -53.4429 27.5210 -10.3455
v -53.4429 2.8840 -10.3455
v -53.4429 2.8840 -10.3455
v -53.4429 27.5210 -10.3455
v -44.4239 27.5210 -15.2895
v -44.4239 2.8840 -15.2895
v -44.4239 2.8840 -15.2895
v -44.4239 27.5210 -15.2895
v -35.2549 27.5210 1.4995
v -35.2549 2.8840 1.4995
v -35.2549 2.8840 1.4995
v -35.2549 27.5210 1.4995
v -43.8269 27.5210 6.1665
v -43.8269 2.8840 6.1665
v -43.8269 2.8840 6.1665
v -43.8269 27.5210 6.1665
v -45.5839 27.5210 6.0125
v -45.5839 2.8840 6.0125
v -45.5839 2.8840 6.0125
v -45.5839 27.5210 6.0125
v -53.7039 27.5210 10.4185
v -53.7039 2.8840 10.4185
v -53.7039 2.8840 10.4185
v -53.7039 27.5210 10.4185
v -61.8289 27.5210 -4.5435
v -61.8289 2.8840 -4.5435
v -89.8509 3.6960 -62.8795
v -89.8509 23.5130 -62.8795
v -89.5159 23.6820 -63.8245
v -89.5159 3.6960 -63.8245
v -89.5159 3.6960 -63.8245
v -89.5159 23.6820 -63.8245
v -91.3949 23.6790 -64.4905
v -91.3949 3.6960 -64.4905
v -91.3949 3.6960 -64.4905
v -91.3949 23.6790 -64.4905
v -92.6739 23.5090 -63.8795
v -92.6739 3.6960 -63.8795
v -92.6739 3.6960 -63.8795
v -92.6739 23.5090 -63.8795
v -94.4549 23.5070 -64.5115
v -94.4549 3.6960 -64.5115
v -94.4549 3.6960 -64.5115
v -94.4549 23.5070 -64.5115
v -95.0629 23.6750 -65.7885
v -95.0629 3.6960 -65.7885
v -95.0629 3.6960 -65.7885
v -95.0629 23.6750 -65.7885
v -96.3429 23.5050 -65.1805
v -96.3429 3.6960 -65.1805
v -96.3429 3.6960 -65.1805
v -96.3429 23.5050 -65.1805
v -100.1979 23.5000 -66.5455
v -100.1979 3.6960 -66.5455
v -100.1979 3.6960 -66.5455
v -100.1979 23.5000 -66.5455
v -100.7979 23.6710 -67.8375
v -100.7979 3.6960 -67.8375
v -100.7979 3.6960 -67.8375
v -100.7979 23.6710 -67.8375
v -103.0579 23.6680 -68.6405
v -103.0579 3.6960 -68.6405
v -108.7059 3.6960 -70.6505
v -108.7059 23.6630 -70.6505
v -111.0329 23.6600 -71.4765
v -111.0329 3.6960 -71.4765
v -111.0329 3.6960 -71.4765
v -111.0329 23.6600 -71.4765
v -111.1419 23.6590 -71.5085
v -111.1419 3.6960 -71.5085
v -107.1809 3.6960 -82.7035
v -107.1809 23.9170 -82.7035
v -99.2239 23.9110 -79.8645
v -99.2239 3.6960 -79.8645
v -99.2239 3.6960 -79.8645
v -99.2239 23.9110 -79.8645
v -98.6399 23.6180 -81.5005
v -98.6399 3.6960 -81.5005
v -98.6399 3.6960 -81.5005
v -98.6399 23.6180 -81.5005
v -97.8659 23.5070 -81.9195
v -97.8659 3.6960 -81.9195
v -97.8659 3.6960 -81.9195
v -97.8659 23.5070 -81.9195
v -96.4759 23.5090 -81.4075
v -96.4759 3.6960 -81.4075
v -96.4759 3.6960 -81.4075
v -96.4759 23.5090 -81.4075
v -97.2999 23.9100 -79.1695
v -97.2999 3.6960 -79.1695
v -97.2999 3.6960 -79.1695
v -97.2999 23.9100 -79.1695
v -85.4269 23.9220 -74.8015
v -85.4269 3.6960 -74.8015
v -85.4269 3.6960 -74.8015
v -85.4269 23.9220 -74.8015
v -84.7769 23.6040 -76.5695
v -84.7769 3.6960 -76.5695
v -81.2369 3.6960 -60.8735
v -81.2369 23.6890 -60.8735
v -82.3189 23.5220 -60.2105
v -82.3189 3.6960 -60.2105
v -82.3189 3.6960 -60.2105
v -82.3189 23.5220 -60.2105
v -84.1279 23.5200 -60.8515
v -84.1279 3.6960 -60.8515
v -84.1279 3.6960 -60.8515
v -84.1279 23.5200 -60.8515
v -84.7179 23.6860 -62.1155
v -84.7179 3.6960 -62.1155
v -84.7179 3.6960 -62.1155
v -84.7179 23.6860 -62.1155
v -86.6019 23.6840 -62.7835
v -86.6019 3.6960 -62.7835
v -86.6019 3.6960 -62.7835
v -86.6019 23.6840 -62.7835
v -86.9349 23.5160 -61.8465
v -86.9349 3.6960 -61.8465
v -104.3409 3.6960 -68.0145
v -104.3409 23.4960 -68.0145
v -109.0489 23.4900 -69.6825
v -109.0489 3.6960 -69.6825
v -83.9069 3.6960 -76.9985
v -83.9069 23.4870 -76.9985
v -82.4689 23.4850 -76.4875
v -82.4689 3.6960 -76.4875
v -81.2369 3.6960 -60.8735
v -82.3189 3.6960 -60.2105
v -84.1279 3.6960 -60.8515
v -84.7179 3.6960 -62.1155
v -86.6019 3.6960 -62.7835
v -86.9349 3.6960 -61.8465
v -89.8509 3.6960 -62.8795
v -89.5159 3.6960 -63.8245
v -91.3949 3.6960 -64.4905
v -92.6739 3.6960 -63.8795
v -94.4549 3.6960 -64.5115
v -95.0629 3.6960 -65.7885
v -96.3429 3.6960 -65.1805
v -100.1979 3.6960 -66.5455
v -100.7979 3.6960 -67.8375
v -103.0579 3.6960 -68.6405
v -104.3409 3.6960 -68.0145
v -109.0489 3.6960 -69.6825
v -108.7059 3.6960 -70.6505
v -111.0329 3.6960 -71.4765
v -111.1419 3.6960 -71.5085
v -107.1809 3.6960 -82.7035
v -99.2239 3.6960 -79.8645
v -98.6399 3.6960 -81.5005
v -97.8659 3.6960 -81.9195
v -96.4759 3.6960 -81.4075
v -97.2999 3.6960 -79.1695
v -85.4269 3.6960 -74.8015
v -84.7769 3.6960 -76.5695
v -83.9069 3.6960 -76.9985
v -82.4689 3.6960 -76.4875
v -83.2849 3.6960 -74.1875
v -77.2679 3.6960 -72.0495
v -109.0489 23.4900 -69.6825
v -104.3409 23.4960 -68.0145
v -103.0579 23.6680 -68.6405
v -100.7979 23.6710 -67.8375
v -100.1979 23.5000 -66.5455
v -96.3429 23.5050 -65.1805
v -95.0629 23.6750 -65.7885
v -94.4549 23.5070 -64.5115
v -92.6739 23.5090 -63.8795
v -91.3949 23.6790 -64.4905
v -89.5159 23.6820 -63.8245
v -89.8509 23.5130 -62.8795
v -86.9349 23.5160 -61.8465
v -86.6019 23.6840 -62.7835
v -84.7179 23.6860 -62.1155
v -84.1279 23.5200 -60.8515
v -82.3189 23.5220 -60.2105
v -81.2369 23.6890 -60.8735
v -79.0529 24.7880 -67.0245
v -108.9059 24.7880 -77.8275
v -111.1419 23.6590 -71.5085
v -111.0329 23.6600 -71.4765
v -108.7059 23.6630 -70.6505
v -83.2849 23.8960 -74.1875
v -82.4689 23.4850 -76.4875
v -83.9069 23.4870 -76.9985
v -84.7769 23.6040 -76.5695
v -85.4269 23.9220 -74.8015
v -97.2999 23.9100 -79.1695
v -96.4759 23.5090 -81.4075
v -97.8659 23.5070 -81.9195
v -98.6399 23.6180 -81.5005
v -99.2239 23.9110 -79.8645
v -107.1809 23.9170 -82.7035
v -108.9059 24.7880 -77.8275
v -79.0529 24.7880 -67.0245
v -77.2679 23.8900 -72.0495
v -81.2369 3.6960 -60.8735
v -77.2679 3.6960 -72.0495
v -77.2679 23.8900 -72.0495
v -79.0529 24.7880 -67.0245
v -81.2369 23.6890 -60.8735
v -83.2849 23.8960 -74.1875
v -77.2679 23.8900 -72.0495
v -77.2679 3.6960 -72.0495
v -83.2849 3.6960 -74.1875
v -82.4689 23.4850 -76.4875
v -83.2849 23.8960 -74.1875
v -83.2849 3.6960 -74.1875
v -82.4689 3.6960 -76.4875
v -84.7769 23.6040 -76.5695
v -83.9069 23.4870 -76.9985
v -83.9069 3.6960 -76.9985
v -84.7769 3.6960 -76.5695
v -109.0489 23.4900 -69.6825
v -108.7059 23.6630 -70.6505
v -108.7059 3.6960 -70.6505
v -109.0489 3.6960 -69.6825
v -103.0579 23.6680 -68.6405
v -104.3409 23.4960 -68.0145
v -104.3409 3.6960 -68.0145
v -103.0579 3.6960 -68.6405
v -86.9349 23.5160 -61.8465
v -89.8509 23.5130 -62.8795
v -89.8509 3.6960 -62.8795
v -86.9349 3.6960 -61.8465
v -107.1809 3.6960 -82.7035
v -111.1419 3.6960 -71.5085
v -111.1419 23.6590 -71.5085
v -108.9059 24.7880 -77.8275
v -107.1809 23.9170 -82.7035
v -68.3389 19.5660 96.4475
v -58.8309 19.5660 91.2795
v -59.0589 19.5660 90.8595
v -54.7259 19.5660 88.5045
v -58.9569 19.5660 80.7145
v -64.5459 19.5660 83.7525
v -67.9169 19.5660 85.5875
v -68.7279 19.5660 84.0945
v -70.2289 19.5660 84.9105
v -69.4169 19.5660 86.4035
v -72.7989 19.5660 88.2405
v -72.7989 4.3520 88.2405
v -69.4169 4.3520 86.4035
v -70.2289 4.3520 84.9105
v -68.7279 4.3520 84.0945
v -67.9169 4.3520 85.5875
v -64.5459 4.3520 83.7525
v -58.9569 4.3520 80.7145
v -54.7259 4.3520 88.5045
v -59.0589 4.3520 90.8595
v -58.8309 4.3520 91.2795
v -68.3389 4.3520 96.4475
v -72.7989 4.3520 88.2405
v -72.7989 19.5660 88.2405
v -69.4169 19.5660 86.4035
v -69.4169 4.3520 86.4035
v -69.4169 4.3520 86.4035
v -69.4169 19.5660 86.4035
v -70.2289 19.5660 84.9105
v -70.2289 4.3520 84.9105
v -70.2289 4.3520 84.9105
v -70.2289 19.5660 84.9105
v -68.7279 19.5660 84.0945
v -68.7279 4.3520 84.0945
v -68.7279 4.3520 84.0945
v -68.7279 19.5660 84.0945
v -67.9169 19.5660 85.5875
v -67.9169 4.3520 85.5875
v -67.9169 4.3520 85.5875
v -67.9169 19.5660 85.5875
v -64.5459 19.5660 83.7525
v -64.5459 4.3520 83.7525
v -64.5459 4.3520 83.7525
v -64.5459 19.5660 83.7525
v -58.9569 19.5660 80.7145
v -58.9569 4.3520 80.7145
v -58.9569 4.3520 80.7145
v -58.9569 19.5660 80.7145
v -54.7259 19.5660 88.5045
v -54.7259 4.3520 88.5045
v -54.7259 4.3520 88.5045
v -54.7259 19.5660 88.5045
v -59.0589 19.5660 90.8595
v -59.0589 4.3520 90.8595
v -59.0589 4.3520 90.8595
v -59.0589 19.5660 90.8595
v -58.8309 19.5660 91.2795
v -58.8309 4.3520 91.2795
v -58.8309 4.3520 91.2795
v -58.8309 19.5660 91.2795
v -68.3389 19.5660 96.4475
v -68.3389 4.3520 96.4475
v -68.3389 4.3520 96.4475
v -68.3389 19.5660 96.4475
v -72.7989 19.5660 88.2405
v -72.7989 4.3520 88.2405
v -123.4329 24.3970 -85.1425
v -119.1289 24.3970 -73.2555
v -112.0159 24.3970 -70.7345
v -111.0329 24.3970 -71.4765
v -111.1419 24.3970 -71.5085
v -107.1809 24.3970 -82.7035
v -110.1289 24.3970 -89.7665
v -117.0039 24.3970 -87.2645
v -117.7169 24.3970 -89.3105
v -122.7549 24.3970 -87.4775
v -124.0759 24.3970 -85.6765
v -124.0759 3.9280 -85.6765
v -122.7549 3.9280 -87.4775
v -117.7169 3.9280 -89.3105
v -117.0039 3.9280 -87.2645
v -110.1289 3.9280 -89.7665
v -107.1809 3.9280 -82.7035
v -111.1419 3.9280 -71.5085
v -111.0329 3.9280 -71.4765
v -112.0159 3.9280 -70.7345
v -119.1289 3.9280 -73.2555
v -123.4329 3.9280 -85.1425
v -124.0759 3.9280 -85.6765
v -124.0759 24.3970 -85.6765
v -122.7549 24.3970 -87.4775
v -122.7549 3.9280 -87.4775
v -122.7549 3.9280 -87.4775
v -122.7549 24.3970 -87.4775
v -117.7169 24.3970 -89.3105
v -117.7169 3.9280 -89.3105
v -117.7169 3.9280 -89.3105
v -117.7169 24.3970 -89.3105
v -117.0039 24.3970 -87.2645
v -117.0039 3.9280 -87.2645
v -117.0039 3.9280 -87.2645
v -117.0039 24.3970 -87.2645
v -110.1289 24.3970 -89.7665
v -110.1289 3.9280 -89.7665
v -110.1289 3.9280 -89.7665
v -110.1289 24.3970 -89.7665
v -107.1809 24.3970 -82.7035
v -107.1809 3.9280 -82.7035
v -107.1809 3.9280 -82.7035
v -107.1809 24.3970 -82.7035
v -111.1419 24.3970 -71.5085
v -111.1419 3.9280 -71.5085
v -111.1419 3.9280 -71.5085
v -111.1419 24.3970 -71.5085
v -111.0329 24.3970 -71.4765
v -111.0329 3.9280 -71.4765
v -111.0329 3.9280 -71.4765
v -111.0329 24.3970 -71.4765
v -112.0159 24.3970 -70.7345
v -112.0159 3.9280 -70.7345
v -112.0159 3.9280 -70.7345
v -112.0159 24.3970 -70.7345
v -119.1289 24.3970 -73.2555
v -119.1289 3.9280 -73.2555
v -119.1289 3.9280 -73.2555
v -119.1289 24.3970 -73.2555
v -123.4329 24.3970 -85.1425
v -123.4329 3.9280 -85.1425
v -123.4329 3.9280 -85.1425
v -123.4329 24.3970 -85.1425
v -124.0759 24.3970 -85.6765
v -124.0759 3.9280 -85.6765
v -105.9229 9.7770 29.1785
v -93.6419 9.7770 22.4785
v -96.2099 9.7770 17.7725
v -108.4889 9.7770 24.4865
v -108.4889 3.8890 24.4865
v -96.2099 3.8890 17.7725
v -93.6419 3.8890 22.4785
v -105.9229 3.8890 29.1785
v -108.4889 3.8890 24.4865
v -108.4889 9.7770 24.4865
v -96.2099 9.7770 17.7725
v -96.2099 3.8890 17.7725
v -96.2099 3.8890 17.7725
v -96.2099 9.7770 17.7725
v -93.6419 9.7770 22.4785
v -93.6419 3.8890 22.4785
v -93.6419 3.8890 22.4785
v -93.6419 9.7770 22.4785
v -105.9229 9.7770 29.1785
v -105.9229 3.8890 29.1785
v -105.9229 3.8890 29.1785
v -105.9229 9.7770 29.1785
v -108.4889 9.7770 24.4865
v -108.4889 3.8890 24.4865
v -69.7939 14.4430 118.5355
v -62.6149 14.4420 112.9655
v -64.1219 13.4680 111.0235
v -71.3029 13.4670 116.5895
v -65.5499 4.9960 140.3075
v -65.5499 31.4360 140.3075
v -77.6249 31.4360 124.6905
v -77.6249 4.9960 124.6905
v -71.3029 4.9960 116.5895
v -71.3029 13.4670 116.5895
v -64.1219 13.4680 111.0235
v -64.1219 4.9960 111.0235
v -69.7939 14.4430 118.5355
v -69.7939 31.4360 118.5355
v -62.6149 31.4360 112.9655
v -62.6149 14.4420 112.9655
v -58.3899 4.9960 109.7605
v -58.3899 31.4360 109.7605
v -55.0939 31.4360 114.0035
v -55.0939 4.9960 114.0035
v -55.0939 4.9960 114.0035
v -55.0939 31.4360 114.0035
v -54.1629 31.4360 115.1995
v -54.1629 4.9960 115.1995
v -54.1629 4.9960 115.1995
v -54.1629 31.4360 115.1995
v -52.4449 31.4360 117.4125
v -52.4449 4.9960 117.4125
v -52.4449 4.9960 117.4125
v -52.4449 31.4360 117.4125
v -51.3519 31.4360 118.8185
v -51.3519 4.9960 118.8185
v -51.3519 4.9960 118.8185
v -51.3519 31.4360 118.8185
v -46.2749 31.4360 125.3535
v -46.2749 4.9960 125.3535
v -46.2749 31.4360 125.3535
v -51.3519 31.4360 118.8185
v -52.4449 31.4360 117.4125
v -54.1629 31.4360 115.1995
v -55.0939 31.4360 114.0035
v -58.3899 31.4360 109.7605
v -62.5789 31.4360 113.0125
v -62.6149 31.4360 112.9655
v -69.7939 31.4360 118.5355
v -69.7489 31.4360 118.5945
v -77.6249 31.4360 124.6905
v -65.5499 31.4360 140.3075
v -65.5499 4.9960 140.3075
v -77.6249 4.9960 124.6905
v -69.7489 4.9960 118.5945
v -71.3029 4.9960 116.5895
v -64.1219 4.9960 111.0235
v -62.5789 4.9960 113.0125
v -58.3899 4.9960 109.7605
v -55.0939 4.9960 114.0035
v -54.1629 4.9960 115.1995
v -52.4449 4.9960 117.4125
v -51.3519 4.9960 118.8185
v -46.2749 4.9960 125.3535
v -65.5499 4.9960 140.3075
v -46.2749 4.9960 125.3535
v -46.2749 31.4360 125.3535
v -65.5499 31.4360 140.3075
v -58.3899 4.9960 109.7605
v -62.5789 4.9960 113.0125
v -62.5789 31.4360 113.0125
v -58.3899 31.4360 109.7605
v -71.3029 4.9960 116.5895
v -69.7489 4.9960 118.5945
v -69.7489 31.4360 118.5945
v -69.7939 31.4360 118.5355
v -69.7939 14.4430 118.5355
v -71.3029 13.4670 116.5895
v -62.5789 4.9960 113.0125
v -64.1219 4.9960 111.0235
v -64.1219 13.4680 111.0235
v -62.6149 14.4420 112.9655
v -62.6149 31.4360 112.9655
v -62.5789 31.4360 113.0125
v -69.7489 4.9960 118.5945
v -77.6249 4.9960 124.6905
v -77.6249 31.4360 124.6905
v -69.7489 31.4360 118.5945
v -120.0329 4.0640 36.8775
v -121.2989 4.0640 34.5565
v -118.6429 4.0640 33.1085
v -117.3769 4.0640 35.4285
v -117.3769 6.2340 35.4285
v -118.6429 6.2340 33.1085
v -121.2989 6.2340 34.5565
v -120.0329 6.2340 36.8775
v -120.0329 6.2340 36.8775
v -121.2989 6.2340 34.5565
v -121.2989 4.0640 34.5565
v -120.0329 4.0640 36.8775
v -121.2989 6.2340 34.5565
v -118.6429 6.2340 33.1085
v -118.6429 4.0640 33.1085
v -121.2989 4.0640 34.5565
v -118.6429 6.2340 33.1085
v -117.3769 6.2340 35.4285
v -117.3769 4.0640 35.4285
v -118.6429 4.0640 33.1085
v -117.3769 6.2340 35.4285
v -120.0329 6.2340 36.8775
v -120.0329 4.0640 36.8775
v -117.3769 4.0640 35.4285
v -144.4649 27.0810 77.0185
v -139.9159 27.0810 79.1675
v -139.8989 27.0850 79.1585
v -137.4409 29.4770 68.6205
v -144.4679 27.0840 77.0035
v -139.9159 4.8670 79.1675
v -139.9159 27.0810 79.1675
v -144.4649 27.0810 77.0185
v -144.4649 4.8670 77.0185
v -139.2939 4.8670 54.1085
v -139.2939 29.2200 54.1085
v -138.8779 29.1350 54.6865
v -138.8779 4.8670 54.6865
v -138.8779 4.8670 54.6865
v -138.8779 29.1350 54.6865
v -132.6649 27.3510 53.5075
v -132.6649 4.8670 53.5075
v -132.6649 4.8670 53.5075
v -132.6649 27.3510 53.5075
v -132.1749 27.3520 56.0905
v -132.1749 4.8670 56.0905
v -131.9779 4.8670 57.6325
v -131.9779 27.3940 57.6325
v -131.1909 27.1000 56.0755
v -131.1909 4.8670 56.0755
v -129.1819 4.8670 55.0095
v -129.1819 27.1080 55.0095
v -126.1849 29.0010 60.6515
v -126.1849 4.8670 60.6515
v -126.1849 4.8670 60.6515
v -126.1849 29.0010 60.6515
v -125.2949 29.2250 61.0265
v -125.2949 4.8670 61.0265
v -139.9159 4.8670 79.1675
v -144.4649 4.8670 77.0185
v -148.5169 4.8670 55.8735
v -139.2939 4.8670 54.1085
v -138.8779 4.8670 54.6865
v -132.6649 4.8670 53.5075
v -132.1749 4.8670 56.0905
v -132.7569 4.8670 57.2385
v -131.9779 4.8670 57.6325
v -131.1909 4.8670 56.0755
v -129.1819 4.8670 55.0095
v -126.1849 4.8670 60.6515
v -125.2949 4.8670 61.0265
v -121.0249 4.8670 68.8635
v -140.1889 29.4770 54.2795
v -139.2939 29.2200 54.1085
v -139.2939 4.8670 54.1085
v -148.5169 4.8670 55.8735
v -148.5169 27.0840 55.8735
v -148.5169 27.0840 55.8735
v -148.5169 4.8670 55.8735
v -144.4649 4.8670 77.0185
v -144.4649 27.0810 77.0185
v -144.4679 27.0840 77.0035
v -139.8989 27.0850 79.1585
v -139.9159 27.0810 79.1675
v -139.9159 4.8670 79.1675
v -121.0249 4.8670 68.8635
v -121.0249 27.0850 68.8635
v -121.0249 4.8670 68.8635
v -125.2949 4.8670 61.0265
v -125.2949 29.2250 61.0265
v -124.8879 29.4770 61.7735
v -121.0249 27.0850 68.8635
v -129.1819 27.1080 55.0095
v -129.1819 4.8670 55.0095
v -131.1909 4.8670 56.0755
v -131.1909 27.1000 56.0755
v -131.9779 4.8670 57.6325
v -132.7569 4.8670 57.2385
v -132.7569 27.5740 57.2385
v -132.0049 27.3860 57.6185
v -131.9779 27.3940 57.6325
v -132.7569 27.5740 57.2385
v -132.7569 4.8670 57.2385
v -132.1749 4.8670 56.0905
v -132.1749 27.3520 56.0905
v -129.1819 27.1080 55.0095
v -131.1909 27.1000 56.0755
v -131.9779 27.3940 57.6325
v -132.0049 27.3860 57.6185
v -137.4409 29.4770 68.6205
v -129.5779 29.4770 64.3315
v -124.8879 29.4770 61.7735
v -125.2949 29.2250 61.0265
v -126.1849 29.0010 60.6515
v -139.8989 27.0850 79.1585
v -121.0249 27.0850 68.8635
v -124.8879 29.4770 61.7735
v -129.5779 29.4770 64.3315
v -137.4409 29.4770 68.6205
v -132.7569 27.5740 57.2385
v -132.1749 27.3520 56.0905
v -132.6649 27.3510 53.5075
v -138.8779 29.1350 54.6865
v -139.2939 29.2200 54.1085
v -140.1889 29.4770 54.2795
v -139.0459 29.4770 60.2425
v -137.4409 29.4770 68.6205
v -132.0049 27.3860 57.6185
v -148.5169 27.0840 55.8735
v -144.4679 27.0840 77.0035
v -137.4409 29.4770 68.6205
v -139.0459 29.4770 60.2425
v -140.1889 29.4770 54.2795
v -62.0449 26.4710 75.0305
v -61.5519 26.4710 74.7625
v -59.5399 26.4710 73.6695
v -48.1719 26.4680 67.4885
v -51.0259 27.4170 62.2395
v -51.8679 27.4170 62.6965
v -52.6269 27.6690 61.3015
v -51.1479 27.6690 60.4975
v -55.5359 29.1230 52.4485
v -67.5789 29.1230 59.0125
v -69.5709 29.1230 60.0995
v -70.0229 29.1230 60.3455
v -59.5399 4.0050 73.6695
v -61.5519 4.0050 74.7625
v -62.0449 4.0050 75.0305
v -70.0229 4.0050 60.3455
v -69.5709 4.0050 60.0995
v -67.5789 4.0050 59.0125
v -55.5359 4.0050 52.4485
v -51.1479 4.0050 60.4975
v -52.6269 4.0050 61.3015
v -51.8679 4.0050 62.6965
v -51.0259 4.0050 62.2395
v -48.1719 4.0050 67.4885
v -70.0229 4.0050 60.3455
v -70.0229 29.1230 60.3455
v -69.5709 29.1230 60.0995
v -69.5709 4.0050 60.0995
v -69.5709 4.0050 60.0995
v -69.5709 29.1230 60.0995
v -67.5789 29.1230 59.0125
v -67.5789 4.0050 59.0125
v -67.5789 4.0050 59.0125
v -67.5789 29.1230 59.0125
v -55.5359 29.1230 52.4485
v -55.5359 4.0050 52.4485
v -55.5359 4.0050 52.4485
v -55.5359 29.1230 52.4485
v -51.1479 27.6690 60.4975
v -51.1479 4.0050 60.4975
v -51.1479 4.0050 60.4975
v -51.1479 27.6690 60.4975
v -52.6269 27.6690 61.3015
v -52.6269 4.0050 61.3015
v -52.6269 4.0050 61.3015
v -52.6269 27.6690 61.3015
v -51.8679 27.4170 62.6965
v -51.8679 4.0050 62.6965
v -51.8679 4.0050 62.6965
v -51.8679 27.4170 62.6965
v -51.0259 27.4170 62.2395
v -51.0259 4.0050 62.2395
v -51.0259 4.0050 62.2395
v -51.0259 27.4170 62.2395
v -48.1719 26.4680 67.4885
v -48.1719 4.0050 67.4885
v -59.5399 4.0050 73.6695
v -59.5399 26.4710 73.6695
v -61.5519 26.4710 74.7625
v -61.5519 4.0050 74.7625
v -61.5519 4.0050 74.7625
v -61.5519 26.4710 74.7625
v -62.0449 26.4710 75.0305
v -62.0449 4.0050 75.0305
v -70.0229 4.0050 60.3455
v -62.0449 4.0050 75.0305
v -62.0449 26.4710 75.0305
v -70.0229 29.1230 60.3455
v -59.5399 4.0050 73.6695
v -48.1719 4.0050 67.4885
v -48.1719 26.4680 67.4885
v -59.5399 26.4710 73.6695
v -44.4339 4.1170 72.8165
v -44.4339 16.7770 72.8165
v -40.2879 16.7770 80.4245
v -40.2879 4.1170 80.4245
v -54.1849 4.1170 89.4985
v -54.1849 16.7770 89.4985
v -54.7259 16.7770 88.5045
v -54.7259 4.1170 88.5045
v -44.4339 16.7770 72.8165
v -44.4339 4.1170 72.8165
v -58.9569 4.1170 80.7145
v -58.9569 16.7770 80.7145
v -40.2879 4.1170 80.4245
v -40.2879 16.7770 80.4245
v -54.1849 16.7770 89.4985
v -54.1849 4.1170 89.4985
v -54.7259 4.1170 88.5045
v -54.7259 16.7770 88.5045
v -58.9569 16.7770 80.7145
v -58.9569 4.1170 80.7145
v -54.7259 4.1170 88.5045
v -58.9569 4.1170 80.7145
v -44.4339 4.1170 72.8165
v -40.2879 4.1170 80.4245
v -54.1849 4.1170 89.4985
v -58.9569 16.7770 80.7145
v -54.7259 16.7770 88.5045
v -54.1849 16.7770 89.4985
v -40.2879 16.7770 80.4245
v -44.4339 16.7770 72.8165
v -116.6599 28.1950 14.7615
v -102.8699 28.1950 7.2455
v -103.9219 27.5900 5.2915
v -103.4619 27.4570 4.4845
v -106.8569 25.5220 -1.7375
v -121.3299 25.5220 6.1505
v -116.5179 28.1140 15.0225
v -115.1019 28.1120 14.2585
v -110.6129 25.5280 22.5955
v -98.2049 25.5100 15.9105
v -102.8699 28.1950 7.2455
v -116.6599 28.1950 14.7615
v -121.3299 3.8540 6.1505
v -121.3299 25.5220 6.1505
v -106.8569 25.5220 -1.7375
v -106.8569 3.8540 -1.7375
v -106.8569 3.8540 -1.7375
v -106.8569 25.5220 -1.7375
v -103.4619 27.4570 4.4845
v -103.4619 3.8540 4.4845
v -103.4619 3.8540 4.4845
v -103.4619 27.4570 4.4845
v -103.9219 27.5900 5.2915
v -103.9219 3.8540 5.2915
v -98.2049 3.8540 15.9105
v -98.2049 25.5100 15.9105
v -110.6129 25.5280 22.5955
v -110.6129 3.8540 22.5955
v -110.6129 3.8540 22.5955
v -110.6129 25.5280 22.5955
v -115.1019 28.1120 14.2585
v -115.1019 3.8540 14.2585
v -115.1019 3.8540 14.2585
v -115.1019 28.1120 14.2585
v -116.5179 28.1140 15.0225
v -116.5179 3.8540 15.0225
v -116.5179 3.8540 15.0225
v -116.5179 28.1140 15.0225
v -116.6599 28.1950 14.7615
v -121.3299 25.5220 6.1505
v -121.3299 3.8540 6.1505
v -103.9219 3.8540 5.2915
v -103.9219 27.5900 5.2915
v -102.8699 28.1950 7.2455
v -98.2049 25.5100 15.9105
v -98.2049 3.8540 15.9105
v -103.9219 3.8540 5.2915
v -98.2049 3.8540 15.9105
v -110.6129 3.8540 22.5955
v -115.1019 3.8540 14.2585
v -116.5179 3.8540 15.0225
v -121.3299 3.8540 6.1505
v -106.8569 3.8540 -1.7375
v -103.4619 3.8540 4.4845
v -107.8389 3.7630 126.5645
v -129.1889 3.7630 123.2975
v -144.0559 3.7630 121.0225
v -141.6369 3.7630 105.2125
v -132.2199 3.7630 106.6565
v -130.9429 3.7630 106.8525
v -131.4649 3.7630 110.2525
v -120.2269 3.7630 111.9805
v -114.4479 3.7630 119.1185
v -108.4209 3.7630 118.1345
v -105.6299 3.7630 123.2485
v -105.6299 29.9400 123.2485
v -108.4209 29.9400 118.1345
v -114.4479 29.9400 119.1185
v -120.2269 29.9400 111.9805
v -131.4649 29.9400 110.2525
v -130.9429 29.9400 106.8525
v -132.2199 29.9400 106.6565
v -141.6369 29.9400 105.2125
v -144.0559 29.9400 121.0225
v -129.1889 29.9400 123.2975
v -107.8389 29.9400 126.5645
v -107.8389 29.9400 126.5645
v -129.1889 29.9400 123.2975
v -129.1889 3.7630 123.2975
v -107.8389 3.7630 126.5645
v -129.1889 29.9400 123.2975
v -144.0559 29.9400 121.0225
v -144.0559 3.7630 121.0225
v -129.1889 3.7630 123.2975
v -144.0559 29.9400 121.0225
v -141.6369 29.9400 105.2125
v -141.6369 3.7630 105.2125
v -144.0559 3.7630 121.0225
v -141.6369 29.9400 105.2125
v -132.2199 29.9400 106.6565
v -132.2199 3.7630 106.6565
v -141.6369 3.7630 105.2125
v -132.2199 29.9400 106.6565
v -130.9429 29.9400 106.8525
v -130.9429 3.7630 106.8525
v -132.2199 3.7630 106.6565
v -130.9429 29.9400 106.8525
v -131.4649 29.9400 110.2525
v -131.4649 3.7630 110.2525
v -130.9429 3.7630 106.8525
v -131.4649 29.9400 110.2525
v -120.2269 29.9400 111.9805
v -120.2269 3.7630 111.9805
v -131.4649 3.7630 110.2525
v -120.2269 29.9400 111.9805
v -114.4479 29.9400 119.1185
v -114.4479 3.7630 119.1185
v -120.2269 3.7630 111.9805
v -114.4479 29.9400 119.1185
v -108.4209 29.9400 118.1345
v -108.4209 3.7630 118.1345
v -114.4479 3.7630 119.1185
v -108.4209 29.9400 118.1345
v -105.6299 29.9400 123.2485
v -105.6299 3.7630 123.2485
v -108.4209 3.7630 118.1345
v -105.6299 29.9400 123.2485
v -107.8389 29.9400 126.5645
v -107.8389 3.7630 126.5645
v -105.6299 3.7630 123.2485
v -121.0249 29.5730 68.8635
v -107.4949 29.5730 61.4855
v -112.7849 27.7280 51.7795
v -114.0149 27.7270 52.4445
v -117.1319 26.6350 46.6925
v -127.9699 26.6300 52.5685
v -124.9279 27.6940 58.1705
v -126.4119 27.6940 58.9765
v -126.4119 4.3200 58.9765
v -124.9279 4.3200 58.1705
v -127.9699 4.3200 52.5685
v -117.1319 4.3200 46.6925
v -114.0149 4.3200 52.4445
v -112.7849 4.3200 51.7795
v -107.4949 4.3200 61.4855
v -121.0249 4.3200 68.8635
v -127.9699 4.3200 52.5685
v -127.9699 26.6300 52.5685
v -117.1319 26.6350 46.6925
v -117.1319 4.3200 46.6925
v -117.1319 4.3200 46.6925
v -117.1319 26.6350 46.6925
v -114.0149 27.7270 52.4445
v -114.0149 4.3200 52.4445
v -114.0149 4.3200 52.4445
v -114.0149 27.7270 52.4445
v -112.7849 27.7280 51.7795
v -112.7849 4.3200 51.7795
v -112.7849 4.3200 51.7795
v -112.7849 27.7280 51.7795
v -107.4949 29.5730 61.4855
v -107.4949 4.3200 61.4855
v -107.4949 4.3200 61.4855
v -107.4949 29.5730 61.4855
v -121.0249 29.5730 68.8635
v -121.0249 4.3200 68.8635
v -126.4119 4.3200 58.9765
v -126.4119 27.6940 58.9765
v -124.9279 27.6940 58.1705
v -124.9279 4.3200 58.1705
v -124.9279 4.3200 58.1705
v -124.9279 27.6940 58.1705
v -127.9699 26.6300 52.5685
v -127.9699 4.3200 52.5685
v -126.4119 4.3200 58.9765
v -121.0249 4.3200 68.8635
v -121.0249 29.5730 68.8635
v -126.4119 27.6940 58.9765
v -64.5459 8.0480 83.7525
v -58.9569 8.0480 80.7145
v -60.8209 7.2700 77.2845
v -66.4109 7.2700 80.3225
v -66.4109 4.2760 80.3225
v -60.8209 4.2760 77.2845
v -58.9569 4.2760 80.7145
v -64.5459 4.2760 83.7525
v -66.4109 4.2760 80.3225
v -66.4109 7.2700 80.3225
v -60.8209 7.2700 77.2845
v -60.8209 4.2760 77.2845
v -60.8209 4.2760 77.2845
v -60.8209 7.2700 77.2845
v -58.9569 8.0480 80.7145
v -58.9569 4.2760 80.7145
v -58.9569 4.2760 80.7145
v -58.9569 8.0480 80.7145
v -64.5459 8.0480 83.7525
v -64.5459 4.2760 83.7525
v -64.5459 4.2760 83.7525
v -64.5459 8.0480 83.7525
v -66.4109 7.2700 80.3225
v -66.4109 4.2760 80.3225
v -75.9039 27.0870 82.5265
v -75.5039 27.0860 82.3095
v -73.2739 27.0860 81.0975
v -71.7949 27.0850 80.2955
v -71.2299 26.9200 81.3345
v -65.5399 26.9180 78.2475
v -66.0689 27.0730 77.2725
v -62.7919 27.0720 75.4945
v -65.7719 27.9450 70.0045
v -66.2479 27.9450 70.2635
v -66.9229 28.1430 69.0175
v -65.6789 28.1430 68.3425
v -70.0229 29.4150 60.3455
v -83.4539 29.4150 67.6665
v -83.8599 29.4150 67.8875
v -70.0229 4.2580 60.3455
v -65.6789 4.2580 68.3425
v -66.9229 4.2580 69.0175
v -66.2479 4.2580 70.2635
v -65.7719 4.2580 70.0045
v -62.7919 4.2580 75.4945
v -66.0689 4.2580 77.2725
v -65.5399 4.2580 78.2475
v -71.2299 4.2580 81.3345
v -71.7949 4.2580 80.2955
v -73.2739 4.2580 81.0975
v -75.5039 4.2580 82.3095
v -75.9039 4.2580 82.5265
v -83.8599 4.2580 67.8875
v -83.4539 4.2580 67.6665
v -83.8599 4.2580 67.8875
v -83.8599 29.4150 67.8875
v -83.4539 29.4150 67.6665
v -83.4539 4.2580 67.6665
v -70.0229 4.2580 60.3455
v -70.0229 29.4150 60.3455
v -65.6789 28.1430 68.3425
v -65.6789 4.2580 68.3425
v -65.6789 4.2580 68.3425
v -65.6789 28.1430 68.3425
v -66.9229 28.1430 69.0175
v -66.9229 4.2580 69.0175
v -66.9229 4.2580 69.0175
v -66.9229 28.1430 69.0175
v -66.2479 27.9450 70.2635
v -66.2479 4.2580 70.2635
v -66.2479 4.2580 70.2635
v -66.2479 27.9450 70.2635
v -65.7719 27.9450 70.0045
v -65.7719 4.2580 70.0045
v -65.7719 4.2580 70.0045
v -65.7719 27.9450 70.0045
v -62.7919 27.0720 75.4945
v -62.7919 4.2580 75.4945
v -62.7919 4.2580 75.4945
v -62.7919 27.0720 75.4945
v -66.0689 27.0730 77.2725
v -66.0689 4.2580 77.2725
v -66.0689 4.2580 77.2725
v -66.0689 27.0730 77.2725
v -65.5399 26.9180 78.2475
v -65.5399 4.2580 78.2475
v -65.5399 4.2580 78.2475
v -65.5399 26.9180 78.2475
v -71.2299 26.9200 81.3345
v -71.2299 4.2580 81.3345
v -71.2299 4.2580 81.3345
v -71.2299 26.9200 81.3345
v -71.7949 27.0850 80.2955
v -71.7949 4.2580 80.2955
v -71.7949 4.2580 80.2955
v -71.7949 27.0850 80.2955
v -73.2739 27.0860 81.0975
v -73.2739 4.2580 81.0975
v -73.2739 4.2580 81.0975
v -73.2739 27.0860 81.0975
v -75.5039 27.0860 82.3095
v -75.5039 4.2580 82.3095
v -75.5039 4.2580 82.3095
v -75.5039 27.0860 82.3095
v -75.9039 27.0870 82.5265
v -75.9039 4.2580 82.5265
v -83.8599 4.2580 67.8875
v -75.9039 4.2580 82.5265
v -75.9039 27.0870 82.5265
v -83.8599 29.4150 67.8875
v -70.0229 4.2580 60.3455
v -83.4539 4.2580 67.6665
v -83.4539 29.4150 67.6665
v -70.0229 29.4150 60.3455
v -148.5169 22.8100 55.8735
v -141.0289 29.0600 54.4405
v -141.3089 29.0610 52.9725
v -140.7779 29.5040 52.8715
v -143.5689 29.5040 38.3015
v -144.4559 28.7640 38.4705
v -144.5869 28.7640 37.7905
v -151.7179 22.8100 39.1635
v -140.7779 29.5040 52.8715
v -133.5589 23.4790 51.4945
v -134.2299 23.4750 47.9675
v -133.4359 22.8120 47.8155
v -134.6869 22.8040 41.2355
v -135.3249 23.3370 41.3565
v -136.1759 23.3330 36.8885
v -143.5689 29.5040 38.3015
v -151.7179 4.6070 39.1635
v -151.7179 22.8100 39.1635
v -144.5869 28.7640 37.7905
v -144.5869 4.6070 37.7905
v -144.5869 4.6070 37.7905
v -144.5869 28.7640 37.7905
v -144.4559 28.7640 38.4705
v -144.4559 4.6070 38.4705
v -141.3089 4.6070 52.9725
v -141.3089 29.0610 52.9725
v -141.0289 29.0600 54.4405
v -141.0289 4.6070 54.4405
v -141.0289 4.6070 54.4405
v -141.0289 29.0600 54.4405
v -148.5169 22.8100 55.8735
v -148.5169 4.6070 55.8735
v -148.5169 4.6070 55.8735
v -148.5169 22.8100 55.8735
v -151.7179 22.8100 39.1635
v -151.7179 4.6070 39.1635
v -136.1759 4.6070 36.8885
v -136.1759 23.3330 36.8885
v -135.3249 23.3370 41.3565
v -135.3249 4.6070 41.3565
v -135.3249 4.6070 41.3565
v -135.3249 23.3370 41.3565
v -134.6869 22.8040 41.2355
v -134.6869 4.6070 41.2355
v -134.6869 4.6070 41.2355
v -134.6869 22.8040 41.2355
v -133.4359 22.8120 47.8155
v -133.4359 4.6070 47.8155
v -133.4359 4.6070 47.8155
v -133.4359 22.8120 47.8155
v -134.2299 23.4750 47.9675
v -134.2299 4.6070 47.9675
v -134.2299 4.6070 47.9675
v -134.2299 23.4750 47.9675
v -133.5589 23.4790 51.4945
v -133.5589 4.6070 51.4945
v -133.5589 4.6070 51.4945
v -133.5589 23.4790 51.4945
v -140.7779 29.5040 52.8715
v -141.3089 29.0610 52.9725
v -141.3089 4.6070 52.9725
v -144.4559 4.6070 38.4705
v -144.4559 28.7640 38.4705
v -143.5689 29.5040 38.3015
v -136.1759 23.3330 36.8885
v -136.1759 4.6070 36.8885
v -144.4559 4.6070 38.4705
v -136.1759 4.6070 36.8885
v -135.3249 4.6070 41.3565
v -134.6869 4.6070 41.2355
v -133.4359 4.6070 47.8155
v -134.2299 4.6070 47.9675
v -133.5589 4.6070 51.4945
v -141.3089 4.6070 52.9725
v -141.0289 4.6070 54.4405
v -148.5169 4.6070 55.8735
v -151.7179 4.6070 39.1635
v -144.5869 4.6070 37.7905
v -80.1559 4.5580 81.9945
v -77.2059 4.5580 80.1305
v -75.9039 4.5580 82.5265
v -75.7529 4.5580 82.8035
v -78.5159 4.5580 84.3055
v -78.5159 7.2710 84.3055
v -75.7529 7.2710 82.8035
v -75.9039 7.2710 82.5265
v -77.2059 7.2710 80.1305
v -80.1559 7.2710 81.9945
v -80.1559 7.2710 81.9945
v -77.2059 7.2710 80.1305
v -77.2059 4.5580 80.1305
v -80.1559 4.5580 81.9945
v -77.2059 7.2710 80.1305
v -75.9039 7.2710 82.5265
v -75.9039 4.5580 82.5265
v -77.2059 4.5580 80.1305
v -75.9039 7.2710 82.5265
v -75.7529 7.2710 82.8035
v -75.7529 4.5580 82.8035
v -75.9039 4.5580 82.5265
v -75.7529 7.2710 82.8035
v -78.5159 7.2710 84.3055
v -78.5159 4.5580 84.3055
v -75.7529 4.5580 82.8035
v -78.5159 7.2710 84.3055
v -80.1559 7.2710 81.9945
v -80.1559 4.5580 81.9945
v -78.5159 4.5580 84.3055
v -77.0179 23.5710 -59.3745
v -76.4319 23.3860 -58.1015
v -74.4179 23.3860 -57.3855
v -73.1399 23.5700 -57.9955
v -70.8819 23.5700 -57.1915
v -70.2859 23.3850 -55.9175
v -68.2629 23.3840 -55.1955
v -67.0069 23.5680 -55.8065
v -63.1899 23.5680 -54.4575
v -60.9629 24.7990 -60.7555
v -79.0079 24.7990 -67.1485
v -81.2369 23.5720 -60.8735
v -60.9629 24.7990 -60.7555
v -59.2049 23.8280 -65.7245
v -67.3619 23.8290 -68.6085
v -66.5579 23.3850 -70.8825
v -68.0019 23.3850 -71.3925
v -68.5969 23.5090 -70.8895
v -69.2019 23.8420 -69.1845
v -77.2679 23.8410 -72.0495
v -79.0079 24.7990 -67.1485
v -63.1899 3.6570 -54.4575
v -63.1899 23.5680 -54.4575
v -67.0069 23.5680 -55.8065
v -67.0069 3.6570 -55.8065
v -67.0069 3.6570 -55.8065
v -67.0069 23.5680 -55.8065
v -68.2629 23.3840 -55.1955
v -68.2629 3.6570 -55.1955
v -68.2629 3.6570 -55.1955
v -68.2629 23.3840 -55.1955
v -70.2859 23.3850 -55.9175
v -70.2859 3.6570 -55.9175
v -70.2859 3.6570 -55.9175
v -70.2859 23.3850 -55.9175
v -70.8819 23.5700 -57.1915
v -70.8819 3.6570 -57.1915
v -70.8819 3.6570 -57.1915
v -70.8819 23.5700 -57.1915
v -73.1399 23.5700 -57.9955
v -73.1399 3.6570 -57.9955
v -73.1399 3.6570 -57.9955
v -73.1399 23.5700 -57.9955
v -74.4179 23.3860 -57.3855
v -74.4179 3.6570 -57.3855
v -74.4179 3.6570 -57.3855
v -74.4179 23.3860 -57.3855
v -76.4319 23.3860 -58.1015
v -76.4319 3.6570 -58.1015
v -76.4319 3.6570 -58.1015
v -76.4319 23.3860 -58.1015
v -77.0179 23.5710 -59.3745
v -77.0179 3.6570 -59.3745
v -77.0179 3.6570 -59.3745
v -77.0179 23.5710 -59.3745
v -81.2369 23.5720 -60.8735
v -81.2369 3.6570 -60.8735
v -77.2679 3.6570 -72.0495
v -77.2679 23.8410 -72.0495
v -69.2019 23.8420 -69.1845
v -69.2019 3.6570 -69.1845
v -69.2019 3.6570 -69.1845
v -69.2019 23.8420 -69.1845
v -68.5969 23.5090 -70.8895
v -68.5969 3.6570 -70.8895
v -68.5969 3.6570 -70.8895
v -68.5969 23.5090 -70.8895
v -68.0019 23.3850 -71.3925
v -68.0019 3.6570 -71.3925
v -68.0019 3.6570 -71.3925
v -68.0019 23.3850 -71.3925
v -66.5579 23.3850 -70.8825
v -66.5579 3.6570 -70.8825
v -66.5579 3.6570 -70.8825
v -66.5579 23.3850 -70.8825
v -67.3619 23.8290 -68.6085
v -67.3619 3.6570 -68.6085
v -67.3619 3.6570 -68.6085
v -67.3619 23.8290 -68.6085
v -59.2049 23.8280 -65.7245
v -59.2049 3.6570 -65.7245
v -59.2049 3.6570 -65.7245
v -59.2049 23.8280 -65.7245
v -60.9629 24.7990 -60.7555
v -63.1899 23.5680 -54.4575
v -63.1899 3.6570 -54.4575
v -81.2369 3.6570 -60.8735
v -81.2369 23.5720 -60.8735
v -79.0079 24.7990 -67.1485
v -77.2679 23.8410 -72.0495
v -77.2679 3.6570 -72.0495
v -81.2369 3.6570 -60.8735
v -77.2679 3.6570 -72.0495
v -69.2019 3.6570 -69.1845
v -68.5969 3.6570 -70.8895
v -68.0019 3.6570 -71.3925
v -66.5579 3.6570 -70.8825
v -67.3619 3.6570 -68.6085
v -59.2049 3.6570 -65.7245
v -63.1899 3.6570 -54.4575
v -67.0069 3.6570 -55.8065
v -68.2629 3.6570 -55.1955
v -70.2859 3.6570 -55.9175
v -70.8819 3.6570 -57.1915
v -73.1399 3.6570 -57.9955
v -74.4179 3.6570 -57.3855
v -76.4319 3.6570 -58.1015
v -77.0179 3.6570 -59.3745
v -82.7229 25.9780 10.3505
v -80.1189 25.9780 15.0995
v -77.1419 25.9780 13.4755
v -81.3229 25.9780 5.8475
v -83.7789 25.9780 1.3685
v -86.7519 25.9780 2.9985
v -83.7629 27.1910 1.2935
v -83.7349 27.1770 1.3445
v -83.7789 27.1770 1.3685
v -81.3229 25.9780 5.8475
v -77.1419 23.9370 13.4755
v -66.6189 23.9370 7.7345
v -70.9759 26.0700 -0.2435
v -73.2439 27.1800 -4.3955
v -73.2869 27.1800 -4.3725
v -73.3079 27.1910 -4.4105
v -70.9759 26.0700 -0.2435
v -66.6189 26.0700 7.7345
v -64.2349 26.0700 6.4335
v -70.8619 26.0700 -5.6975
v -73.2439 26.0700 -4.3955
v -81.3229 25.9780 5.8475
v -77.1419 25.9780 13.4755
v -77.1419 23.9370 13.4755
v -80.1189 3.1390 15.0995
v -80.1189 25.9780 15.0995
v -82.7229 25.9780 10.3505
v -82.7229 3.1390 10.3505
v -82.7229 3.1390 10.3505
v -82.7229 25.9780 10.3505
v -86.7519 25.9780 2.9985
v -86.7519 3.1390 2.9985
v -73.2439 26.0700 -4.3955
v -73.2439 27.1800 -4.3955
v -70.9759 26.0700 -0.2435
v -81.3229 25.9780 5.8475
v -83.7789 27.1770 1.3685
v -83.7789 25.9780 1.3685
v -73.6129 3.1390 -12.4275
v -73.6129 26.2440 -12.4275
v -72.1369 24.7850 -9.7255
v -72.1369 3.1390 -9.7255
v -70.8619 3.1390 -5.6975
v -70.8619 26.0700 -5.6975
v -64.2349 26.0700 6.4335
v -64.2349 3.1390 6.4335
v -66.6189 23.9370 7.7345
v -66.6189 26.0700 7.7345
v -70.9759 26.0700 -0.2435
v -75.2739 3.1390 -8.0135
v -75.2739 24.7840 -8.0135
v -75.1759 24.6870 -7.8335
v -73.3079 24.6880 -4.4105
v -73.3079 27.1910 -4.4105
v -73.2869 27.1800 -4.3725
v -73.2869 3.1390 -4.3725
v -76.7369 24.6920 -18.1495
v -76.7369 3.1390 -18.1495
v -93.3749 3.1390 -9.0835
v -93.3749 24.6920 -9.0835
v -80.1189 3.1390 15.0995
v -82.7229 3.1390 10.3505
v -86.7519 3.1390 2.9985
v -83.7349 3.1390 1.3445
v -85.6409 3.1390 -2.1335
v -88.6589 3.1390 -0.4795
v -93.3749 3.1390 -9.0835
v -76.7369 3.1390 -18.1495
v -73.6129 3.1390 -12.4275
v -72.1369 3.1390 -9.7255
v -75.2739 3.1390 -8.0135
v -73.2869 3.1390 -4.3725
v -70.8619 3.1390 -5.6975
v -64.2349 3.1390 6.4335
v -82.7649 27.0120 -9.2875
v -74.3899 27.0120 -13.8515
v -76.7369 24.6920 -18.1495
v -93.3749 24.6920 -9.0835
v -91.0209 27.0120 -4.7885
v -88.6589 24.6840 -0.4795
v -88.6589 3.1390 -0.4795
v -85.6409 3.1390 -2.1335
v -85.6409 24.6880 -2.1335
v -80.1189 3.1390 15.0995
v -64.2349 3.1390 6.4335
v -64.2349 26.0700 6.4335
v -66.6189 26.0700 7.7345
v -66.6189 23.9370 7.7345
v -77.1419 23.9370 13.4755
v -77.1419 25.9780 13.4755
v -80.1189 25.9780 15.0995
v -85.6409 24.6880 -2.1335
v -85.6409 3.1390 -2.1335
v -83.7349 3.1390 1.3445
v -83.7349 27.1770 1.3445
v -83.7629 27.1910 1.2935
v -83.7629 24.6880 1.2935
v -73.6129 3.1390 -12.4275
v -76.7369 3.1390 -18.1495
v -76.7369 24.6920 -18.1495
v -74.3899 27.0120 -13.8515
v -73.6129 26.2440 -12.4275
v -75.2739 24.7840 -8.0135
v -75.2739 3.1390 -8.0135
v -72.1369 3.1390 -9.7255
v -72.1369 24.7850 -9.7255
v -70.8619 3.1390 -5.6975
v -73.2869 3.1390 -4.3725
v -73.2869 27.1800 -4.3725
v -73.2439 27.1800 -4.3955
v -73.2439 26.0700 -4.3955
v -70.8619 26.0700 -5.6975
v -83.7629 27.1910 1.2935
v -73.3079 27.1910 -4.4105
v -73.3079 24.6880 -4.4105
v -78.5359 27.0120 -1.5585
v -83.7629 24.6880 1.2935
v -83.7349 3.1390 1.3445
v -86.7519 3.1390 2.9985
v -86.7519 25.9780 2.9985
v -83.7789 25.9780 1.3685
v -83.7789 27.1770 1.3685
v -83.7349 27.1770 1.3445
v -93.3749 3.1390 -9.0835
v -88.6589 3.1390 -0.4795
v -88.6589 24.6840 -0.4795
v -91.0209 27.0120 -4.7885
v -93.3749 24.6920 -9.0835
v -78.5359 27.0120 -1.5585
v -73.3079 24.6880 -4.4105
v -75.1759 24.6870 -7.8335
v -82.7649 27.0120 -9.2875
v -75.2739 24.7840 -8.0135
v -72.1369 24.7850 -9.7255
v -73.6129 26.2440 -12.4275
v -74.3899 27.0120 -13.8515
v -82.7649 27.0120 -9.2875
v -75.1759 24.6870 -7.8335
v -78.5359 27.0120 -1.5585
v -82.7649 27.0120 -9.2875
v -85.6409 24.6880 -2.1335
v -83.7629 24.6880 1.2935
v -88.6589 24.6840 -0.4795
v -85.6409 24.6880 -2.1335
v -82.7649 27.0120 -9.2875
v -91.0209 27.0120 -4.7885
v -103.5339 6.1580 -101.5285
v -92.5859 6.1580 -105.3155
v -93.8429 6.1580 -108.9505
v -104.7919 6.1580 -105.1625
v -104.7919 3.2590 -105.1625
v -93.8429 3.2590 -108.9505
v -92.5859 3.2590 -105.3155
v -103.5339 3.2590 -101.5285
v -104.7919 3.2590 -105.1625
v -104.7919 6.1580 -105.1625
v -93.8429 6.1580 -108.9505
v -93.8429 3.2590 -108.9505
v -93.8429 3.2590 -108.9505
v -93.8429 6.1580 -108.9505
v -92.5859 6.1580 -105.3155
v -92.5859 3.2590 -105.3155
v -92.5859 3.2590 -105.3155
v -92.5859 6.1580 -105.3155
v -103.5339 6.1580 -101.5285
v -103.5339 3.2590 -101.5285
v -103.5339 3.2590 -101.5285
v -103.5339 6.1580 -101.5285
v -104.7919 6.1580 -105.1625
v -104.7919 3.2590 -105.1625
v -166.8189 29.3520 -39.7615
v -160.8079 29.3520 -41.0445
v -162.2519 28.2600 -48.9615
v -168.1889 28.2600 -47.6935
v -168.6849 3.9620 -50.5635
v -168.6849 27.6370 -50.5635
v -172.6829 27.6370 -71.9165
v -172.6829 3.9620 -71.9165
v -168.1889 27.6370 -47.6935
v -168.1889 28.2600 -47.6935
v -162.2519 28.2600 -48.9615
v -162.2519 27.6370 -48.9615
v -162.2519 27.6370 -48.9615
v -162.2519 28.2600 -48.9615
v -160.8079 29.3520 -41.0445
v -160.8079 27.6370 -41.0445
v -163.0889 3.9620 -73.8935
v -163.0889 27.6370 -73.8935
v -145.4519 27.6370 -64.7255
v -145.4519 3.9620 -64.7255
v -145.4519 3.9620 -64.7255
v -145.4519 27.6370 -64.7255
v -141.9679 27.6370 -63.4845
v -141.9679 3.9620 -63.4845
v -141.9679 3.9620 -63.4845
v -141.9679 27.6370 -63.4845
v -124.1809 27.6370 -57.1435
v -124.1809 3.9620 -57.1435
v -124.1809 3.9620 -57.1435
v -124.1809 27.6370 -57.1435
v -162.0749 27.6370 -49.0505
v -162.0749 3.9620 -49.0505
v -160.3829 3.9620 -41.1355
v -166.8189 3.9620 -39.7615
v -168.6849 3.9620 -50.5635
v -172.6829 3.9620 -71.9165
v -163.0889 3.9620 -73.8935
v -145.4519 3.9620 -64.7255
v -141.9679 3.9620 -63.4845
v -124.1809 3.9620 -57.1435
v -162.0749 3.9620 -49.0505
v -162.0749 27.6370 -49.0505
v -124.1809 27.6370 -57.1435
v -141.9679 27.6370 -63.4845
v -145.4519 27.6370 -64.7255
v -163.0889 27.6370 -73.8935
v -172.6829 27.6370 -71.9165
v -168.6849 27.6370 -50.5635
v -168.1889 27.6370 -47.6935
v -162.2519 27.6370 -48.9615
v -160.8079 27.6370 -41.0445
v -160.3829 27.6370 -41.1355
v -162.0749 27.6370 -49.0505
v -160.3829 27.6370 -41.1355
v -160.3829 3.9620 -41.1355
v -162.0749 3.9620 -49.0505
v -166.8189 3.9620 -39.7615
v -160.3829 3.9620 -41.1355
v -160.3829 27.6370 -41.1355
v -160.8079 27.6370 -41.0445
v -160.8079 29.3520 -41.0445
v -166.8189 29.3520 -39.7615
v -168.6849 3.9620 -50.5635
v -166.8189 3.9620 -39.7615
v -166.8189 29.3520 -39.7615
v -168.1889 28.2600 -47.6935
v -168.1889 27.6370 -47.6935
v -168.6849 27.6370 -50.5635
v -172.6829 27.6370 -71.9165
v -163.0889 27.6370 -73.8935
v -163.0889 3.9620 -73.8935
v -172.6829 3.9620 -71.9165
v -122.5409 3.3950 -99.0435
v -122.5409 24.3970 -99.0435
v -112.5609 24.3970 -102.5215
v -112.5609 3.3950 -102.5215
v -109.6709 3.3950 -89.9335
v -109.6709 24.3970 -89.9335
v -110.1289 24.3970 -89.7665
v -110.1289 3.3950 -89.7665
v -110.1289 3.3950 -89.7665
v -110.1289 24.3970 -89.7665
v -117.0039 24.3970 -87.2645
v -117.0039 3.3950 -87.2645
v -117.0039 3.3950 -87.2645
v -117.0039 24.3970 -87.2645
v -117.7169 24.3970 -89.3105
v -117.7169 3.3950 -89.3105
v -117.7169 3.3950 -89.3105
v -117.7169 24.3970 -89.3105
v -122.7549 24.3970 -87.4775
v -122.7549 3.3950 -87.4775
v -122.7549 3.3950 -87.4775
v -122.7549 24.3970 -87.4775
v -124.0759 24.3970 -85.6765
v -124.0759 3.3950 -85.6765
v -124.0759 3.3950 -85.6765
v -124.0759 24.3970 -85.6765
v -129.7309 24.3970 -90.3725
v -129.7309 3.3950 -90.3725
v -122.9399 3.3950 -99.3465
v -122.9399 24.3970 -99.3465
v -122.5409 24.3970 -99.0435
v -122.5409 3.3950 -99.0435
v -108.2969 3.3950 -90.2915
v -108.2969 24.3970 -90.2915
v -109.6399 24.3970 -89.8205
v -109.6399 3.3950 -89.8205
v -109.6399 24.3970 -89.8205
v -108.2969 24.3970 -90.2915
v -112.5609 24.3970 -102.5215
v -122.5409 24.3970 -99.0435
v -122.9399 24.3970 -99.3465
v -129.7309 24.3970 -90.3725
v -124.0759 24.3970 -85.6765
v -122.7549 24.3970 -87.4775
v -117.7169 24.3970 -89.3105
v -117.0039 24.3970 -87.2645
v -110.1289 24.3970 -89.7665
v -109.6709 24.3970 -89.9335
v -109.6709 3.3950 -89.9335
v -110.1289 3.3950 -89.7665
v -117.0039 3.3950 -87.2645
v -117.7169 3.3950 -89.3105
v -122.7549 3.3950 -87.4775
v -124.0759 3.3950 -85.6765
v -129.7309 3.3950 -90.3725
v -122.9399 3.3950 -99.3465
v -122.5409 3.3950 -99.0435
v -112.5609 3.3950 -102.5215
v -108.2969 3.3950 -90.2915
v -109.6399 3.3950 -89.8205
v -109.6709 3.3950 -89.9335
v -109.6399 3.3950 -89.8205
v -109.6399 24.3970 -89.8205
v -109.6709 24.3970 -89.9335
v -108.2969 3.3950 -90.2915
v -112.5609 3.3950 -102.5215
v -112.5609 24.3970 -102.5215
v -108.2969 24.3970 -90.2915
v -122.9399 3.3950 -99.3465
v -129.7309 3.3950 -90.3725
v -129.7309 24.3970 -90.3725
v -122.9399 24.3970 -99.3465
v -105.6299 13.9150 123.2485
v -100.7119 14.0690 129.5855
v -92.6069 15.5390 123.5285
v -109.2599 15.5390 94.9395
v -122.5609 14.0580 92.2315
v -92.6069 15.5390 123.5285
v -83.6809 13.9210 116.8575
v -87.7769 14.0480 111.5595
v -105.2939 13.9070 79.5705
v -106.2359 14.0640 80.0845
v -109.2599 15.5390 94.9395
v -100.7119 3.7790 129.5855
v -100.7119 14.0690 129.5855
v -105.6299 13.9150 123.2485
v -105.6299 3.7790 123.2485
v -105.2939 3.7790 79.5705
v -105.2939 13.9070 79.5705
v -87.7769 14.0480 111.5595
v -87.7769 3.7790 111.5595
v -87.7769 3.7790 111.5595
v -87.7769 14.0480 111.5595
v -83.6809 13.9210 116.8575
v -83.6809 3.7790 116.8575
v -105.6299 3.7790 123.2485
v -105.6299 13.9150 123.2485
v -122.5609 14.0580 92.2315
v -123.9279 13.6450 89.7275
v -123.9279 3.7790 89.7275
v -100.7119 3.7790 129.5855
v -105.6299 3.7790 123.2485
v -123.9279 3.7790 89.7275
v -105.2939 3.7790 79.5705
v -87.7769 3.7790 111.5595
v -83.6809 3.7790 116.8575
v -106.2359 14.0640 80.0845
v -105.2939 13.9070 79.5705
v -105.2939 3.7790 79.5705
v -123.9279 3.7790 89.7275
v -123.9279 13.6450 89.7275
v -100.7119 3.7790 129.5855
v -83.6809 3.7790 116.8575
v -83.6809 13.9210 116.8575
v -92.6069 15.5390 123.5285
v -100.7119 14.0690 129.5855
v -106.2359 14.0640 80.0845
v -123.9279 13.6450 89.7275
v -122.5609 14.0580 92.2315
v -109.2599 15.5390 94.9395
v -100.7119 3.7790 129.5855
v -100.7119 31.0620 129.5855
v -83.6809 31.0620 116.8575
v -83.6809 3.7790 116.8575
v -82.3059 3.7790 153.3085
v -82.3059 31.0620 153.3085
v -100.7119 31.0620 129.5855
v -100.7119 3.7790 129.5855
v -65.5499 3.7790 140.3075
v -65.5499 31.0620 140.3075
v -82.3059 31.0620 153.3085
v -82.3059 3.7790 153.3085
v -65.5499 31.0620 140.3075
v -65.5499 3.7790 140.3075
v -83.6809 3.7790 116.8575
v -83.6809 31.0620 116.8575
v -83.6809 3.7790 116.8575
v -65.5499 3.7790 140.3075
v -82.3059 3.7790 153.3085
v -100.7119 3.7790 129.5855
v -65.5499 31.0620 140.3075
v -83.6809 31.0620 116.8575
v -100.7119 31.0620 129.5855
v -82.3059 31.0620 153.3085
v -48.9749 7.2730 75.2865
v -44.4339 7.8550 72.8165
v -45.8749 7.8540 70.1715
v -46.5219 7.7710 70.5225
v -48.1719 7.7710 67.4885
v -52.0639 7.2730 69.6045
v -52.0639 4.0770 69.6045
v -48.1719 4.0770 67.4885
v -46.5219 4.0770 70.5225
v -45.8749 4.0770 70.1715
v -44.4339 4.0770 72.8165
v -48.9749 4.0770 75.2865
v -52.0639 4.0770 69.6045
v -52.0639 7.2730 69.6045
v -48.1719 7.7710 67.4885
v -48.1719 4.0770 67.4885
v -48.1719 4.0770 67.4885
v -48.1719 7.7710 67.4885
v -46.5219 7.7710 70.5225
v -46.5219 4.0770 70.5225
v -46.5219 4.0770 70.5225
v -46.5219 7.7710 70.5225
v -45.8749 7.8540 70.1715
v -45.8749 4.0770 70.1715
v -45.8749 4.0770 70.1715
v -45.8749 7.8540 70.1715
v -44.4339 7.8550 72.8165
v -44.4339 4.0770 72.8165
v -44.4339 4.0770 72.8165
v -44.4339 7.8550 72.8165
v -48.9749 7.2730 75.2865
v -48.9749 4.0770 75.2865
v -48.9749 4.0770 75.2865
v -48.9749 7.2730 75.2865
v -52.0639 7.2730 69.6045
v -52.0639 4.0770 69.6045
v -172.3839 10.8290 8.0675
v -165.8889 7.1780 9.9085
v -165.7969 7.1800 9.8885
v -166.3969 10.8590 6.8145
v -172.3889 10.8590 8.0425
v -171.7689 7.1780 11.2205
v -165.8889 7.1780 9.9085
v -172.3839 10.8290 8.0675
v -158.0509 33.2480 -41.6835
v -109.7499 33.2480 -51.9985
v -124.1809 19.2410 -57.1435
v -158.6989 19.2410 -49.7715
v -158.5829 25.5230 5.4975
v -158.5339 25.5310 5.4865
v -156.8869 25.7790 6.2425
v -156.8489 25.7810 6.3905
v -156.3759 25.8790 5.6895
v -156.4959 25.8850 4.7845
v -158.6339 25.5220 5.2235
v -156.6589 25.6550 7.1205
v -155.6599 25.6610 6.8605
v -154.7129 25.5250 7.4665
v -154.1189 25.5250 7.3345
v -156.3759 25.8790 5.6895
v -156.8489 25.7810 6.3905
v -156.3759 25.8790 5.6895
v -154.1189 25.5250 7.3345
v -154.3589 25.5220 4.3465
v -156.4959 25.8850 4.7845
v -154.1189 23.6810 7.3345
v -152.1359 23.6810 6.8925
v -151.0819 23.6810 6.3575
v -143.1649 23.6810 2.0525
v -154.3589 23.6810 4.3465
v -165.7969 7.1210 9.8885
v -164.9729 7.1210 9.7045
v -165.5639 7.1210 7.0535
v -158.5829 7.1210 5.4975
v -158.6339 7.1210 5.2235
v -166.3969 7.1210 6.8145
v -160.3929 7.1210 -41.1825
v -158.0509 7.1210 -41.6835
v -158.6989 7.1210 -49.7715
v -162.0749 7.1210 -49.0505
v -154.7129 7.1210 7.4665
v -154.0739 7.1210 7.8755
v -152.1359 7.1210 6.8925
v -166.3969 7.1210 6.8145
v -166.3969 10.8590 6.8145
v -165.7969 7.1800 9.8885
v -165.7969 7.1210 9.8885
v -166.8189 3.8570 -39.7615
v -166.8189 31.3070 -39.7615
v -160.3829 31.3070 -41.1355
v -160.3829 3.8570 -41.1355
v -160.3929 7.1210 -41.1825
v -160.3929 31.3070 -41.1825
v -158.0509 31.3070 -41.6835
v -158.0509 7.1210 -41.6835
v -157.0909 31.3070 -24.3775
v -163.7809 31.3070 -23.0055
v -163.7809 28.6210 -23.0055
v -158.6339 25.7250 5.2235
v -158.6339 28.5900 5.2235
v -163.8499 28.5920 -22.9405
v -163.8499 25.7250 -22.9405
v -109.7499 31.3070 -51.9985
v -109.7499 33.2480 -51.9985
v -158.0509 33.2480 -41.6835
v -158.0509 31.3070 -41.6835
v -158.0509 7.1210 -41.6835
v -158.0509 31.3070 -41.6835
v -158.0509 33.2480 -41.6835
v -158.6989 19.2410 -49.7715
v -158.6989 7.1210 -49.7715
v -156.8869 3.8570 6.2425
v -156.8869 25.7790 6.2425
v -158.5339 25.5310 5.4865
v -158.5339 3.8570 5.4865
v -158.5829 7.1210 5.4975
v -158.5829 25.5230 5.4975
v -158.6339 25.5220 5.2235
v -158.6339 7.1210 5.2235
v -108.0239 3.8570 -51.3835
v -108.0239 31.3070 -51.3835
v -104.8209 31.3070 -47.1835
v -104.8209 3.8570 -47.1835
v -104.8209 3.8570 -47.1835
v -104.8209 31.3070 -47.1835
v -104.3489 31.3070 -46.5725
v -104.3489 3.8570 -46.5725
v -104.3489 3.8570 -46.5725
v -104.3489 31.3070 -46.5725
v -104.2439 31.3070 -45.2655
v -104.2439 3.8570 -45.2655
v -104.2439 3.8570 -45.2655
v -104.2439 31.3070 -45.2655
v -103.4089 31.3070 -45.3315
v -103.4089 3.8570 -45.3315
v -157.0909 31.3070 -24.3775
v -156.6689 31.4760 -24.4635
v -156.6689 31.3070 -24.4635
v -156.6689 31.3070 -24.4635
v -156.6689 31.4760 -24.4635
v -154.3589 31.4760 4.3465
v -154.3589 31.3070 4.3465
v -155.6599 3.8570 6.8605
v -155.6599 25.6610 6.8605
v -156.6589 25.6550 7.1205
v -156.6589 3.8570 7.1205
v -101.7959 3.8570 -25.2135
v -101.7959 31.3070 -25.2135
v -102.6359 31.3070 -25.1465
v -102.6359 3.8570 -25.1465
v -102.6359 3.8570 -25.1465
v -102.6359 31.3070 -25.1465
v -102.5299 31.3070 -23.8275
v -102.5299 3.8570 -23.8275
v -102.5299 3.8570 -23.8275
v -102.5299 31.3070 -23.8275
v -104.5789 31.3070 -19.9265
v -104.5789 3.8570 -19.9265
v -104.5789 3.8570 -19.9265
v -104.5789 31.3070 -19.9265
v -105.7569 31.3070 -19.2855
v -105.7569 3.8570 -19.2855
v -105.7569 3.8570 -19.2855
v -105.7569 31.3070 -19.2855
v -105.3389 31.3070 -18.5175
v -105.3389 3.8570 -18.5175
v -154.3589 23.6810 4.3465
v -154.3589 25.5220 4.3465
v -154.1189 25.5250 7.3345
v -154.1189 23.6810 7.3345
v -165.5639 3.8570 7.0535
v -165.5639 7.1210 7.0535
v -164.9729 7.1210 9.7045
v -164.9729 3.8570 9.7045
v -171.7689 3.8570 11.2205
v -171.7689 7.1780 11.2205
v -172.3839 10.8290 8.0675
v -172.3889 10.8590 8.0425
v -172.3889 25.7250 8.0425
v -177.8709 25.7250 -20.0665
v -177.8709 3.8570 -20.0665
v -158.6339 28.5900 5.2235
v -158.6339 25.7250 5.2235
v -172.3889 25.7250 8.0425
v -172.3889 10.8590 8.0425
v -166.3969 10.8590 6.8145
v -166.3969 7.1210 6.8145
v -158.6339 7.1210 5.2235
v -158.6339 25.5220 5.2235
v -156.4959 25.8850 4.7845
v -154.3589 25.5220 4.3465
v -154.3589 23.6810 4.3465
v -143.1649 23.6810 2.0525
v -143.1649 31.3070 2.0525
v -154.3589 31.3070 4.3465
v -154.3589 31.4760 4.3465
v -151.0819 3.8570 6.3575
v -154.0739 3.8570 7.8755
v -155.6599 3.8570 6.8605
v -156.6589 3.8570 7.1205
v -156.8869 3.8570 6.2425
v -158.5339 3.8570 5.4865
v -165.5639 3.8570 7.0535
v -164.9729 3.8570 9.7045
v -171.7689 3.8570 11.2205
v -177.8709 3.8570 -20.0665
v -163.7719 3.8570 -22.9565
v -166.8189 3.8570 -39.7615
v -160.3829 3.8570 -41.1355
v -162.0749 3.8570 -49.0505
v -124.1809 3.8570 -57.1435
v -108.0239 3.8570 -51.3835
v -104.8209 3.8570 -47.1835
v -104.3489 3.8570 -46.5725
v -104.2439 3.8570 -45.2655
v -103.4089 3.8570 -45.3315
v -101.7959 3.8570 -25.2135
v -102.6359 3.8570 -25.1465
v -102.5299 3.8570 -23.8275
v -104.5789 3.8570 -19.9265
v -105.7569 3.8570 -19.2855
v -105.3389 3.8570 -18.5175
v -105.3389 31.3070 -18.5175
v -105.7569 31.3070 -19.2855
v -104.5789 31.3070 -19.9265
v -102.5299 31.3070 -23.8275
v -102.6359 31.3070 -25.1465
v -101.7959 31.3070 -25.2135
v -103.4089 31.3070 -45.3315
v -104.2439 31.3070 -45.2655
v -104.3489 31.3070 -46.5725
v -104.8209 31.3070 -47.1835
v -108.0239 31.3070 -51.3835
v -109.7499 31.3070 -51.9985
v -158.0509 31.3070 -41.6835
v -160.3929 31.3070 -41.1825
v -160.3829 31.3070 -41.1355
v -166.8189 31.3070 -39.7615
v -163.7809 31.3070 -23.0055
v -157.0909 31.3070 -24.3775
v -156.6689 31.3070 -24.4635
v -154.3589 31.3070 4.3465
v -143.1649 31.3070 2.0525
v -163.8499 25.7250 -22.9405
v -163.8499 28.5920 -22.9405
v -163.7719 28.6230 -22.9565
v -163.7719 3.8570 -22.9565
v -177.8709 3.8570 -20.0665
v -177.8709 25.7250 -20.0665
v -171.7689 3.8570 11.2205
v -164.9729 3.8570 9.7045
v -164.9729 7.1210 9.7045
v -165.7969 7.1210 9.8885
v -165.7969 7.1800 9.8885
v -165.8889 7.1780 9.9085
v -171.7689 7.1780 11.2205
v -105.3389 31.3070 -18.5175
v -143.1649 31.3070 2.0525
v -143.1649 23.6810 2.0525
v -151.0819 23.6810 6.3575
v -151.0819 3.8570 6.3575
v -105.3389 3.8570 -18.5175
v -154.0739 3.8570 7.8755
v -151.0819 3.8570 6.3575
v -151.0819 23.6810 6.3575
v -152.1359 23.6810 6.8925
v -152.1359 7.1210 6.8925
v -154.0739 7.1210 7.8755
v -155.6599 3.8570 6.8605
v -154.0739 3.8570 7.8755
v -154.0739 7.1210 7.8755
v -154.7129 7.1210 7.4665
v -154.7129 25.5250 7.4665
v -155.6599 25.6610 6.8605
v -154.7129 7.1210 7.4665
v -152.1359 7.1210 6.8925
v -152.1359 23.6810 6.8925
v -154.1189 23.6810 7.3345
v -154.1189 25.5250 7.3345
v -154.7129 25.5250 7.4665
v -103.4089 31.3070 -45.3315
v -101.7959 31.3070 -25.2135
v -101.7959 3.8570 -25.2135
v -103.4089 3.8570 -45.3315
v -165.5639 3.8570 7.0535
v -158.5339 3.8570 5.4865
v -158.5339 25.5310 5.4865
v -158.5829 25.5230 5.4975
v -158.5829 7.1210 5.4975
v -165.5639 7.1210 7.0535
v -156.8869 3.8570 6.2425
v -156.6589 3.8570 7.1205
v -156.6589 25.6550 7.1205
v -156.8489 25.7810 6.3905
v -156.8869 25.7790 6.2425
v -108.0239 3.8570 -51.3835
v -124.1809 3.8570 -57.1435
v -124.1809 19.2410 -57.1435
v -109.7499 33.2480 -51.9985
v -109.7499 31.3070 -51.9985
v -108.0239 31.3070 -51.3835
v -124.1809 3.8570 -57.1435
v -162.0749 3.8570 -49.0505
v -162.0749 7.1210 -49.0505
v -158.6989 7.1210 -49.7715
v -158.6989 19.2410 -49.7715
v -124.1809 19.2410 -57.1435
v -166.8189 3.8570 -39.7615
v -163.7719 3.8570 -22.9565
v -163.7719 28.6230 -22.9565
v -163.7809 28.6210 -23.0055
v -163.7809 31.3070 -23.0055
v -166.8189 31.3070 -39.7615
v -162.0749 3.8570 -49.0505
v -160.3829 3.8570 -41.1355
v -160.3829 31.3070 -41.1355
v -160.3929 31.3070 -41.1825
v -160.3929 7.1210 -41.1825
v -162.0749 7.1210 -49.0505
v -158.6339 28.5900 5.2235
v -154.3589 31.4760 4.3465
v -163.8499 28.5920 -22.9405
v -154.3589 31.4760 4.3465
v -156.6689 31.4760 -24.4635
v -157.0909 31.3070 -24.3775
v -163.7809 28.6210 -23.0055
v -163.7719 28.6230 -22.9565
v -163.8499 28.5920 -22.9405
v -163.8499 25.7250 -22.9405
v -177.8709 25.7250 -20.0665
v -172.3889 25.7250 8.0425
v -158.6339 25.7250 5.2235
v -56.1019 2.8860 -29.3935
v -56.1019 28.2270 -29.3935
v -51.4039 28.2270 -28.0725
v -51.4039 2.8860 -28.0725
v -51.4039 2.8860 -28.0725
v -51.4039 28.2270 -28.0725
v -44.4239 28.2270 -15.2895
v -44.4239 2.8860 -15.2895
v -44.4239 2.8860 -15.2895
v -44.4239 28.2270 -15.2895
v -53.4429 28.2270 -10.3455
v -53.4429 2.8860 -10.3455
v -53.4429 2.8860 -10.3455
v -53.4429 28.2270 -10.3455
v -54.8049 28.2270 -10.7155
v -54.8049 2.8860 -10.7155
v -54.8049 2.8860 -10.7155
v -54.8049 28.2270 -10.7155
v -68.5339 28.2270 -3.1265
v -68.5339 2.8860 -3.1265
v -68.5339 2.8860 -3.1265
v -68.5339 28.2270 -3.1265
v -71.8729 28.2270 -9.2405
v -71.8729 2.8860 -9.2405
v -71.8729 2.8860 -9.2405
v -71.8729 28.2270 -9.2405
v -71.2279 28.2270 -9.5925
v -71.2279 2.8860 -9.5925
v -71.2279 2.8860 -9.5925
v -71.2279 28.2270 -9.5925
v -72.9679 28.2270 -12.7805
v -72.9679 2.8860 -12.7805
v -72.9679 2.8860 -12.7805
v -72.9679 28.2270 -12.7805
v -73.6129 28.2270 -12.4275
v -73.6129 2.8860 -12.4275
v -73.6129 2.8860 -12.4275
v -73.6129 28.2270 -12.4275
v -76.7369 28.2270 -18.1495
v -76.7369 2.8860 -18.1495
v -56.1019 28.2270 -29.3935
v -56.1019 2.8860 -29.3935
v -76.7369 2.8860 -18.1495
v -76.7369 28.2270 -18.1495
v -76.7369 2.8860 -18.1495
v -56.1019 2.8860 -29.3935
v -51.4039 2.8860 -28.0725
v -44.4239 2.8860 -15.2895
v -53.4429 2.8860 -10.3455
v -54.8049 2.8860 -10.7155
v -68.5339 2.8860 -3.1265
v -71.8729 2.8860 -9.2405
v -71.2279 2.8860 -9.5925
v -72.9679 2.8860 -12.7805
v -73.6129 2.8860 -12.4275
v -56.1019 28.2270 -29.3935
v -76.7369 28.2270 -18.1495
v -73.6129 28.2270 -12.4275
v -72.9679 28.2270 -12.7805
v -71.2279 28.2270 -9.5925
v -71.8729 28.2270 -9.2405
v -68.5339 28.2270 -3.1265
v -54.8049 28.2270 -10.7155
v -53.4429 28.2270 -10.3455
v -44.4239 28.2270 -15.2895
v -51.4039 28.2270 -28.0725
v -66.3609 22.6550 -107.6285
v -48.3709 22.6550 -114.1235
v -52.4059 22.6550 -125.2065
v -56.1749 22.6550 -123.8465
v -55.8849 22.6550 -123.0455
v -66.2809 22.6550 -119.2825
v -66.5749 22.6550 -120.0925
v -70.3859 22.6550 -118.7175
v -70.3859 2.7510 -118.7175
v -66.5749 2.7510 -120.0925
v -66.2809 2.7510 -119.2825
v -55.8849 2.7510 -123.0455
v -56.1749 2.7510 -123.8465
v -52.4059 2.7510 -125.2065
v -48.3709 2.7510 -114.1235
v -66.3609 2.7510 -107.6285
v -70.3859 2.7510 -118.7175
v -70.3859 22.6550 -118.7175
v -66.5749 22.6550 -120.0925
v -66.5749 2.7510 -120.0925
v -66.5749 2.7510 -120.0925
v -66.5749 22.6550 -120.0925
v -66.2809 22.6550 -119.2825
v -66.2809 2.7510 -119.2825
v -66.2809 2.7510 -119.2825
v -66.2809 22.6550 -119.2825
v -55.8849 22.6550 -123.0455
v -55.8849 2.7510 -123.0455
v -55.8849 2.7510 -123.0455
v -55.8849 22.6550 -123.0455
v -56.1749 22.6550 -123.8465
v -56.1749 2.7510 -123.8465
v -56.1749 2.7510 -123.8465
v -56.1749 22.6550 -123.8465
v -52.4059 22.6550 -125.2065
v -52.4059 2.7510 -125.2065
v -52.4059 2.7510 -125.2065
v -52.4059 22.6550 -125.2065
v -48.3709 22.6550 -114.1235
v -48.3709 2.7510 -114.1235
v -48.3709 2.7510 -114.1235
v -48.3709 22.6550 -114.1235
v -66.3609 22.6550 -107.6285
v -66.3609 2.7510 -107.6285
v -66.3609 2.7510 -107.6285
v -66.3609 22.6550 -107.6285
v -70.3859 22.6550 -118.7175
v -70.3859 2.7510 -118.7175
v -86.0359 22.6210 -105.4135
v -83.9399 22.6210 -106.1855
v -82.5829 22.6210 -102.4965
v -81.1939 22.6210 -102.9985
v -80.9629 22.6210 -102.3595
v -66.3609 22.6210 -107.6285
v -70.3859 22.6210 -118.7175
v -74.3129 22.6210 -117.3005
v -74.0199 22.6210 -116.4895
v -84.2539 22.6210 -112.7935
v -84.5479 22.6210 -113.6075
v -88.5219 22.6210 -112.1735
v -88.5219 2.9140 -112.1735
v -84.5479 2.9140 -113.6075
v -84.2539 2.9140 -112.7935
v -74.0199 2.9140 -116.4895
v -74.3129 2.9140 -117.3005
v -70.3859 2.9140 -118.7175
v -66.3609 2.9140 -107.6285
v -80.9629 2.9140 -102.3595
v -81.1939 2.9140 -102.9985
v -82.5829 2.9140 -102.4965
v -83.9399 2.9140 -106.1855
v -86.0359 2.9140 -105.4135
v -88.5219 2.9140 -112.1735
v -88.5219 22.6210 -112.1735
v -84.5479 22.6210 -113.6075
v -84.5479 2.9140 -113.6075
v -84.5479 2.9140 -113.6075
v -84.5479 22.6210 -113.6075
v -84.2539 22.6210 -112.7935
v -84.2539 2.9140 -112.7935
v -84.2539 2.9140 -112.7935
v -84.2539 22.6210 -112.7935
v -74.0199 22.6210 -116.4895
v -74.0199 2.9140 -116.4895
v -74.0199 2.9140 -116.4895
v -74.0199 22.6210 -116.4895
v -74.3129 22.6210 -117.3005
v -74.3129 2.9140 -117.3005
v -74.3129 2.9140 -117.3005
v -74.3129 22.6210 -117.3005
v -70.3859 22.6210 -118.7175
v -70.3859 2.9140 -118.7175
v -70.3859 2.9140 -118.7175
v -70.3859 22.6210 -118.7175
v -66.3609 22.6210 -107.6285
v -66.3609 2.9140 -107.6285
v -66.3609 2.9140 -107.6285
v -66.3609 22.6210 -107.6285
v -80.9629 22.6210 -102.3595
v -80.9629 2.9140 -102.3595
v -80.9629 2.9140 -102.3595
v -80.9629 22.6210 -102.3595
v -81.1939 22.6210 -102.9985
v -81.1939 2.9140 -102.9985
v -81.1939 2.9140 -102.9985
v -81.1939 22.6210 -102.9985
v -82.5829 22.6210 -102.4965
v -82.5829 2.9140 -102.4965
v -82.5829 2.9140 -102.4965
v -82.5829 22.6210 -102.4965
v -83.9399 22.6210 -106.1855
v -83.9399 2.9140 -106.1855
v -83.9399 2.9140 -106.1855
v -83.9399 22.6210 -106.1855
v -86.0359 22.6210 -105.4135
v -86.0359 2.9140 -105.4135
v -86.0359 2.9140 -105.4135
v -86.0359 22.6210 -105.4135
v -88.5219 22.6210 -112.1735
v -88.5219 2.9140 -112.1735
v -136.5089 27.9270 36.2345
v -137.0039 27.9270 33.6645
v -130.0119 27.9270 29.8495
v -133.1549 27.9270 24.0855
v -137.9879 27.9270 15.2265
v -151.2969 27.9270 22.4785
v -153.9319 27.9270 27.6135
v -151.7179 27.9270 39.1635
v -151.7179 4.6370 39.1635
v -153.9319 4.6370 27.6135
v -151.2969 4.6370 22.4785
v -137.9879 4.6370 15.2265
v -133.1549 4.6370 24.0855
v -130.0119 4.6370 29.8495
v -137.0039 4.6370 33.6645
v -136.5089 4.6370 36.2345
v -153.9319 4.6370 27.6135
v -153.9319 27.9270 27.6135
v -151.2969 27.9270 22.4785
v -151.2969 4.6370 22.4785
v -151.2969 4.6370 22.4785
v -151.2969 27.9270 22.4785
v -137.9879 27.9270 15.2265
v -137.9879 4.6370 15.2265
v -137.9879 4.6370 15.2265
v -137.9879 27.9270 15.2265
v -133.1549 27.9270 24.0855
v -133.1549 4.6370 24.0855
v -133.1549 4.6370 24.0855
v -133.1549 27.9270 24.0855
v -130.0119 27.9270 29.8495
v -130.0119 4.6370 29.8495
v -130.0119 4.6370 29.8495
v -130.0119 27.9270 29.8495
v -137.0039 27.9270 33.6645
v -137.0039 4.6370 33.6645
v -137.0039 4.6370 33.6645
v -137.0039 27.9270 33.6645
v -136.5089 27.9270 36.2345
v -136.5089 4.6370 36.2345
v -151.7179 4.6370 39.1635
v -151.7179 27.9270 39.1635
v -153.9319 27.9270 27.6135
v -153.9319 4.6370 27.6135
v -151.7179 4.6370 39.1635
v -136.5089 4.6370 36.2345
v -136.5089 27.9270 36.2345
v -151.7179 27.9270 39.1635
v -106.8569 25.7770 -1.7375
v -103.6869 27.7340 4.0725
v -90.2049 27.7340 -3.3005
v -93.3749 25.7840 -9.0835
v -93.8219 25.7840 -8.8395
v -96.1959 25.7820 -7.5465
v -90.2049 27.7340 -3.3005
v -103.6869 27.7340 4.0725
v -103.4619 27.5950 4.4845
v -100.5239 25.7820 9.8655
v -90.3539 25.7810 4.3075
v -91.4439 26.4530 2.3155
v -90.9199 26.4530 2.0275
v -88.5299 26.4530 0.7195
v -88.1239 26.4540 0.4965
v -96.1959 4.1460 -7.5465
v -96.1959 25.7820 -7.5465
v -93.8219 25.7840 -8.8395
v -93.8219 4.1460 -8.8395
v -93.8219 4.1460 -8.8395
v -93.8219 25.7840 -8.8395
v -93.3749 25.7840 -9.0835
v -93.3749 4.1460 -9.0835
v -88.1239 4.1460 0.4965
v -88.1239 26.4540 0.4965
v -88.5299 26.4530 0.7195
v -88.5299 4.1460 0.7195
v -88.5299 4.1460 0.7195
v -88.5299 26.4530 0.7195
v -90.9199 26.4530 2.0275
v -90.9199 4.1460 2.0275
v -90.9199 4.1460 2.0275
v -90.9199 26.4530 2.0275
v -91.4439 26.4530 2.3155
v -91.4439 4.1460 2.3155
v -91.4439 4.1460 2.3155
v -91.4439 26.4530 2.3155
v -90.3539 25.7810 4.3075
v -90.3539 4.1460 4.3075
v -90.3539 4.1460 4.3075
v -90.3539 25.7810 4.3075
v -100.5239 25.7820 9.8655
v -100.5239 4.1460 9.8655
v -100.5239 4.1460 9.8655
v -100.5239 25.7820 9.8655
v -103.4619 27.5950 4.4845
v -103.4619 4.1460 4.4845
v -93.3749 4.1460 -9.0835
v -93.3749 25.7840 -9.0835
v -90.2049 27.7340 -3.3005
v -88.1239 26.4540 0.4965
v -88.1239 4.1460 0.4965
v -103.4619 4.1460 4.4845
v -103.4619 27.5950 4.4845
v -103.6869 27.7340 4.0725
v -106.8569 25.7770 -1.7375
v -106.8569 4.1460 -1.7375
v -106.8569 4.1460 -1.7375
v -106.8569 25.7770 -1.7375
v -96.1959 25.7820 -7.5465
v -96.1959 4.1460 -7.5465
v -106.8569 4.1460 -1.7375
v -96.1959 4.1460 -7.5465
v -93.8219 4.1460 -8.8395
v -93.3749 4.1460 -9.0835
v -88.1239 4.1460 0.4965
v -88.5299 4.1460 0.7195
v -90.9199 4.1460 2.0275
v -91.4439 4.1460 2.3155
v -90.3539 4.1460 4.3075
v -100.5239 4.1460 9.8655
v -103.4619 4.1460 4.4845
v -97.9179 28.6140 43.7185
v -99.2379 28.6130 44.4315
v -98.1619 28.8200 46.4075
v -84.6289 28.8200 39.0255
v -85.6799 28.6180 37.0965
v -87.1109 28.6170 37.8675
v -90.2179 28.0150 32.1065
v -101.0349 28.0100 37.9405
v -93.9669 28.0140 54.1075
v -80.4349 28.0140 46.7265
v -84.6289 28.8200 39.0255
v -98.1619 28.8200 46.4075
v -101.0349 4.6630 37.9405
v -101.0349 28.0100 37.9405
v -90.2179 28.0150 32.1065
v -90.2179 4.6630 32.1065
v -90.2179 4.6630 32.1065
v -90.2179 28.0150 32.1065
v -87.1109 28.6170 37.8675
v -87.1109 4.6630 37.8675
v -87.1109 4.6630 37.8675
v -87.1109 28.6170 37.8675
v -85.6799 28.6180 37.0965
v -85.6799 4.6630 37.0965
v -99.2379 4.6630 44.4315
v -99.2379 28.6130 44.4315
v -97.9179 28.6140 43.7185
v -97.9179 4.6630 43.7185
v -97.9179 4.6630 43.7185
v -97.9179 28.6140 43.7185
v -101.0349 28.0100 37.9405
v -101.0349 4.6630 37.9405
v -80.4349 4.6630 46.7265
v -80.4349 28.0140 46.7265
v -93.9669 28.0140 54.1075
v -93.9669 4.6630 54.1075
v -93.9669 4.6630 54.1075
v -93.9669 28.0140 54.1075
v -98.1619 28.8200 46.4075
v -99.2379 28.6130 44.4315
v -99.2379 4.6630 44.4315
v -85.6799 4.6630 37.0965
v -85.6799 28.6180 37.0965
v -84.6289 28.8200 39.0255
v -80.4349 28.0140 46.7265
v -80.4349 4.6630 46.7265
v -85.6799 4.6630 37.0965
v -80.4349 4.6630 46.7265
v -93.9669 4.6630 54.1075
v -99.2379 4.6630 44.4315
v -97.9179 4.6630 43.7185
v -101.0349 4.6630 37.9405
v -90.2179 4.6630 32.1065
v -87.1109 4.6630 37.8675
v -67.4179 4.8090 98.1405
v -67.4179 28.8760 98.1405
v -59.4489 28.8760 92.9365
v -59.4489 4.8090 92.9365
v -59.4489 4.8090 92.9365
v -59.4489 28.8760 92.9365
v -47.1379 28.8760 108.8945
v -47.1379 4.8090 108.8945
v -47.1379 4.8090 108.8945
v -47.1379 28.8760 108.8945
v -45.7139 28.8760 110.7385
v -45.7139 4.8090 110.7385
v -45.7139 4.8090 110.7385
v -45.7139 28.8760 110.7385
v -46.2229 28.8760 111.6045
v -46.2229 4.8090 111.6045
v -46.2229 4.8090 111.6045
v -46.2229 28.8760 111.6045
v -45.1459 28.8760 112.9325
v -45.1459 4.8090 112.9325
v -45.1459 4.8090 112.9325
v -45.1459 28.8760 112.9325
v -43.9739 28.8760 112.9945
v -43.9739 4.8090 112.9945
v -43.9739 4.8090 112.9945
v -43.9739 28.8760 112.9945
v -38.8709 28.8760 119.6095
v -38.8709 4.8090 119.6095
v -51.3519 4.8090 118.8185
v -51.3519 28.8760 118.8185
v -50.8379 28.8760 117.7625
v -50.8379 4.8090 117.7625
v -50.8379 4.8090 117.7625
v -50.8379 28.8760 117.7625
v -52.4449 28.8760 117.4125
v -52.4449 4.8090 117.4125
v -52.4449 4.8090 117.4125
v -52.4449 28.8760 117.4125
v -54.1629 28.8760 115.1995
v -54.1629 4.8090 115.1995
v -54.1629 4.8090 115.1995
v -54.1629 28.8760 115.1995
v -53.5979 28.8760 113.8155
v -53.5979 4.8090 113.8155
v -53.5979 4.8090 113.8155
v -53.5979 28.8760 113.8155
v -55.0939 28.8760 114.0035
v -55.0939 4.8090 114.0035
v -55.0939 4.8090 114.0035
v -55.0939 28.8760 114.0035
v -67.4179 28.8760 98.1405
v -67.4179 4.8090 98.1405
v -46.2749 4.8090 125.3535
v -46.2749 28.8760 125.3535
v -51.3519 28.8760 118.8185
v -51.3519 4.8090 118.8185
v -38.8709 4.8090 119.6095
v -38.8709 28.8760 119.6095
v -46.2749 28.8760 125.3535
v -46.2749 4.8090 125.3535
v -38.8709 4.8090 119.6095
v -46.2749 4.8090 125.3535
v -51.3519 4.8090 118.8185
v -50.8379 4.8090 117.7625
v -52.4449 4.8090 117.4125
v -54.1629 4.8090 115.1995
v -53.5979 4.8090 113.8155
v -55.0939 4.8090 114.0035
v -67.4179 4.8090 98.1405
v -59.4489 4.8090 92.9365
v -47.1379 4.8090 108.8945
v -45.7139 4.8090 110.7385
v -46.2229 4.8090 111.6045
v -45.1459 4.8090 112.9325
v -43.9739 4.8090 112.9945
v -46.2749 28.8760 125.3535
v -38.8709 28.8760 119.6095
v -43.9739 28.8760 112.9945
v -45.1459 28.8760 112.9325
v -46.2229 28.8760 111.6045
v -45.7139 28.8760 110.7385
v -47.1379 28.8760 108.8945
v -59.4489 28.8760 92.9365
v -67.4179 28.8760 98.1405
v -55.0939 28.8760 114.0035
v -53.5979 28.8760 113.8155
v -54.1629 28.8760 115.1995
v -52.4449 28.8760 117.4125
v -50.8379 28.8760 117.7625
v -51.3519 28.8760 118.8185
v 92.8031 6.5690 -8.6925
v 96.3891 5.4390 -14.7965
v 91.1801 5.4390 -10.7885
v 92.8161 6.5780 -8.6765
v 98.2131 6.5780 -12.6155
v 96.4801 5.4370 -14.8665
v 96.3891 5.4390 -14.7965
v 92.8031 6.5690 -8.6925
v 92.8161 6.5780 -8.6765
v 92.8161 24.2090 -8.6765
v 98.2131 24.2090 -12.6155
v 98.2131 6.5780 -12.6155
v 103.8261 2.4030 5.5305
v 103.8261 24.2090 5.5305
v 92.8161 24.2090 -8.6765
v 92.8161 6.5780 -8.6765
v 92.8031 6.5690 -8.6925
v 91.1801 5.4390 -10.7885
v 91.1801 2.4030 -10.7885
v 103.8261 2.4030 5.5305
v 91.1801 2.4030 -10.7885
v 96.4801 2.4030 -14.8665
v 98.2301 2.4030 -12.5925
v 102.4461 2.4030 -15.8355
v 113.5201 2.4030 -1.5455
v 113.5201 24.2090 -1.5455
v 102.4461 24.2090 -15.8355
v 98.2301 24.2090 -12.5925
v 98.2131 24.2090 -12.6155
v 92.8161 24.2090 -8.6765
v 103.8261 24.2090 5.5305
v 98.2301 24.2090 -12.5925
v 102.4461 24.2090 -15.8355
v 102.4461 2.4030 -15.8355
v 98.2301 2.4030 -12.5925
v 102.4461 24.2090 -15.8355
v 113.5201 24.2090 -1.5455
v 113.5201 2.4030 -1.5455
v 102.4461 2.4030 -15.8355
v 113.5201 24.2090 -1.5455
v 103.8261 24.2090 5.5305
v 103.8261 2.4030 5.5305
v 113.5201 2.4030 -1.5455
v 98.2301 2.4030 -12.5925
v 96.4801 2.4030 -14.8665
v 96.4801 5.4370 -14.8665
v 98.2131 6.5780 -12.6155
v 98.2131 24.2090 -12.6155
v 98.2301 24.2090 -12.5925
v 96.4801 2.4030 -14.8665
v 91.1801 2.4030 -10.7885
v 91.1801 5.4390 -10.7885
v 96.3891 5.4390 -14.7965
v 96.4801 5.4370 -14.8665
v 151.8151 7.5200 -28.2585
v 166.6281 7.5200 -39.7355
v 157.4751 7.5200 -51.6435
v 155.9361 7.5200 -53.6465
v 151.9911 7.5200 -58.7785
v 137.1171 7.5200 -47.2515
v 137.1171 1.5080 -47.2515
v 151.9911 1.5080 -58.7785
v 155.9361 1.5080 -53.6465
v 157.4751 1.5080 -51.6435
v 166.6281 1.5080 -39.7355
v 151.8151 1.5080 -28.2585
v 137.1171 1.5080 -47.2515
v 137.1171 7.5200 -47.2515
v 151.9911 7.5200 -58.7785
v 151.9911 1.5080 -58.7785
v 151.9911 1.5080 -58.7785
v 151.9911 7.5200 -58.7785
v 155.9361 7.5200 -53.6465
v 155.9361 1.5080 -53.6465
v 155.9361 1.5080 -53.6465
v 155.9361 7.5200 -53.6465
v 157.4751 7.5200 -51.6435
v 157.4751 1.5080 -51.6435
v 157.4751 1.5080 -51.6435
v 157.4751 7.5200 -51.6435
v 166.6281 7.5200 -39.7355
v 166.6281 1.5080 -39.7355
v 166.6281 1.5080 -39.7355
v 166.6281 7.5200 -39.7355
v 151.8151 7.5200 -28.2585
v 151.8151 1.5080 -28.2585
v 137.1171 1.5080 -47.2515
v 151.8151 1.5080 -28.2585
v 151.8151 7.5200 -28.2585
v 137.1171 7.5200 -47.2515
v 38.5011 28.5590 12.5135
v 40.1751 27.5160 4.0565
v 40.1601 27.5140 4.0365
v 35.2681 27.5140 3.0095
v 44.6871 28.5590 20.4765
v 46.4941 28.2340 19.4995
v 50.4921 27.5160 17.3355
v 40.1751 27.5160 4.0565
v 38.5011 28.5590 12.5135
v 38.8371 27.5110 23.6155
v 38.8521 27.5110 23.6335
v 42.8811 28.2340 21.4535
v 44.6871 28.5590 20.4765
v 38.5011 28.5590 12.5135
v 42.8811 28.2340 21.4535
v 38.8521 28.2340 23.6335
v 41.2051 28.2340 26.6835
v 41.6971 28.2340 26.3055
v 51.5581 28.2340 18.7085
v 50.4921 28.2340 17.3355
v 46.4941 28.2340 19.4995
v 25.5071 2.4760 18.6315
v 25.5071 28.4740 18.6315
v 21.1711 27.5140 10.6365
v 21.1711 2.4760 10.6365
v 31.6921 2.4760 27.3365
v 31.6921 27.5240 27.3365
v 27.3331 28.5130 19.0515
v 27.3331 2.4760 19.0515
v 35.2681 2.4760 3.0095
v 35.2681 27.5140 3.0095
v 40.1601 27.5140 4.0365
v 40.1601 2.4760 4.0365
v 38.8521 27.5110 23.6335
v 38.8521 28.2340 23.6335
v 42.8811 28.2340 21.4535
v 46.4941 28.2340 19.4995
v 50.4921 28.2340 17.3355
v 50.4921 27.5160 17.3355
v 51.5581 2.4760 18.7085
v 51.5581 28.2340 18.7085
v 41.6971 28.2340 26.3055
v 41.6971 2.4760 26.3055
v 41.6971 2.4760 26.3055
v 41.6971 28.2340 26.3055
v 41.2051 28.2340 26.6835
v 41.2051 2.4760 26.6835
v 38.8161 2.4760 23.5875
v 31.6921 2.4760 27.3365
v 27.3331 2.4760 19.0515
v 25.5071 2.4760 18.6315
v 21.1711 2.4760 10.6365
v 35.2681 2.4760 3.0095
v 40.1601 2.4760 4.0365
v 51.5581 2.4760 18.7085
v 41.6971 2.4760 26.3055
v 41.2051 2.4760 26.6835
v 38.8161 2.4760 23.5875
v 41.2051 2.4760 26.6835
v 41.2051 28.2340 26.6835
v 38.8521 28.2340 23.6335
v 38.8521 27.5110 23.6335
v 38.8371 27.5110 23.6155
v 38.8161 27.5150 23.5875
v 51.5581 2.4760 18.7085
v 40.1601 2.4760 4.0365
v 40.1601 27.5140 4.0365
v 40.1751 27.5160 4.0565
v 50.4921 27.5160 17.3355
v 50.4921 28.2340 17.3355
v 51.5581 28.2340 18.7085
v 42.8811 28.2340 21.4535
v 46.4941 28.2340 19.4995
v 44.6871 28.5590 20.4765
v 31.6921 27.5240 27.3365
v 31.6921 2.4760 27.3365
v 38.8161 2.4760 23.5875
v 38.8161 27.5150 23.5875
v 25.5071 2.4760 18.6315
v 27.3331 2.4760 19.0515
v 27.3331 28.5130 19.0515
v 26.6901 28.5590 18.9035
v 25.5071 28.4740 18.6315
v 35.2681 27.5140 3.0095
v 35.2681 2.4760 3.0095
v 21.1711 2.4760 10.6365
v 21.1711 27.5140 10.6365
v 26.6901 28.5590 18.9035
v 27.3331 28.5130 19.0515
v 31.6921 27.5240 27.3365
v 38.8161 27.5150 23.5875
v 38.8371 27.5110 23.6155
v 38.5011 28.5590 12.5135
v 26.6901 28.5590 18.9035
v 38.5011 28.5590 12.5135
v 35.2681 27.5140 3.0095
v 21.1711 27.5140 10.6365
v 25.5071 28.4740 18.6315
v -59.4489 4.3520 92.9365
v -59.4489 28.2530 92.9365
v -54.5149 28.2530 89.7135
v -54.5149 4.3520 89.7135
v -54.5149 4.3520 89.7135
v -54.5149 28.2530 89.7135
v -53.5249 28.2530 91.2095
v -53.5249 4.3520 91.2095
v -53.5249 4.3520 91.2095
v -53.5249 28.2530 91.2095
v -52.0999 28.2530 90.2665
v -52.0999 4.3520 90.2665
v -52.0999 4.3520 90.2665
v -52.0999 28.2530 90.2665
v -53.0839 28.2530 88.7795
v -53.0839 4.3520 88.7795
v -53.0839 4.3520 88.7795
v -53.0839 28.2530 88.7795
v -46.3319 28.2530 84.3715
v -46.3319 4.3520 84.3715
v -46.3319 4.3520 84.3715
v -46.3319 28.2530 84.3715
v -35.0819 28.2530 98.9445
v -35.0819 4.3520 98.9445
v -35.0819 4.3520 98.9445
v -35.0819 28.2530 98.9445
v -35.7869 28.2530 99.4645
v -35.7869 4.3520 99.4645
v -35.7869 4.3520 99.4645
v -35.7869 28.2530 99.4645
v -33.7529 28.2530 102.2135
v -33.7529 4.3520 102.2135
v -33.7529 4.3520 102.2135
v -33.7529 28.2530 102.2135
v -32.6039 28.2530 102.1535
v -32.6039 4.3520 102.1535
v -32.6039 4.3520 102.1535
v -32.6039 28.2530 102.1535
v -32.3359 28.2530 102.5015
v -32.3359 4.3520 102.5015
v -32.3359 4.3520 102.5015
v -32.3359 28.2530 102.5015
v -26.5249 28.2530 110.0285
v -26.5249 4.3520 110.0285
v -43.9739 4.3520 112.9945
v -43.9739 28.2530 112.9945
v -44.3289 28.2530 112.5355
v -44.3289 4.3520 112.5355
v -44.3289 4.3520 112.5355
v -44.3289 28.2530 112.5355
v -43.7109 28.2530 111.5745
v -43.7109 4.3520 111.5745
v -43.7109 4.3520 111.5745
v -43.7109 28.2530 111.5745
v -46.2959 28.2530 108.4445
v -46.2959 4.3520 108.4445
v -46.2959 4.3520 108.4445
v -46.2959 28.2530 108.4445
v -47.1379 28.2530 108.8945
v -47.1379 4.3520 108.8945
v -47.1379 4.3520 108.8945
v -47.1379 28.2530 108.8945
v -59.4489 28.2530 92.9365
v -59.4489 4.3520 92.9365
v -38.8709 4.3520 119.6095
v -38.8709 28.2530 119.6095
v -43.9739 28.2530 112.9945
v -43.9739 4.3520 112.9945
v -26.5249 4.3520 110.0285
v -26.5249 28.2530 110.0285
v -38.8709 28.2530 119.6095
v -38.8709 4.3520 119.6095
v -26.5249 4.3520 110.0285
v -38.8709 4.3520 119.6095
v -43.9739 4.3520 112.9945
v -44.3289 4.3520 112.5355
v -43.7109 4.3520 111.5745
v -46.2959 4.3520 108.4445
v -47.1379 4.3520 108.8945
v -59.4489 4.3520 92.9365
v -54.5149 4.3520 89.7135
v -53.5249 4.3520 91.2095
v -52.0999 4.3520 90.2665
v -53.0839 4.3520 88.7795
v -46.3319 4.3520 84.3715
v -35.0819 4.3520 98.9445
v -35.7869 4.3520 99.4645
v -33.7529 4.3520 102.2135
v -32.6039 4.3520 102.1535
v -32.3359 4.3520 102.5015
v -38.8709 28.2530 119.6095
v -26.5249 28.2530 110.0285
v -32.3359 28.2530 102.5015
v -32.6039 28.2530 102.1535
v -33.7529 28.2530 102.2135
v -35.7869 28.2530 99.4645
v -35.0819 28.2530 98.9445
v -46.3319 28.2530 84.3715
v -53.0839 28.2530 88.7795
v -52.0999 28.2530 90.2665
v -53.5249 28.2530 91.2095
v -54.5149 28.2530 89.7135
v -59.4489 28.2530 92.9365
v -47.1379 28.2530 108.8945
v -46.2959 28.2530 108.4445
v -43.7109 28.2530 111.5745
v -44.3289 28.2530 112.5355
v -43.9739 28.2530 112.9945
v 5.9631 27.8150 66.7525
v 7.1531 27.8160 65.8325
v 9.0711 28.1200 68.3135
v 18.6311 28.1200 60.8965
v 16.8531 27.8380 58.6015
v 17.9681 27.8390 57.7385
v 13.2931 27.0980 51.6995
v 5.7771 27.0870 57.3875
v 5.4681 27.0370 56.9815
v 4.3801 27.0360 57.8105
v 4.6291 27.0760 58.1345
v 1.2881 27.0740 60.7055
v 9.1701 27.9160 70.8995
v 14.6941 27.0400 78.0465
v 26.5621 27.0400 68.8385
v 20.6531 27.9760 61.2065
v 19.5401 27.9760 62.0695
v 18.6311 28.1200 60.8965
v 9.0711 28.1200 68.3135
v 9.8691 27.9930 69.3465
v 8.6791 27.9940 70.2655
v 1.2881 2.7400 60.7055
v 1.2881 27.0740 60.7055
v 4.6291 27.0760 58.1345
v 4.6291 2.7400 58.1345
v 4.6291 2.7400 58.1345
v 4.6291 27.0760 58.1345
v 4.3801 27.0360 57.8105
v 4.3801 2.7400 57.8105
v 4.3801 2.7400 57.8105
v 4.3801 27.0360 57.8105
v 5.4681 27.0370 56.9815
v 5.4681 2.7400 56.9815
v 5.4681 2.7400 56.9815
v 5.4681 27.0370 56.9815
v 5.7771 27.0870 57.3875
v 5.7771 2.7400 57.3875
v 5.7771 2.7400 57.3875
v 5.7771 27.0870 57.3875
v 13.2931 27.0980 51.6995
v 13.2931 2.7400 51.6995
v 13.2931 2.7400 51.6995
v 13.2931 27.0980 51.6995
v 17.9681 27.8390 57.7385
v 17.9681 2.7400 57.7385
v 17.9681 2.7400 57.7385
v 17.9681 27.8390 57.7385
v 16.8531 27.8380 58.6015
v 16.8531 2.7400 58.6015
v 7.1531 2.7400 65.8325
v 7.1531 27.8160 65.8325
v 5.9631 27.8150 66.7525
v 5.9631 2.7400 66.7525
v 5.9631 2.7400 66.7525
v 5.9631 27.8150 66.7525
v 1.2881 27.0740 60.7055
v 1.2881 2.7400 60.7055
v 8.6791 2.7400 70.2655
v 8.6791 27.9940 70.2655
v 9.8691 27.9930 69.3465
v 9.8691 2.7400 69.3465
v 19.5401 2.7400 62.0695
v 19.5401 27.9760 62.0695
v 20.6531 27.9760 61.2065
v 20.6531 2.7400 61.2065
v 20.6531 2.7400 61.2065
v 20.6531 27.9760 61.2065
v 26.5621 27.0400 68.8385
v 26.5621 2.7400 68.8385
v 26.5621 2.7400 68.8385
v 26.5621 27.0400 68.8385
v 14.6941 27.0400 78.0465
v 14.6941 2.7400 78.0465
v 14.6941 2.7400 78.0465
v 14.6941 27.0400 78.0465
v 9.1701 27.9160 70.8995
v 9.1701 2.7400 70.8995
v 9.1701 2.7400 70.8995
v 9.1701 27.9160 70.8995
v 8.6791 27.9940 70.2655
v 8.6791 2.7400 70.2655
v 9.8691 2.7400 69.3465
v 9.8691 27.9930 69.3465
v 9.0711 28.1200 68.3135
v 7.1531 27.8160 65.8325
v 7.1531 2.7400 65.8325
v 16.8531 2.7400 58.6015
v 16.8531 27.8380 58.6015
v 18.6311 28.1200 60.8965
v 19.5401 27.9760 62.0695
v 19.5401 2.7400 62.0695
v 16.8531 2.7400 58.6015
v 19.5401 2.7400 62.0695
v 20.6531 2.7400 61.2065
v 26.5621 2.7400 68.8385
v 14.6941 2.7400 78.0465
v 9.1701 2.7400 70.8995
v 8.6791 2.7400 70.2655
v 9.8691 2.7400 69.3465
v 7.1531 2.7400 65.8325
v 5.9631 2.7400 66.7525
v 1.2881 2.7400 60.7055
v 4.6291 2.7400 58.1345
v 4.3801 2.7400 57.8105
v 5.4681 2.7400 56.9815
v 5.7771 2.7400 57.3875
v 13.2931 2.7400 51.6995
v 17.9681 2.7400 57.7385
v 73.5311 15.4990 -56.3455
v 76.3261 20.6950 -52.7445
v 109.8771 20.6950 -78.9905
v 106.4701 14.3280 -83.4175
v 103.1581 14.3170 -80.8385
v 102.9131 13.8640 -81.1515
v 98.4661 13.8610 -77.6765
v 98.7521 14.3890 -77.3115
v 80.8851 14.4190 -63.3015
v 80.6981 14.0730 -63.5405
v 76.3561 14.0700 -60.1475
v 76.6041 14.5290 -59.8305
v 73.0021 14.5160 -57.0265
v 73.0021 1.2560 -57.0265
v 73.0021 14.5160 -57.0265
v 76.6041 14.5290 -59.8305
v 76.6041 1.2560 -59.8305
v 76.6041 1.2560 -59.8305
v 76.6041 14.5290 -59.8305
v 76.3561 14.0700 -60.1475
v 76.3561 1.2560 -60.1475
v 76.3561 1.2560 -60.1475
v 76.3561 14.0700 -60.1475
v 80.6981 14.0730 -63.5405
v 80.6981 1.2560 -63.5405
v 80.6981 1.2560 -63.5405
v 80.6981 14.0730 -63.5405
v 80.8851 14.4190 -63.3015
v 80.8851 1.2560 -63.3015
v 80.8851 1.2560 -63.3015
v 80.8851 14.4190 -63.3015
v 98.7521 14.3890 -77.3115
v 98.7521 1.2560 -77.3115
v 98.7521 1.2560 -77.3115
v 98.7521 14.3890 -77.3115
v 98.4661 13.8610 -77.6765
v 98.4661 1.2560 -77.6765
v 98.4661 1.2560 -77.6765
v 98.4661 13.8610 -77.6765
v 102.9131 13.8640 -81.1515
v 102.9131 1.2560 -81.1515
v 102.9131 1.2560 -81.1515
v 102.9131 13.8640 -81.1515
v 103.1581 14.3170 -80.8385
v 103.1581 1.2560 -80.8385
v 103.1581 1.2560 -80.8385
v 103.1581 14.3170 -80.8385
v 106.4701 14.3280 -83.4175
v 106.4701 1.2560 -83.4175
v 73.5311 1.2560 -56.3455
v 73.5311 15.4990 -56.3455
v 73.0021 14.5160 -57.0265
v 73.0021 1.2560 -57.0265
v 79.9531 1.2560 -48.0715
v 73.5311 1.2560 -56.3455
v 73.0021 1.2560 -57.0265
v 76.6041 1.2560 -59.8305
v 76.3561 1.2560 -60.1475
v 80.6981 1.2560 -63.5405
v 80.8851 1.2560 -63.3015
v 98.7521 1.2560 -77.3115
v 98.4661 1.2560 -77.6765
v 102.9131 1.2560 -81.1515
v 103.1581 1.2560 -80.8385
v 106.4701 1.2560 -83.4175
v 113.5871 1.2560 -74.1685
v 113.5871 13.7610 -74.1685
v 113.5871 1.2560 -74.1685
v 106.4701 1.2560 -83.4175
v 106.4701 14.3280 -83.4175
v 109.8771 20.6950 -78.9905
v 79.9531 13.9530 -48.0715
v 79.9531 1.2560 -48.0715
v 113.5871 1.2560 -74.1685
v 113.5871 13.7610 -74.1685
v 73.5311 1.2560 -56.3455
v 79.9531 1.2560 -48.0715
v 79.9531 13.9530 -48.0715
v 76.3261 20.6950 -52.7445
v 73.5311 15.4990 -56.3455
v 79.9531 13.9530 -48.0715
v 113.5871 13.7610 -74.1685
v 109.8771 20.6950 -78.9905
v 76.3261 20.6950 -52.7445
v 44.9891 25.9940 -127.4345
v 54.7831 25.9940 -138.8775
v 50.4231 21.4680 -142.5285
v 40.6481 21.4480 -131.1475
v 40.6481 1.4060 -131.1475
v 40.6481 21.4480 -131.1475
v 50.4231 21.4680 -142.5285
v 50.4231 1.4060 -142.5285
v 49.3201 1.4060 -123.7295
v 40.6481 1.4060 -131.1475
v 50.4231 1.4060 -142.5285
v 59.1541 1.4060 -135.2185
v 59.1541 21.4570 -135.2185
v 59.1541 1.4060 -135.2185
v 50.4231 1.4060 -142.5285
v 50.4231 21.4680 -142.5285
v 54.7831 25.9940 -138.8775
v 49.3201 21.4570 -123.7295
v 49.3201 1.4060 -123.7295
v 59.1541 1.4060 -135.2185
v 59.1541 21.4570 -135.2185
v 40.6481 1.4060 -131.1475
v 49.3201 1.4060 -123.7295
v 49.3201 21.4570 -123.7295
v 44.9891 25.9940 -127.4345
v 40.6481 21.4480 -131.1475
v 49.3201 21.4570 -123.7295
v 59.1541 21.4570 -135.2185
v 54.7831 25.9940 -138.8775
v 44.9891 25.9940 -127.4345
v -8.7869 27.6740 34.7395
v -7.9149 27.9140 36.3405
v 7.1831 27.9140 28.1095
v 3.0411 26.7770 20.5185
v -12.0519 26.7770 28.7465
v 7.1831 27.9140 28.1095
v -7.9149 27.9140 36.3405
v -6.7089 27.5820 38.5555
v -5.4319 27.5820 37.8595
v -2.4999 26.7760 43.2375
v 11.3241 26.7770 35.6995
v -12.0519 2.8650 28.7465
v -12.0519 26.7770 28.7465
v 3.0411 26.7770 20.5185
v 3.0411 2.8650 20.5185
v -8.7869 2.8650 34.7395
v -8.7869 27.6740 34.7395
v -12.0519 26.7770 28.7465
v -12.0519 2.8650 28.7465
v 11.3241 2.8650 35.6995
v 11.3241 26.7770 35.6995
v -2.4999 26.7760 43.2375
v -2.4999 2.8650 43.2375
v -2.4999 2.8650 43.2375
v -2.4999 26.7760 43.2375
v -5.4319 27.5820 37.8595
v -5.4319 2.8650 37.8595
v -5.4319 2.8650 37.8595
v -5.4319 27.5820 37.8595
v -6.7089 27.5820 38.5555
v -6.7089 2.8650 38.5555
v 3.0411 2.8650 20.5185
v 3.0411 26.7770 20.5185
v 7.1831 27.9140 28.1095
v 11.3241 26.7770 35.6995
v 11.3241 2.8650 35.6995
v -6.7089 2.8650 38.5555
v -6.7089 27.5820 38.5555
v -7.9149 27.9140 36.3405
v -8.7869 27.6740 34.7395
v -8.7869 2.8650 34.7395
v -6.7089 2.8650 38.5555
v -8.7869 2.8650 34.7395
v -12.0519 2.8650 28.7465
v 3.0411 2.8650 20.5185
v 11.3241 2.8650 35.6995
v -2.4999 2.8650 43.2375
v -5.4319 2.8650 37.8595
v 125.5531 9.7050 108.4295
v 128.2381 9.7050 108.0935
v 127.4801 4.9850 101.7375
v 124.7971 4.9730 102.0555
v 126.3071 4.9820 114.7895
v 128.9971 4.9820 114.4535
v 128.2381 9.7050 108.0935
v 125.5531 9.7050 108.4295
v 124.7971 3.4670 102.0555
v 124.7971 4.9730 102.0555
v 127.4801 4.9850 101.7375
v 127.4801 3.4670 101.7375
v 128.9971 3.4670 114.4535
v 128.9971 4.9820 114.4535
v 126.3071 4.9820 114.7895
v 126.3071 3.4670 114.7895
v 126.3071 3.4670 114.7895
v 126.3071 4.9820 114.7895
v 125.5531 9.7050 108.4295
v 124.7971 4.9730 102.0555
v 124.7971 3.4670 102.0555
v 127.4801 3.4670 101.7375
v 127.4801 4.9850 101.7375
v 128.2381 9.7050 108.0935
v 128.9971 4.9820 114.4535
v 128.9971 3.4670 114.4535
v 127.4801 3.4670 101.7375
v 128.9971 3.4670 114.4535
v 126.3071 3.4670 114.7895
v 124.7971 3.4670 102.0555
v -41.3469 25.8070 50.8955
v -43.9419 25.8070 46.1295
v -55.5359 25.8070 52.4485
v -51.1479 25.8070 60.4975
v -50.0889 25.8070 59.9225
v -47.6079 25.8070 64.4905
v -37.1199 25.8070 58.7745
v -37.1359 25.8070 58.7445
v -37.0879 25.8070 58.7185
v -39.6899 25.8070 53.9375
v -47.5779 23.4530 64.5455
v -45.2369 23.4530 63.2735
v -44.0779 23.4530 65.4085
v -35.9219 23.4530 60.9805
v -37.1199 23.4530 58.7745
v -47.6079 23.4530 64.4905
v -41.3469 25.8070 50.8955
v -40.5189 26.2310 52.4165
v -37.4799 26.2310 50.7605
v -41.0069 24.4770 44.5295
v -43.9419 24.4770 46.1295
v -37.4799 26.2310 50.7605
v -40.5189 26.2310 52.4165
v -39.6899 25.8070 53.9375
v -37.0879 24.4730 58.7185
v -34.1329 24.4710 57.1175
v -33.9399 24.4710 57.0115
v -43.9419 24.4770 46.1295
v -43.9419 25.8070 46.1295
v -41.3469 25.8070 50.8955
v -39.6899 25.8070 53.9375
v -37.0879 25.8070 58.7185
v -37.0879 24.4730 58.7185
v -37.1199 23.4530 58.7745
v -37.1199 25.8070 58.7745
v -47.6079 25.8070 64.4905
v -47.6079 23.4530 64.4905
v -50.0889 3.6250 59.9225
v -50.0889 25.8070 59.9225
v -51.1479 25.8070 60.4975
v -51.1479 3.6250 60.4975
v -51.1479 3.6250 60.4975
v -51.1479 25.8070 60.4975
v -55.5359 25.8070 52.4485
v -55.5359 3.6250 52.4485
v -35.9219 3.6250 60.9805
v -35.9219 23.4530 60.9805
v -44.0779 23.4530 65.4085
v -44.0779 3.6250 65.4085
v -44.0779 3.6250 65.4085
v -44.0779 23.4530 65.4085
v -45.2369 23.4530 63.2735
v -45.2369 3.6250 63.2735
v -45.2369 3.6250 63.2735
v -45.2369 23.4530 63.2735
v -47.5779 23.4530 64.5455
v -47.5779 3.6250 64.5455
v -33.9399 3.6250 57.0115
v -33.9399 24.4710 57.0115
v -34.1329 24.4710 57.1175
v -34.1329 3.6250 57.1175
v -37.1359 3.6250 58.7445
v -35.9219 3.6250 60.9805
v -44.0779 3.6250 65.4085
v -45.2369 3.6250 63.2735
v -47.5779 3.6250 64.5455
v -50.0889 3.6250 59.9225
v -51.1479 3.6250 60.4975
v -55.5359 3.6250 52.4485
v -41.0069 3.6250 44.5295
v -33.9399 3.6250 57.0115
v -34.1329 3.6250 57.1175
v -33.9399 3.6250 57.0115
v -41.0069 3.6250 44.5295
v -41.0069 24.4770 44.5295
v -37.4799 26.2310 50.7605
v -33.9399 24.4710 57.0115
v -41.3469 25.8070 50.8955
v -39.6899 25.8070 53.9375
v -40.5189 26.2310 52.4165
v -50.0889 3.6250 59.9225
v -47.5779 3.6250 64.5455
v -47.5779 23.4530 64.5455
v -47.6079 23.4530 64.4905
v -47.6079 25.8070 64.4905
v -50.0889 25.8070 59.9225
v -35.9219 3.6250 60.9805
v -37.1359 3.6250 58.7445
v -37.1359 25.8070 58.7445
v -37.1199 25.8070 58.7745
v -37.1199 23.4530 58.7745
v -35.9219 23.4530 60.9805
v -37.1359 3.6250 58.7445
v -34.1329 3.6250 57.1175
v -34.1329 24.4710 57.1175
v -37.0879 24.4730 58.7185
v -37.0879 25.8070 58.7185
v -37.1359 25.8070 58.7445
v -41.0069 3.6250 44.5295
v -55.5359 3.6250 52.4485
v -55.5359 25.8070 52.4485
v -43.9419 25.8070 46.1295
v -43.9419 24.4770 46.1295
v -41.0069 24.4770 44.5295
v 119.7041 2.5890 45.9665
v 119.7041 6.4270 45.9665
v 123.8831 6.4270 42.7275
v 123.8831 2.5890 42.7275
v 140.1501 2.5890 63.6935
v 140.1501 6.4270 63.6935
v 146.2761 6.4270 72.4675
v 146.2761 2.5890 72.4675
v 146.2761 2.5890 72.4675
v 146.2761 6.4270 72.4675
v 145.0271 6.4270 74.1425
v 145.0271 2.5890 74.1425
v 125.8541 2.5890 57.4455
v 125.8541 6.4270 57.4455
v 123.9921 6.4270 54.8725
v 123.9921 2.5890 54.8725
v 123.9921 2.5890 54.8725
v 123.9921 6.4270 54.8725
v 125.6271 6.4270 53.6045
v 125.6271 2.5890 53.6045
v 125.6271 2.5890 53.6045
v 125.6271 6.4270 53.6045
v 119.7041 6.4270 45.9665
v 119.7041 2.5890 45.9665
v 140.1501 6.4270 63.6935
v 140.1501 2.5890 63.6935
v 123.8831 2.5890 42.7275
v 123.8831 6.4270 42.7275
v 125.8541 6.4270 57.4455
v 125.8541 2.5890 57.4455
v 124.4521 2.5890 58.4065
v 124.4521 6.4270 58.4065
v 145.0271 2.5890 74.1425
v 145.0271 6.4270 74.1425
v 124.4521 6.4270 58.4065
v 124.4521 2.5890 58.4065
v 145.0271 2.5890 74.1425
v 124.4521 2.5890 58.4065
v 125.8541 2.5890 57.4455
v 123.9921 2.5890 54.8725
v 125.6271 2.5890 53.6045
v 119.7041 2.5890 45.9665
v 123.8831 2.5890 42.7275
v 140.1501 2.5890 63.6935
v 146.2761 2.5890 72.4675
v 124.4521 6.4270 58.4065
v 145.0271 6.4270 74.1425
v 146.2761 6.4270 72.4675
v 140.1501 6.4270 63.6935
v 123.8831 6.4270 42.7275
v 119.7041 6.4270 45.9665
v 125.6271 6.4270 53.6045
v 123.9921 6.4270 54.8725
v 125.8541 6.4270 57.4455
v -36.6249 28.8950 52.2705
v -33.7799 28.8950 50.7195
v -34.6829 28.7030 49.1305
v -38.1749 27.9590 42.9855
v -41.0069 27.9590 44.5295
v -32.8769 28.7030 52.3085
v -29.5209 28.7030 58.2125
v -27.9609 28.7030 57.3215
v -27.7809 28.7030 57.6355
v -21.5419 28.7030 54.2355
v -21.6209 28.7030 54.0915
v -19.7819 28.7030 53.0795
v -23.1529 28.7030 46.9195
v -24.8329 28.7030 43.8505
v -28.2629 28.7030 37.5825
v -38.1749 28.7030 42.9855
v -34.6829 28.7030 49.1305
v -35.9429 28.7500 53.4745
v -34.7499 28.7530 52.7925
v -31.1279 27.9840 59.1305
v -29.5209 27.9880 58.2125
v -32.8769 28.7030 52.3085
v -33.7799 28.8950 50.7195
v -36.6249 28.8950 52.2705
v -24.8329 28.7030 43.8505
v -23.9929 29.0190 45.3855
v -21.6529 29.0190 44.1095
v -25.9149 27.4110 36.3035
v -26.3319 27.4110 36.5305
v -27.5249 27.4110 37.1805
v -28.2629 27.4110 37.5825
v -23.1529 13.5060 69.2365
v -18.7109 18.4820 66.3345
v -26.8969 14.5920 60.3095
v -27.9179 13.4880 60.8915
v -26.4119 15.1080 60.0325
v -26.8969 14.5920 60.3095
v -18.7109 18.4820 66.3345
v -18.6919 18.5030 66.3225
v -24.5299 18.5030 55.8635
v -27.7809 15.0820 57.6355
v -14.7069 13.7030 62.9875
v -17.3339 13.7270 58.2415
v -17.0619 13.4400 58.0905
v -18.4809 13.4500 55.5215
v -20.2839 15.3520 56.5155
v -21.5419 15.3600 54.2355
v -24.5299 18.5030 55.8635
v -18.6919 18.5030 66.3225
v -18.1769 17.9250 65.9855
v -14.4089 13.7050 63.5255
v -14.7069 13.7030 62.9875
v -24.5299 18.5030 55.8635
v -23.1529 28.7030 46.9195
v -19.7819 27.4330 53.0795
v -18.6629 27.4340 52.4645
v -22.2369 28.7770 45.9555
v -21.4379 28.7770 45.5175
v -21.0119 28.7770 45.2845
v -21.6529 29.0190 44.1095
v -23.9929 29.0190 45.3855
v -28.2629 27.4110 37.5825
v -28.2629 28.7030 37.5825
v -24.8329 28.7030 43.8505
v -23.1529 28.7030 46.9195
v -19.7819 28.7030 53.0795
v -19.7819 27.4330 53.0795
v -29.5209 27.9880 58.2125
v -29.5209 28.7030 58.2125
v -32.8769 28.7030 52.3085
v -34.6829 28.7030 49.1305
v -38.1749 28.7030 42.9855
v -38.1749 27.9590 42.9855
v -31.1279 1.6400 59.1305
v -31.1279 27.9840 59.1305
v -34.7499 28.7530 52.7925
v -34.7499 1.6400 52.7925
v -34.7499 1.6400 52.7925
v -34.7499 28.7530 52.7925
v -35.9429 28.7500 53.4745
v -35.9429 1.6400 53.4745
v -27.5249 1.6400 37.1805
v -27.5249 27.4110 37.1805
v -26.3319 27.4110 36.5305
v -26.3319 1.6400 36.5305
v -26.3319 1.6400 36.5305
v -26.3319 27.4110 36.5305
v -25.9149 27.4110 36.3035
v -25.9149 1.6400 36.3035
v -23.1529 1.6400 69.2365
v -23.1529 13.5060 69.2365
v -27.9179 13.4880 60.8915
v -27.9179 1.6400 60.8915
v -20.2839 1.6400 56.5155
v -20.2839 15.3520 56.5155
v -18.4809 13.4500 55.5215
v -18.4809 1.6400 55.5215
v -18.4809 1.6400 55.5215
v -18.4809 13.4500 55.5215
v -17.0619 13.4400 58.0905
v -17.0619 1.6400 58.0905
v -17.0619 1.6400 58.0905
v -17.0619 13.4400 58.0905
v -17.3339 13.7270 58.2415
v -17.3339 1.6400 58.2415
v -14.4089 1.6400 63.5255
v -14.4089 13.7050 63.5255
v -18.1769 17.9250 65.9855
v -18.1769 1.6400 65.9855
v -21.0119 1.6400 45.2845
v -21.0119 28.7770 45.2845
v -21.4379 28.7770 45.5175
v -21.4379 1.6400 45.5175
v -21.4379 1.6400 45.5175
v -21.4379 28.7770 45.5175
v -22.2369 28.7770 45.9555
v -22.2369 1.6400 45.9555
v -22.2369 1.6400 45.9555
v -22.2369 28.7770 45.9555
v -18.6629 27.4340 52.4645
v -18.6629 1.6400 52.4645
v -23.1529 1.6400 69.2365
v -27.9179 1.6400 60.8915
v -26.4119 1.6400 60.0325
v -27.9609 1.6400 57.3215
v -31.1279 1.6400 59.1305
v -34.7499 1.6400 52.7925
v -35.9429 1.6400 53.4745
v -41.0069 1.6400 44.5295
v -27.5249 1.6400 37.1805
v -26.3319 1.6400 36.5305
v -25.9149 1.6400 36.3035
v -21.0119 1.6400 45.2845
v -21.4379 1.6400 45.5175
v -22.2369 1.6400 45.9555
v -18.6629 1.6400 52.4645
v -21.6209 1.6400 54.0915
v -20.2839 1.6400 56.5155
v -18.4809 1.6400 55.5215
v -17.0619 1.6400 58.0905
v -17.3339 1.6400 58.2415
v -14.4089 1.6400 63.5255
v -18.1769 1.6400 65.9855
v -27.5249 1.6400 37.1805
v -41.0069 1.6400 44.5295
v -41.0069 27.9590 44.5295
v -38.1749 27.9590 42.9855
v -38.1749 28.7030 42.9855
v -28.2629 28.7030 37.5825
v -28.2629 27.4110 37.5825
v -27.5249 27.4110 37.1805
v -23.1529 1.6400 69.2365
v -18.1769 1.6400 65.9855
v -18.1769 17.9250 65.9855
v -18.6919 18.5030 66.3225
v -18.7109 18.4820 66.3345
v -23.1529 13.5060 69.2365
v -14.4089 1.6400 63.5255
v -17.3339 1.6400 58.2415
v -17.3339 13.7270 58.2415
v -14.7069 13.7030 62.9875
v -14.4089 13.7050 63.5255
v -26.4119 1.6400 60.0325
v -27.9179 1.6400 60.8915
v -27.9179 13.4880 60.8915
v -26.8969 14.5920 60.3095
v -26.4119 15.1080 60.0325
v -24.8329 28.7030 43.8505
v -23.1529 28.7030 46.9195
v -23.9929 29.0190 45.3855
v -21.0119 1.6400 45.2845
v -25.9149 1.6400 36.3035
v -25.9149 27.4110 36.3035
v -21.6529 29.0190 44.1095
v -21.0119 28.7770 45.2845
v -31.1279 1.6400 59.1305
v -27.9609 1.6400 57.3215
v -27.9609 28.7030 57.3215
v -29.5209 28.7030 58.2125
v -29.5209 27.9880 58.2125
v -31.1279 27.9840 59.1305
v -27.9609 1.6400 57.3215
v -26.4119 1.6400 60.0325
v -26.4119 15.1080 60.0325
v -27.7809 15.0820 57.6355
v -27.7809 28.7030 57.6355
v -27.9609 28.7030 57.3215
v -21.5419 28.7030 54.2355
v -27.7809 28.7030 57.6355
v -27.7809 15.0820 57.6355
v -24.5299 18.5030 55.8635
v -21.5419 15.3600 54.2355
v -20.2839 1.6400 56.5155
v -21.6209 1.6400 54.0915
v -21.6209 28.7030 54.0915
v -21.5419 28.7030 54.2355
v -21.5419 15.3600 54.2355
v -20.2839 15.3520 56.5155
v -21.6209 1.6400 54.0915
v -18.6629 1.6400 52.4645
v -18.6629 27.4340 52.4645
v -19.7819 27.4330 53.0795
v -19.7819 28.7030 53.0795
v -21.6209 28.7030 54.0915
v -41.0069 1.6400 44.5295
v -35.9429 1.6400 53.4745
v -35.9429 28.7500 53.4745
v -36.6249 28.8950 52.2705
v -41.0069 27.9590 44.5295
v -32.8769 28.7030 52.3085
v -34.6829 28.7030 49.1305
v -33.7799 28.8950 50.7195
v -12.8829 2.5660 -104.5705
v -12.8829 20.7080 -104.5705
v -12.5059 20.7080 -104.6445
v -12.5059 2.5660 -104.6445
v -12.5059 2.5660 -104.6445
v -12.5059 20.7080 -104.6445
v -12.7619 20.7080 -105.9545
v -12.7619 2.5660 -105.9545
v -12.7619 2.5660 -105.9545
v -12.7619 20.7080 -105.9545
v -9.9089 20.7080 -106.5135
v -9.9089 2.5660 -106.5135
v -9.9089 2.5660 -106.5135
v -9.9089 20.7080 -106.5135
v -10.0959 20.7080 -107.4715
v -10.0959 2.5660 -107.4715
v -10.0959 2.5660 -107.4715
v -10.0959 20.7080 -107.4715
v -0.6759 20.7080 -109.5835
v -0.6759 2.5660 -109.5835
v -0.6759 2.5660 -109.5835
v -0.6759 20.7080 -109.5835
v 1.6391 20.7080 -99.2615
v 1.6391 2.5660 -99.2615
v -11.2789 2.5660 -96.4135
v -11.2789 20.7080 -96.4135
v -12.1049 20.7080 -100.6175
v -12.1049 2.5660 -100.6175
v 1.6391 2.5660 -99.2615
v 1.6391 20.7080 -99.2615
v -11.2789 20.7080 -96.4135
v -11.2789 2.5660 -96.4135
v -12.1049 2.5660 -100.6175
v -12.1049 20.7080 -100.6175
v -12.8829 20.7080 -104.5705
v -12.8829 2.5660 -104.5705
v -12.1049 2.5660 -100.6175
v -12.8829 2.5660 -104.5705
v -12.5059 2.5660 -104.6445
v -12.7619 2.5660 -105.9545
v -9.9089 2.5660 -106.5135
v -10.0959 2.5660 -107.4715
v -0.6759 2.5660 -109.5835
v 1.6391 2.5660 -99.2615
v -11.2789 2.5660 -96.4135
v -12.8829 20.7080 -104.5705
v -12.1049 20.7080 -100.6175
v -11.2789 20.7080 -96.4135
v 1.6391 20.7080 -99.2615
v -0.6759 20.7080 -109.5835
v -10.0959 20.7080 -107.4715
v -9.9089 20.7080 -106.5135
v -12.7619 20.7080 -105.9545
v -12.5059 20.7080 -104.6445
v -52.4059 2.5550 -125.2065
v -52.4059 22.6690 -125.2065
v -48.5439 22.6690 -126.6005
v -48.5439 2.5550 -126.6005
v -48.5439 2.5550 -126.6005
v -48.5439 22.6690 -126.6005
v -48.3859 22.6690 -126.1845
v -48.3859 2.5550 -126.1845
v -48.3859 2.5550 -126.1845
v -48.3859 22.6690 -126.1845
v -42.0499 22.6690 -128.6035
v -42.0499 2.5550 -128.6035
v -42.0499 2.5550 -128.6035
v -42.0499 22.6690 -128.6035
v -42.1639 22.6690 -128.9015
v -42.1639 2.5550 -128.9015
v -42.1639 2.5550 -128.9015
v -42.1639 22.6690 -128.9015
v -38.3709 22.6690 -130.2695
v -38.3709 2.5550 -130.2695
v -38.3709 2.5550 -130.2695
v -38.3709 22.6690 -130.2695
v -35.2089 22.6690 -121.5635
v -35.2089 2.5550 -121.5635
v -48.3709 2.5550 -114.1235
v -48.3709 22.6690 -114.1235
v -52.4059 22.6690 -125.2065
v -52.4059 2.5550 -125.2065
v -34.3439 2.5550 -119.1865
v -34.3439 22.6690 -119.1865
v -48.3709 22.6690 -114.1235
v -48.3709 2.5550 -114.1235
v -34.3439 22.6690 -119.1865
v -34.3439 2.5550 -119.1865
v -35.2089 2.5550 -121.5635
v -35.2089 22.6690 -121.5635
v -35.2089 2.5550 -121.5635
v -34.3439 2.5550 -119.1865
v -48.3709 2.5550 -114.1235
v -52.4059 2.5550 -125.2065
v -48.5439 2.5550 -126.6005
v -48.3859 2.5550 -126.1845
v -42.0499 2.5550 -128.6035
v -42.1639 2.5550 -128.9015
v -38.3709 2.5550 -130.2695
v -34.3439 22.6690 -119.1865
v -35.2089 22.6690 -121.5635
v -38.3709 22.6690 -130.2695
v -42.1639 22.6690 -128.9015
v -42.0499 22.6690 -128.6035
v -48.3859 22.6690 -126.1845
v -48.5439 22.6690 -126.6005
v -52.4059 22.6690 -125.2065
v -48.3709 22.6690 -114.1235
v 37.4111 1.8330 -133.9155
v 35.6021 1.8330 -135.4625
v 38.3211 1.8330 -138.0295
v 39.8631 1.8330 -136.7825
v 39.8631 4.2830 -136.7825
v 38.3211 4.2830 -138.0295
v 35.6021 4.2830 -135.4625
v 37.4111 4.2830 -133.9155
v 37.4111 4.2830 -133.9155
v 35.6021 4.2830 -135.4625
v 35.6021 1.8330 -135.4625
v 37.4111 1.8330 -133.9155
v 35.6021 4.2830 -135.4625
v 38.3211 4.2830 -138.0295
v 38.3211 1.8330 -138.0295
v 35.6021 1.8330 -135.4625
v 38.3211 4.2830 -138.0295
v 39.8631 4.2830 -136.7825
v 39.8631 1.8330 -136.7825
v 38.3211 1.8330 -138.0295
v 39.8631 4.2830 -136.7825
v 37.4111 4.2830 -133.9155
v 37.4111 1.8330 -133.9155
v 39.8631 1.8330 -136.7825
v 15.7101 6.3150 43.7385
v 14.5781 6.3150 41.6645
v 7.3231 6.3150 46.4095
v 8.4531 6.3150 48.4805
v 8.4531 2.5520 48.4805
v 7.3231 2.5520 46.4095
v 14.5781 2.5520 41.6645
v 15.7101 2.5520 43.7385
v 7.3231 2.5520 46.4095
v 7.3231 6.3150 46.4095
v 14.5781 6.3150 41.6645
v 14.5781 2.5520 41.6645
v 14.5781 2.5520 41.6645
v 14.5781 6.3150 41.6645
v 15.7101 6.3150 43.7385
v 15.7101 2.5520 43.7385
v 8.4531 2.5520 48.4805
v 8.4531 6.3150 48.4805
v 7.3231 6.3150 46.4095
v 7.3231 2.5520 46.4095
v 8.4531 2.5520 48.4805
v 15.7101 2.5520 43.7385
v 15.7101 6.3150 43.7385
v 8.4531 6.3150 48.4805
v 84.1041 3.0290 18.7045
v 81.8811 3.0290 20.3985
v 80.4711 3.0290 18.5605
v 82.7021 3.0290 16.8695
v 82.7021 5.6640 16.8695
v 80.4711 5.6640 18.5605
v 81.8811 5.6640 20.3985
v 84.1041 5.6640 18.7045
v 84.1041 5.6640 18.7045
v 81.8811 5.6640 20.3985
v 81.8811 3.0290 20.3985
v 84.1041 3.0290 18.7045
v 81.8811 5.6640 20.3985
v 80.4711 5.6640 18.5605
v 80.4711 3.0290 18.5605
v 81.8811 3.0290 20.3985
v 80.4711 5.6640 18.5605
v 82.7021 5.6640 16.8695
v 82.7021 3.0290 16.8695
v 80.4711 3.0290 18.5605
v 82.7021 5.6640 16.8695
v 84.1041 5.6640 18.7045
v 84.1041 3.0290 18.7045
v 82.7021 3.0290 16.8695
v -8.5799 28.8970 78.3975
v -7.6039 28.8960 77.6405
v -5.9749 29.4150 79.7455
v 6.8291 29.4150 69.8555
v 5.0041 28.8330 67.4945
v 5.9631 28.8330 66.7525
v 1.2881 27.3440 60.7055
v 0.8701 27.2110 60.1635
v -13.8729 27.2110 71.5515
v -4.4709 28.9360 81.6885
v -5.4499 28.9360 82.4475
v -0.0229 27.2070 89.4665
v 14.6941 27.2150 78.0465
v 9.1701 28.9750 70.8995
v 8.2091 28.9750 71.6425
v 6.8291 29.4150 69.8555
v -5.9749 29.4150 79.7455
v -13.8729 2.4290 71.5515
v -13.8729 27.2110 71.5515
v 0.8701 27.2110 60.1635
v 0.8701 2.4290 60.1635
v 0.8701 2.4290 60.1635
v 0.8701 27.2110 60.1635
v 1.2881 27.3440 60.7055
v 1.2881 2.4290 60.7055
v 1.2881 2.4290 60.7055
v 1.2881 27.3440 60.7055
v 5.9631 28.8330 66.7525
v 5.9631 2.4290 66.7525
v 5.9631 2.4290 66.7525
v 5.9631 28.8330 66.7525
v 5.0041 28.8330 67.4945
v 5.0041 2.4290 67.4945
v -7.6039 2.4290 77.6405
v -7.6039 28.8960 77.6405
v -8.5799 28.8970 78.3975
v -8.5799 2.4290 78.3975
v -8.5799 2.4290 78.3975
v -8.5799 28.8970 78.3975
v -13.8729 27.2110 71.5515
v -13.8729 2.4290 71.5515
v 8.2091 2.4290 71.6425
v 8.2091 28.9750 71.6425
v 9.1701 28.9750 70.8995
v 9.1701 2.4290 70.8995
v 9.1701 2.4290 70.8995
v 9.1701 28.9750 70.8995
v 14.6941 27.2150 78.0465
v 14.6941 2.4290 78.0465
v 14.6941 2.4290 78.0465
v 14.6941 27.2150 78.0465
v -0.0229 27.2070 89.4665
v -0.0229 2.4290 89.4665
v -0.0229 2.4290 89.4665
v -0.0229 27.2070 89.4665
v -5.4499 28.9360 82.4475
v -5.4499 2.4290 82.4475
v -5.4499 2.4290 82.4475
v -5.4499 28.9360 82.4475
v -4.4709 28.9360 81.6885
v -4.4709 2.4290 81.6885
v -4.4709 2.4290 81.6885
v -4.4709 28.9360 81.6885
v -5.9749 29.4150 79.7455
v -7.6039 28.8960 77.6405
v -7.6039 2.4290 77.6405
v 5.0041 2.4290 67.4945
v 5.0041 28.8330 67.4945
v 6.8291 29.4150 69.8555
v 8.2091 28.9750 71.6425
v 8.2091 2.4290 71.6425
v 5.0041 2.4290 67.4945
v 8.2091 2.4290 71.6425
v 9.1701 2.4290 70.8995
v 14.6941 2.4290 78.0465
v -0.0229 2.4290 89.4665
v -5.4499 2.4290 82.4475
v -4.4709 2.4290 81.6885
v -7.6039 2.4290 77.6405
v -8.5799 2.4290 78.3975
v -13.8729 2.4290 71.5515
v 0.8701 2.4290 60.1635
v 1.2881 2.4290 60.7055
v 5.9631 2.4290 66.7525
v 135.1211 6.9290 57.2125
v 144.0951 6.9290 50.2525
v 141.0301 6.9290 46.2975
v 132.0521 6.9290 53.2575
v 141.0301 6.9290 46.2975
v 141.0301 19.6830 46.2975
v 132.0521 19.6830 53.2575
v 132.0521 6.9290 53.2575
v 144.0951 2.5130 50.2525
v 144.0951 6.9290 50.2525
v 135.1211 6.9290 57.2125
v 135.1211 2.5130 57.2125
v 123.8831 2.5130 42.7275
v 135.3861 2.5130 33.8105
v 143.5171 2.5130 44.3115
v 141.0011 2.5130 46.2605
v 144.0951 2.5130 50.2525
v 135.1211 2.5130 57.2125
v 123.8831 2.5130 42.7275
v 135.1211 2.5130 57.2125
v 135.1211 6.9290 57.2125
v 132.0521 6.9290 53.2575
v 132.0521 19.6830 53.2575
v 127.9521 25.8420 47.9725
v 123.8831 19.7290 42.7275
v 143.5171 2.5130 44.3115
v 135.3861 2.5130 33.8105
v 135.3861 19.7290 33.8105
v 139.4501 25.8420 39.0595
v 143.5171 19.7250 44.3115
v 144.0951 2.5130 50.2525
v 141.0011 2.5130 46.2605
v 141.0011 19.7260 46.2605
v 141.0301 19.6830 46.2975
v 141.0301 6.9290 46.2975
v 144.0951 6.9290 50.2525
v 141.0011 19.7260 46.2605
v 141.0011 2.5130 46.2605
v 143.5171 2.5130 44.3115
v 143.5171 19.7250 44.3115
v 135.3861 19.7290 33.8105
v 135.3861 2.5130 33.8105
v 123.8831 2.5130 42.7275
v 123.8831 19.7290 42.7275
v 127.9521 25.8420 47.9725
v 132.0521 19.6830 53.2575
v 141.0301 19.6830 46.2975
v 141.0011 19.7260 46.2605
v 143.5171 19.7250 44.3115
v 139.4501 25.8420 39.0595
v 127.9521 25.8420 47.9725
v 139.4501 25.8420 39.0595
v 135.3861 19.7290 33.8105
v 123.8831 19.7290 42.7275
v -34.2579 29.2810 164.5265
v -25.5929 29.2810 157.8495
v -25.6209 29.2880 157.8125
v -25.5609 29.2880 157.7665
v -28.2769 29.9350 154.1675
v -28.8749 30.0780 153.3755
v -31.8679 30.7910 149.4095
v -38.4449 30.7910 154.4785
v -40.2759 30.7910 155.8885
v -40.5919 30.7910 156.1325
v -32.5249 29.7550 166.8235
v -23.7999 29.7550 160.1835
v -25.5929 29.7550 157.8495
v -34.2579 29.7550 164.5265
v -28.8749 30.0780 153.3755
v -28.7159 30.1590 153.5865
v -26.0249 30.1590 151.5125
v -29.2139 28.5500 147.3635
v -31.8679 28.5500 149.4095
v -28.2769 29.9350 154.1675
v -25.5609 28.5490 157.7665
v -22.8309 28.5470 155.6685
v -26.0249 30.1590 151.5125
v -28.7159 30.1590 153.5865
v -40.5919 5.1200 156.1325
v -40.5919 30.7910 156.1325
v -40.2759 30.7910 155.8885
v -40.2759 5.1200 155.8885
v -40.2759 5.1200 155.8885
v -40.2759 30.7910 155.8885
v -38.4449 30.7910 154.4785
v -38.4449 5.1200 154.4785
v -31.8679 28.5500 149.4095
v -31.8679 30.7910 149.4095
v -28.8749 30.0780 153.3755
v -28.2769 29.9350 154.1675
v -25.5609 29.2880 157.7665
v -25.5609 28.5490 157.7665
v -34.2579 29.2810 164.5265
v -34.2579 29.7550 164.5265
v -25.5929 29.7550 157.8495
v -25.5929 29.2810 157.8495
v -23.7999 29.5750 160.1835
v -23.7999 29.7550 160.1835
v -32.5249 29.7550 166.8235
v -32.5249 29.5750 166.8235
v -19.3859 5.1200 168.9475
v -19.3859 28.1330 168.9475
v -18.2519 27.8530 170.4345
v -18.2519 5.1200 170.4345
v -18.2519 5.1200 170.4345
v -18.2519 27.8530 170.4345
v -20.9779 27.8530 172.5095
v -20.9779 5.1200 172.5095
v -20.9779 5.1200 172.5095
v -20.9779 27.8530 172.5095
v -22.1519 28.1430 170.9635
v -22.1519 5.1200 170.9635
v -26.3009 5.1200 174.1015
v -26.3009 28.1460 174.1015
v -26.7669 28.1460 174.4545
v -26.7669 5.1200 174.4545
v -20.9939 5.1200 158.0605
v -20.9939 29.5730 158.0605
v -15.1299 28.1350 165.6885
v -15.1299 5.1200 165.6885
v -19.3859 5.1200 168.9475
v -18.2519 5.1200 170.4345
v -20.9779 5.1200 172.5095
v -22.1519 5.1200 170.9635
v -26.3009 5.1200 174.1015
v -26.7669 5.1200 174.4545
v -40.5919 5.1200 156.1325
v -40.2759 5.1200 155.8885
v -38.4449 5.1200 154.4785
v -29.2139 5.1200 147.3635
v -22.8309 5.1200 155.6685
v -25.6209 5.1200 157.8125
v -23.7839 5.1200 160.2045
v -20.9939 5.1200 158.0605
v -15.1299 5.1200 165.6885
v -40.5919 5.1200 156.1325
v -26.7669 5.1200 174.4545
v -26.7669 28.1460 174.4545
v -32.5249 29.5750 166.8235
v -32.5249 29.7550 166.8235
v -34.2579 29.7550 164.5265
v -34.2579 29.2810 164.5265
v -40.5919 30.7910 156.1325
v -23.7839 5.1200 160.2045
v -25.6209 5.1200 157.8125
v -25.6209 29.2880 157.8125
v -25.5929 29.2810 157.8495
v -25.5929 29.7550 157.8495
v -23.7999 29.7550 160.1835
v -23.7999 29.5750 160.1835
v -23.7839 29.5710 160.2045
v -28.8749 30.0780 153.3755
v -28.2769 29.9350 154.1675
v -28.7159 30.1590 153.5865
v -22.8309 5.1200 155.6685
v -29.2139 5.1200 147.3635
v -29.2139 28.5500 147.3635
v -26.0249 30.1590 151.5125
v -22.8309 28.5470 155.6685
v -26.3009 28.1460 174.1015
v -26.3009 5.1200 174.1015
v -22.1519 5.1200 170.9635
v -22.1519 28.1430 170.9635
v -19.3859 28.1330 168.9475
v -19.3859 5.1200 168.9475
v -15.1299 5.1200 165.6885
v -15.1299 28.1350 165.6885
v -20.9939 29.5730 158.0605
v -20.9939 5.1200 158.0605
v -23.7839 5.1200 160.2045
v -23.7839 29.5710 160.2045
v -25.6209 5.1200 157.8125
v -22.8309 5.1200 155.6685
v -22.8309 28.5470 155.6685
v -25.5609 28.5490 157.7665
v -25.5609 29.2880 157.7665
v -25.6209 29.2880 157.8125
v -29.2139 5.1200 147.3635
v -38.4449 5.1200 154.4785
v -38.4449 30.7910 154.4785
v -31.8679 30.7910 149.4095
v -31.8679 28.5500 149.4095
v -29.2139 28.5500 147.3635
v -20.9939 29.5730 158.0605
v -23.7839 29.5710 160.2045
v -23.7999 29.5750 160.1835
v -32.5249 29.5750 166.8235
v -26.7669 28.1460 174.4545
v -26.3009 28.1460 174.1015
v -22.1519 28.1430 170.9635
v -20.9779 27.8530 172.5095
v -18.2519 27.8530 170.4345
v -19.3859 28.1330 168.9475
v -15.1299 28.1350 165.6885
v 83.9791 25.9340 -128.9465
v 95.1511 25.9340 -142.0025
v 90.6271 20.9510 -145.8655
v 79.4331 20.9510 -132.7845
v 88.4991 20.9790 -125.1295
v 99.6981 20.9260 -138.1195
v 95.1511 25.9340 -142.0025
v 83.9791 25.9340 -128.9465
v 79.4331 1.0410 -132.7845
v 79.4331 20.9510 -132.7845
v 90.6271 20.9510 -145.8655
v 90.6271 1.0410 -145.8655
v 99.6981 1.0410 -138.1195
v 99.6981 20.9260 -138.1195
v 88.4991 20.9790 -125.1295
v 88.4991 1.0410 -125.1295
v 88.4991 1.0410 -125.1295
v 88.4991 20.9790 -125.1295
v 83.9791 25.9340 -128.9465
v 79.4331 20.9510 -132.7845
v 79.4331 1.0410 -132.7845
v 90.6271 1.0410 -145.8655
v 90.6271 20.9510 -145.8655
v 95.1511 25.9340 -142.0025
v 99.6981 20.9260 -138.1195
v 99.6981 1.0410 -138.1195
v 90.6271 1.0410 -145.8655
v 99.6981 1.0410 -138.1195
v 88.4991 1.0410 -125.1295
v 79.4331 1.0410 -132.7845
v 141.8691 19.3480 -71.9535
v 144.3061 20.0010 -68.7815
v 155.7061 20.0010 -77.5425
v 151.9791 19.0110 -82.3325
v 140.6431 19.0200 -73.5485
v 147.9881 19.0150 -63.9885
v 159.4161 19.0150 -72.7715
v 159.0491 19.1130 -73.2465
v 155.7061 20.0010 -77.5425
v 144.3061 20.0010 -68.7815
v 140.6431 0.7890 -73.5485
v 140.6431 19.0200 -73.5485
v 151.9791 19.0110 -82.3325
v 151.9791 0.7890 -82.3325
v 141.8691 0.7890 -71.9535
v 141.8691 19.3480 -71.9535
v 140.6431 19.0200 -73.5485
v 140.6431 0.7890 -73.5485
v 159.0491 0.7890 -73.2465
v 159.0491 19.1130 -73.2465
v 159.4161 19.0150 -72.7715
v 159.4161 0.7890 -72.7715
v 159.4161 0.7890 -72.7715
v 159.4161 19.0150 -72.7715
v 147.9881 19.0150 -63.9885
v 147.9881 0.7890 -63.9885
v 147.9881 0.7890 -63.9885
v 147.9881 19.0150 -63.9885
v 144.3061 20.0010 -68.7815
v 141.8691 19.3480 -71.9535
v 141.8691 0.7890 -71.9535
v 151.9791 0.7890 -82.3325
v 151.9791 19.0110 -82.3325
v 155.7061 20.0010 -77.5425
v 159.0491 19.1130 -73.2465
v 159.0491 0.7890 -73.2465
v 151.9791 0.7890 -82.3325
v 159.0491 0.7890 -73.2465
v 159.4161 0.7890 -72.7715
v 147.9881 0.7890 -63.9885
v 141.8691 0.7890 -71.9535
v 140.6431 0.7890 -73.5485
v 72.7251 26.1820 -115.8905
v 83.9791 26.1820 -128.9465
v 79.4331 20.9430 -132.7845
v 68.2441 20.9990 -119.7065
v 77.2291 20.9720 -112.0545
v 88.4991 20.9720 -125.1295
v 83.9791 26.1820 -128.9465
v 72.7251 26.1820 -115.8905
v 68.2441 1.0410 -119.7065
v 68.2441 20.9990 -119.7065
v 79.4331 20.9430 -132.7845
v 79.4331 1.0410 -132.7845
v 88.4991 1.0410 -125.1295
v 88.4991 20.9720 -125.1295
v 77.2291 20.9720 -112.0545
v 77.2291 1.0410 -112.0545
v 77.2291 1.0410 -112.0545
v 77.2291 20.9720 -112.0545
v 72.7251 26.1820 -115.8905
v 68.2441 20.9990 -119.7065
v 68.2441 1.0410 -119.7065
v 79.4331 1.0410 -132.7845
v 79.4331 20.9430 -132.7845
v 83.9791 26.1820 -128.9465
v 88.4991 20.9720 -125.1295
v 88.4991 1.0410 -125.1295
v 79.4331 1.0410 -132.7845
v 88.4991 1.0410 -125.1295
v 77.2291 1.0410 -112.0545
v 68.2441 1.0410 -119.7065
v -58.9589 2.9700 14.4055
v -58.9589 27.9270 14.4055
v -53.2139 27.9270 11.2785
v -53.2139 2.9700 11.2785
v -53.2139 2.9700 11.2785
v -53.2139 27.9270 11.2785
v -52.6789 27.9270 12.3135
v -52.6789 2.9700 12.3135
v -52.6789 2.9700 12.3135
v -52.6789 27.9270 12.3135
v -44.5059 27.9270 8.0995
v -44.5059 2.9700 8.0995
v -44.5059 2.9700 8.0995
v -44.5059 27.9270 8.0995
v -43.8269 27.9270 6.1665
v -43.8269 2.9700 6.1665
v -43.8269 2.9700 6.1665
v -43.8269 27.9270 6.1665
v -35.2549 27.9270 1.4995
v -35.2549 2.9700 1.4995
v -35.2549 2.9700 1.4995
v -35.2549 27.9270 1.4995
v -28.2549 27.9270 14.3165
v -28.2549 2.9700 14.3165
v -28.2549 2.9700 14.3165
v -28.2549 27.9270 14.3165
v -29.6829 27.9270 19.0455
v -29.6829 2.9700 19.0455
v -53.6339 2.9700 24.1555
v -53.6339 27.9270 24.1555
v -52.7909 27.9270 23.6945
v -52.7909 2.9700 23.6945
v -52.7909 2.9700 23.6945
v -52.7909 27.9270 23.6945
v -54.6119 27.9270 20.3625
v -54.6119 2.9700 20.3625
v -54.6119 2.9700 20.3625
v -54.6119 27.9270 20.3625
v -55.4549 27.9270 20.8235
v -55.4549 2.9700 20.8235
v -55.4549 2.9700 20.8235
v -55.4549 27.9270 20.8235
v -58.9589 27.9270 14.4055
v -58.9589 2.9700 14.4055
v -50.2879 2.9700 30.2845
v -50.2879 27.9270 30.2845
v -53.6339 27.9270 24.1555
v -53.6339 2.9700 24.1555
v -29.6829 2.9700 19.0455
v -29.6829 27.9270 19.0455
v -50.2879 27.9270 30.2845
v -50.2879 2.9700 30.2845
v -29.6829 2.9700 19.0455
v -50.2879 2.9700 30.2845
v -53.6339 2.9700 24.1555
v -52.7909 2.9700 23.6945
v -54.6119 2.9700 20.3625
v -55.4549 2.9700 20.8235
v -58.9589 2.9700 14.4055
v -53.2139 2.9700 11.2785
v -52.6789 2.9700 12.3135
v -44.5059 2.9700 8.0995
v -43.8269 2.9700 6.1665
v -35.2549 2.9700 1.4995
v -28.2549 2.9700 14.3165
v -50.2879 27.9270 30.2845
v -29.6829 27.9270 19.0455
v -28.2549 27.9270 14.3165
v -35.2549 27.9270 1.4995
v -43.8269 27.9270 6.1665
v -44.5059 27.9270 8.0995
v -52.6789 27.9270 12.3135
v -53.2139 27.9270 11.2785
v -58.9589 27.9270 14.4055
v -55.4549 27.9270 20.8235
v -54.6119 27.9270 20.3625
v -52.7909 27.9270 23.6945
v -53.6339 27.9270 24.1555
v 42.7451 4.1250 113.5305
v 42.7451 27.4200 113.5305
v 42.4701 27.4180 113.7475
v 42.4701 4.1250 113.7475
v 42.4701 4.1250 113.7475
v 42.4701 27.4180 113.7475
v 26.7981 27.4190 125.5675
v 26.7981 4.1250 125.5675
v 31.9041 27.3630 99.7365
v 31.9041 4.1250 99.7365
v 16.3811 4.1250 111.9485
v 16.3811 27.4830 111.9485
v 16.3811 4.1250 111.9485
v 31.9041 4.1250 99.7365
v 42.7451 4.1250 113.5305
v 42.4701 4.1250 113.7475
v 26.7981 4.1250 125.5675
v 37.3831 30.0280 106.7075
v 42.7451 27.4200 113.5305
v 42.7451 4.1250 113.5305
v 31.9041 4.1250 99.7365
v 31.9041 27.3630 99.7365
v 21.5251 30.0280 118.6745
v 16.3811 27.4830 111.9485
v 16.3811 4.1250 111.9485
v 26.7981 4.1250 125.5675
v 26.7981 27.4190 125.5675
v 21.5251 30.0280 118.6745
v 26.7981 27.4190 125.5675
v 42.4701 27.4180 113.7475
v 42.7451 27.4200 113.5305
v 37.3831 30.0280 106.7075
v 37.3831 30.0280 106.7075
v 31.9041 27.3630 99.7365
v 16.3811 27.4830 111.9485
v 21.5251 30.0280 118.6745
v 9.5091 24.4860 -128.1355
v 12.2391 24.4860 -115.9575
v 19.8301 26.6760 -117.6705
v 17.1021 26.6760 -129.8395
v 12.2391 2.0680 -115.9575
v 12.2391 24.4860 -115.9575
v 9.5091 24.4860 -128.1355
v 9.5091 2.0680 -128.1355
v 18.9131 2.0680 -130.2455
v 18.9131 26.1540 -130.2455
v 19.1971 26.1540 -128.9815
v 19.1971 2.0680 -128.9815
v 19.1971 2.0680 -128.9815
v 19.1971 26.1540 -128.9815
v 20.5081 25.7760 -129.2755
v 20.5081 2.0680 -129.2755
v 20.5081 2.0680 -129.2755
v 20.5081 25.7760 -129.2755
v 20.4101 25.7750 -129.7165
v 20.4101 2.0680 -129.7165
v 26.9211 2.0680 -121.5325
v 26.9211 24.4910 -121.5325
v 26.6591 24.6280 -120.4795
v 26.6591 2.0680 -120.4795
v 26.6591 2.0680 -120.4795
v 26.6591 24.6280 -120.4795
v 21.6331 26.0780 -119.3485
v 21.6331 2.0680 -119.3485
v 21.6331 2.0680 -119.3485
v 21.6331 26.0780 -119.3485
v 21.9061 26.0770 -118.1395
v 21.9061 2.0680 -118.1395
v 12.2391 2.0680 -115.9575
v 9.5091 2.0680 -128.1355
v 18.9131 2.0680 -130.2455
v 19.1971 2.0680 -128.9815
v 20.5081 2.0680 -129.2755
v 20.4101 2.0680 -129.7165
v 24.9501 2.0680 -130.7365
v 26.9211 2.0680 -121.5325
v 26.6591 2.0680 -120.4795
v 21.6331 2.0680 -119.3485
v 21.9061 2.0680 -118.1395
v 18.9131 2.0680 -130.2455
v 9.5091 2.0680 -128.1355
v 9.5091 24.4860 -128.1355
v 17.1021 26.6760 -129.8395
v 18.9131 26.1540 -130.2455
v 26.9211 24.4910 -121.5325
v 26.9211 2.0680 -121.5325
v 24.9501 2.0680 -130.7365
v 24.9501 24.4660 -130.7365
v 24.9501 24.4660 -130.7365
v 24.9501 2.0680 -130.7365
v 20.4101 2.0680 -129.7165
v 20.4101 25.7750 -129.7165
v 12.2391 2.0680 -115.9575
v 21.9061 2.0680 -118.1395
v 21.9061 26.0770 -118.1395
v 19.8301 26.6760 -117.6705
v 12.2391 24.4860 -115.9575
v 24.9501 24.4660 -130.7365
v 20.4101 25.7750 -129.7165
v 20.5081 25.7760 -129.2755
v 19.1971 26.1540 -128.9815
v 18.9131 26.1540 -130.2455
v 17.1021 26.6760 -129.8395
v 19.8301 26.6760 -117.6705
v 21.9061 26.0770 -118.1395
v 21.6331 26.0780 -119.3485
v 26.6591 24.6280 -120.4795
v 26.9211 24.4910 -121.5325
v 24.5771 2.5650 39.1005
v 24.5771 7.3440 39.1005
v 30.7211 7.3440 35.1695
v 30.7211 2.5650 35.1695
v 30.7211 2.5650 35.1695
v 30.7211 7.3440 35.1695
v 33.1371 8.4840 38.2745
v 33.1371 2.5650 38.2745
v 33.1371 2.5650 38.2745
v 33.1371 8.4840 38.2745
v 34.0161 8.8980 39.4035
v 34.0161 2.5650 39.4035
v 28.2251 2.5650 43.8105
v 28.2251 9.0700 43.8105
v 24.5771 7.3440 39.1005
v 24.5771 2.5650 39.1005
v 34.0161 2.5650 39.4035
v 34.0161 8.8980 39.4035
v 28.2251 9.0700 43.8105
v 28.2251 2.5650 43.8105
v 34.0161 2.5650 39.4035
v 28.2251 2.5650 43.8105
v 24.5771 2.5650 39.1005
v 30.7211 2.5650 35.1695
v 33.1371 2.5650 38.2745
v 28.2251 9.0700 43.8105
v 34.0161 8.8980 39.4035
v 33.1371 8.4840 38.2745
v 30.7211 7.3440 35.1695
v 24.5771 7.3440 39.1005
v 22.6041 2.1790 -109.7045
v 22.6041 26.2090 -109.7045
v 24.3501 26.2090 -110.0985
v 24.3501 2.1790 -110.0985
v 22.1961 2.1790 -92.0175
v 22.1961 26.2090 -92.0175
v 17.3321 26.2090 -93.2335
v 17.3321 2.1790 -93.2335
v 27.8011 2.1790 -114.1135
v 27.8011 26.2090 -114.1135
v 26.7751 26.2090 -114.9955
v 26.7751 2.1790 -114.9955
v 26.7751 2.1790 -114.9955
v 26.7751 26.2090 -114.9955
v 30.0741 26.2090 -118.8365
v 30.0741 2.1790 -118.8365
v 30.0741 2.1790 -118.8365
v 30.0741 26.2090 -118.8365
v 38.7711 26.2090 -111.4005
v 38.7711 2.1790 -111.4005
v 17.3321 26.2090 -93.2335
v 22.1961 26.2090 -92.0175
v 38.7711 26.2090 -111.4005
v 30.0741 26.2090 -118.8365
v 26.7751 26.2090 -114.9955
v 27.8011 26.2090 -114.1135
v 24.3501 26.2090 -110.0985
v 22.6041 26.2090 -109.7045
v 22.2671 26.2090 -111.2005
v 24.3291 26.2090 -111.6655
v 22.8231 26.2090 -118.3465
v 12.2391 26.2090 -115.9575
v 22.1961 2.1790 -92.0175
v 17.3321 2.1790 -93.2335
v 12.2391 2.1790 -115.9575
v 22.8231 2.1790 -118.3465
v 24.3291 2.1790 -111.6655
v 22.2671 2.1790 -111.2005
v 22.6041 2.1790 -109.7045
v 24.3501 2.1790 -110.0985
v 27.8011 2.1790 -114.1135
v 26.7751 2.1790 -114.9955
v 30.0741 2.1790 -118.8365
v 38.7711 2.1790 -111.4005
v 12.2391 2.1790 -115.9575
v 17.3321 2.1790 -93.2335
v 17.3321 26.2090 -93.2335
v 12.2391 26.2090 -115.9575
v 22.1961 2.1790 -92.0175
v 38.7711 2.1790 -111.4005
v 38.7711 26.2090 -111.4005
v 22.1961 26.2090 -92.0175
v 27.8011 2.1790 -114.1135
v 24.3501 2.1790 -110.0985
v 24.3501 26.2090 -110.0985
v 27.8011 26.2090 -114.1135
v 22.6041 2.1790 -109.7045
v 22.2671 2.1790 -111.2005
v 22.2671 26.2090 -111.2005
v 22.6041 26.2090 -109.7045
v 22.2671 2.1790 -111.2005
v 24.3291 2.1790 -111.6655
v 24.3291 26.2090 -111.6655
v 22.2671 26.2090 -111.2005
v 24.3291 2.1790 -111.6655
v 22.8231 2.1790 -118.3465
v 22.8231 26.2090 -118.3465
v 24.3291 26.2090 -111.6655
v 22.8231 2.1790 -118.3465
v 12.2391 2.1790 -115.9575
v 12.2391 26.2090 -115.9575
v 22.8231 26.2090 -118.3465
v -23.7409 28.9730 89.2385
v -22.5539 28.9730 88.3225
v -20.4839 29.2900 90.9995
v -8.2969 29.2900 81.5435
v -9.9259 29.0410 79.4385
v -8.5799 29.0410 78.3975
v -13.8729 28.2300 71.5515
v -28.6119 28.2260 82.9365
v -19.1599 29.0880 92.7115
v -20.3459 29.0880 93.6295
v -14.7379 28.2280 100.8835
v -0.0229 28.2280 89.4665
v -5.4499 29.0600 82.4475
v -6.7929 29.0600 83.4865
v -8.2969 29.2900 81.5435
v -20.4839 29.2900 90.9995
v -28.6119 2.2700 82.9365
v -28.6119 28.2260 82.9365
v -13.8729 28.2300 71.5515
v -13.8729 2.2700 71.5515
v -13.8729 2.2700 71.5515
v -13.8729 28.2300 71.5515
v -8.5799 29.0410 78.3975
v -8.5799 2.2700 78.3975
v -8.5799 2.2700 78.3975
v -8.5799 29.0410 78.3975
v -9.9259 29.0410 79.4385
v -9.9259 2.2700 79.4385
v -22.5539 2.2700 88.3225
v -22.5539 28.9730 88.3225
v -23.7409 28.9730 89.2385
v -23.7409 2.2700 89.2385
v -23.7409 2.2700 89.2385
v -23.7409 28.9730 89.2385
v -28.6119 28.2260 82.9365
v -28.6119 2.2700 82.9365
v -6.7929 2.2700 83.4865
v -6.7929 29.0600 83.4865
v -5.4499 29.0600 82.4475
v -5.4499 2.2700 82.4475
v -5.4499 2.2700 82.4475
v -5.4499 29.0600 82.4475
v -0.0229 28.2280 89.4665
v -0.0229 2.2700 89.4665
v -0.0229 2.2700 89.4665
v -0.0229 28.2280 89.4665
v -14.7379 28.2280 100.8835
v -14.7379 2.2700 100.8835
v -14.7379 2.2700 100.8835
v -14.7379 28.2280 100.8835
v -20.3459 29.0880 93.6295
v -20.3459 2.2700 93.6295
v -20.3459 2.2700 93.6295
v -20.3459 29.0880 93.6295
v -19.1599 29.0880 92.7115
v -19.1599 2.2700 92.7115
v -19.1599 2.2700 92.7115
v -19.1599 29.0880 92.7115
v -20.4839 29.2900 90.9995
v -22.5539 28.9730 88.3225
v -22.5539 2.2700 88.3225
v -9.9259 2.2700 79.4385
v -9.9259 29.0410 79.4385
v -8.2969 29.2900 81.5435
v -6.7929 29.0600 83.4865
v -6.7929 2.2700 83.4865
v -9.9259 2.2700 79.4385
v -6.7929 2.2700 83.4865
v -5.4499 2.2700 82.4475
v -0.0229 2.2700 89.4665
v -14.7379 2.2700 100.8835
v -20.3459 2.2700 93.6295
v -19.1599 2.2700 92.7115
v -22.5539 2.2700 88.3225
v -23.7409 2.2700 89.2385
v -28.6119 2.2700 82.9365
v -13.8729 2.2700 71.5515
v -8.5799 2.2700 78.3975
v 114.3211 20.2800 81.3825
v 119.8931 21.6890 80.7055
v 122.1981 22.2720 80.4265
v 119.4711 22.2730 76.3435
v 114.3171 20.2850 81.3475
v 119.8931 21.6890 80.7055
v 114.3211 21.6890 81.3825
v 114.6971 21.6890 84.4935
v 120.8141 21.6890 83.7505
v 121.1241 21.6890 86.2295
v 136.3721 21.6890 84.3785
v 130.0501 21.6890 79.4725
v 124.5041 21.6890 80.1465
v 124.5041 21.6890 80.1465
v 120.3871 20.3060 72.0435
v 120.2341 20.3730 72.0625
v 119.4711 22.2730 76.3435
v 122.1981 22.2720 80.4265
v 124.5041 21.6890 80.1465
v 119.4711 22.2730 76.3435
v 124.5041 21.6890 80.1465
v 130.0501 20.2870 79.4725
v 120.4641 20.2870 72.0345
v 120.3871 20.3060 72.0435
v 107.0781 0.0170 73.5145
v 107.0781 20.2970 73.5145
v 111.9991 20.2910 72.8975
v 111.9991 0.0170 72.8975
v 111.9991 0.0170 72.8975
v 111.9991 20.2910 72.8975
v 112.0071 20.3190 72.9585
v 112.0071 0.0170 72.9585
v 112.0071 0.0170 72.9585
v 112.0071 20.3190 72.9585
v 112.0201 20.3690 73.0665
v 112.0201 0.0170 73.0665
v 107.4881 0.0170 76.8105
v 107.4881 21.8170 76.8105
v 107.3921 21.4550 76.0245
v 107.3921 0.0170 76.0245
v 107.3921 0.0170 76.0245
v 107.3921 21.4550 76.0245
v 107.0881 20.3120 73.5465
v 107.0881 0.0170 73.5465
v 107.0881 0.0170 73.5465
v 107.0881 20.3120 73.5465
v 107.0781 20.2970 73.5145
v 107.0781 0.0170 73.5145
v 114.3211 20.2800 81.3825
v 114.3211 21.6890 81.3825
v 119.8931 21.6890 80.7055
v 124.5041 21.6890 80.1465
v 130.0501 21.6890 79.4725
v 130.0501 20.2870 79.4725
v 136.3721 0.0170 84.3785
v 136.3721 21.6890 84.3785
v 121.1241 21.6890 86.2295
v 121.1241 0.0170 86.2295
v 121.1241 0.0170 86.2295
v 121.1241 21.6890 86.2295
v 120.8141 21.6890 83.7505
v 120.8141 0.0170 83.7505
v 120.8141 0.0170 83.7505
v 120.8141 21.6890 83.7505
v 114.6971 21.6890 84.4935
v 114.6971 0.0170 84.4935
v 120.2341 20.3730 72.0625
v 120.3871 20.3060 72.0435
v 120.4641 20.2870 72.0345
v 120.4641 0.0170 72.0345
v 112.0201 0.0170 73.0665
v 112.0201 20.3690 73.0665
v 114.3121 0.0170 81.3035
v 108.1281 0.0170 82.0295
v 107.4881 0.0170 76.8105
v 107.3921 0.0170 76.0245
v 107.0881 0.0170 73.5465
v 107.0781 0.0170 73.5145
v 111.9991 0.0170 72.8975
v 112.0071 0.0170 72.9585
v 112.0201 0.0170 73.0665
v 120.4641 0.0170 72.0345
v 136.3721 0.0170 84.3785
v 121.1241 0.0170 86.2295
v 120.8141 0.0170 83.7505
v 114.6971 0.0170 84.4935
v 114.3121 0.0170 81.3035
v 114.6971 0.0170 84.4935
v 114.6971 21.6890 84.4935
v 114.3211 21.6890 81.3825
v 114.3211 20.2800 81.3825
v 114.3171 20.2850 81.3475
v 114.3121 20.3050 81.3035
v 136.3721 0.0170 84.3785
v 120.4641 0.0170 72.0345
v 120.4641 20.2870 72.0345
v 130.0501 20.2870 79.4725
v 130.0501 21.6890 79.4725
v 136.3721 21.6890 84.3785
v 119.8931 21.6890 80.7055
v 124.5041 21.6890 80.1465
v 122.1981 22.2720 80.4265
v 108.1281 20.3170 82.0295
v 108.1281 0.0170 82.0295
v 114.3121 0.0170 81.3035
v 114.3121 20.3050 81.3035
v 107.4881 0.0170 76.8105
v 108.1281 0.0170 82.0295
v 108.1281 20.3170 82.0295
v 107.6091 22.2710 77.7935
v 107.4881 21.8170 76.8105
v 107.6091 22.2710 77.7935
v 108.1281 20.3170 82.0295
v 114.3121 20.3050 81.3035
v 114.3171 20.2850 81.3475
v 119.4711 22.2730 76.3435
v 107.6091 22.2710 77.7935
v 119.4711 22.2730 76.3435
v 120.2341 20.3730 72.0625
v 112.0201 20.3690 73.0665
v 112.0071 20.3190 72.9585
v 111.9991 20.2910 72.8975
v 107.0781 20.2970 73.5145
v 107.0881 20.3120 73.5465
v 107.3921 21.4550 76.0245
v 107.4881 21.8170 76.8105
v 45.5861 18.2480 -34.8925
v 47.7271 21.0000 -36.5535
v 49.3371 23.0700 -37.8035
v 47.3281 23.0700 -41.0675
v 43.3081 18.2480 -38.5935
v 58.7461 21.0000 -31.6165
v 56.9961 21.0000 -34.4595
v 54.9041 21.0000 -37.8585
v 53.1911 21.0000 -40.6425
v 53.0921 21.0000 -40.6535
v 53.0681 21.0000 -40.6985
v 50.9471 21.0000 -39.0525
v 47.7271 21.0000 -36.5535
v 45.5861 21.0000 -34.8925
v 51.2041 21.0000 -25.7635
v 54.9041 21.0000 -37.8585
v 55.9501 23.0970 -36.1585
v 76.7011 23.0970 -52.2605
v 73.5311 17.6310 -56.3455
v 58.5821 17.6330 -44.7445
v 59.0321 18.4090 -44.1645
v 54.3231 18.4080 -40.5115
v 53.1911 17.5650 -40.6425
v 56.9961 21.0000 -34.4595
v 58.7461 17.4910 -31.6165
v 79.9531 17.4910 -48.0715
v 76.7011 23.0970 -52.2605
v 55.9501 23.0970 -36.1585
v 45.5861 18.2480 -34.8925
v 45.5861 21.0000 -34.8925
v 47.7271 21.0000 -36.5535
v 50.9471 21.0000 -39.0525
v 53.0681 21.0000 -40.6985
v 53.0681 18.2730 -40.6985
v 53.1911 17.5650 -40.6425
v 53.1911 21.0000 -40.6425
v 54.9041 21.0000 -37.8585
v 56.9961 21.0000 -34.4595
v 58.7461 21.0000 -31.6165
v 58.7461 17.4910 -31.6165
v 54.3231 1.9240 -40.5115
v 54.3231 18.4080 -40.5115
v 59.0321 18.4090 -44.1645
v 59.0321 1.9240 -44.1645
v 59.0321 1.9240 -44.1645
v 59.0321 18.4090 -44.1645
v 58.5821 17.6330 -44.7445
v 58.5821 1.9240 -44.7445
v 58.5821 1.9240 -44.7445
v 58.5821 17.6330 -44.7445
v 73.5311 17.6310 -56.3455
v 73.5311 1.9240 -56.3455
v 51.2041 1.9240 -25.7635
v 43.3081 1.9240 -38.5935
v 51.5161 1.9240 -43.6455
v 53.0921 1.9240 -40.6535
v 54.3231 1.9240 -40.5115
v 59.0321 1.9240 -44.1645
v 58.5821 1.9240 -44.7445
v 73.5311 1.9240 -56.3455
v 79.9531 1.9240 -48.0715
v 51.5161 18.0460 -43.6455
v 51.5161 1.9240 -43.6455
v 43.3081 1.9240 -38.5935
v 43.3081 18.2480 -38.5935
v 47.3281 23.0700 -41.0675
v 53.0681 18.2730 -40.6985
v 53.0681 21.0000 -40.6985
v 53.0921 21.0000 -40.6535
v 53.0921 1.9240 -40.6535
v 51.5161 1.9240 -43.6455
v 51.5161 18.0460 -43.6455
v 51.2041 1.9240 -25.7635
v 79.9531 1.9240 -48.0715
v 79.9531 17.4910 -48.0715
v 58.7461 17.4910 -31.6165
v 58.7461 21.0000 -31.6165
v 51.2041 21.0000 -25.7635
v 54.9041 21.0000 -37.8585
v 56.9961 21.0000 -34.4595
v 55.9501 23.0970 -36.1585
v 79.9531 1.9240 -48.0715
v 73.5311 1.9240 -56.3455
v 73.5311 17.6310 -56.3455
v 76.7011 23.0970 -52.2605
v 79.9531 17.4910 -48.0715
v 54.3231 1.9240 -40.5115
v 53.0921 1.9240 -40.6535
v 53.0921 21.0000 -40.6535
v 53.1911 21.0000 -40.6425
v 53.1911 17.5650 -40.6425
v 54.3231 18.4080 -40.5115
v 43.3081 1.9240 -38.5935
v 51.2041 1.9240 -25.7635
v 51.2041 21.0000 -25.7635
v 45.5861 21.0000 -34.8925
v 45.5861 18.2480 -34.8925
v 43.3081 18.2480 -38.5935
v 47.7271 21.0000 -36.5535
v 50.9471 21.0000 -39.0525
v 49.3371 23.0700 -37.8035
v 53.0681 18.2730 -40.6985
v 51.5161 18.0460 -43.6455
v 47.3281 23.0700 -41.0675
v 49.3371 23.0700 -37.8035
v 50.9471 21.0000 -39.0525
v 106.4701 15.7420 -83.4175
v 109.1711 19.0950 -79.9075
v 137.3541 19.0950 -101.7785
v 132.9431 13.6520 -107.4535
v 122.7411 13.6160 -99.5975
v 124.2431 15.4750 -97.6545
v 106.2461 15.4650 -83.7065
v 113.5871 13.6120 -74.1685
v 141.7981 13.6120 -96.0605
v 137.3541 19.0950 -101.7785
v 109.1711 19.0950 -79.9075
v 106.2461 0.8320 -83.7065
v 106.2461 15.4650 -83.7065
v 124.2431 15.4750 -97.6545
v 124.2431 0.8320 -97.6545
v 124.2431 0.8320 -97.6545
v 124.2431 15.4750 -97.6545
v 122.7411 13.6160 -99.5975
v 122.7411 0.8320 -99.5975
v 122.7411 0.8320 -99.5975
v 122.7411 13.6160 -99.5975
v 132.9431 13.6520 -107.4535
v 132.9431 0.8320 -107.4535
v 106.4701 0.8320 -83.4175
v 106.4701 15.7420 -83.4175
v 106.2461 15.4650 -83.7065
v 106.2461 0.8320 -83.7065
v 141.7981 0.8320 -96.0605
v 141.7981 13.6120 -96.0605
v 113.5871 13.6120 -74.1685
v 113.5871 0.8320 -74.1685
v 113.5871 0.8320 -74.1685
v 113.5871 13.6120 -74.1685
v 109.1711 19.0950 -79.9075
v 106.4701 15.7420 -83.4175
v 106.4701 0.8320 -83.4175
v 132.9431 0.8320 -107.4535
v 132.9431 13.6520 -107.4535
v 137.3541 19.0950 -101.7785
v 141.7981 13.6120 -96.0605
v 141.7981 0.8320 -96.0605
v 132.9431 0.8320 -107.4535
v 141.7981 0.8320 -96.0605
v 113.5871 0.8320 -74.1685
v 106.4701 0.8320 -83.4175
v 106.2461 0.8320 -83.7065
v 124.2431 0.8320 -97.6545
v 122.7411 0.8320 -99.5975
v 6.2031 1.8570 -142.8335
v 6.2031 21.9970 -142.8335
v 8.6081 21.9970 -147.2155
v 8.6081 1.8570 -147.2155
v 24.4761 1.8570 -146.3435
v 24.4761 21.9970 -146.3435
v 23.2431 21.9970 -145.9005
v 23.2431 1.8570 -145.9005
v 23.2431 1.8570 -145.9005
v 23.2431 21.9970 -145.9005
v 24.3241 21.9970 -142.9765
v 24.3241 1.8570 -142.9765
v 24.3241 1.8570 -142.9765
v 24.3241 21.9970 -142.9765
v 24.7871 21.9970 -143.1475
v 24.7871 1.8570 -143.1475
v 24.7871 1.8570 -143.1475
v 24.7871 21.9970 -143.1475
v 26.9181 21.9970 -137.3735
v 26.9181 1.8570 -137.3735
v 26.9181 1.8570 -137.3735
v 26.9181 21.9970 -137.3735
v 24.0001 21.9970 -132.2745
v 24.0001 1.8570 -132.2745
v 24.0001 1.8570 -132.2745
v 24.0001 21.9970 -132.2745
v 19.0131 21.9970 -131.1475
v 19.0131 1.8570 -131.1475
v 19.0131 1.8570 -131.1475
v 19.0131 21.9970 -131.1475
v 18.8981 21.9970 -131.6575
v 18.8981 1.8570 -131.6575
v 18.8981 1.8570 -131.6575
v 18.8981 21.9970 -131.6575
v 15.5001 21.9970 -130.8935
v 15.5001 1.8570 -130.8935
v 15.5001 1.8570 -130.8935
v 15.5001 21.9970 -130.8935
v 15.8021 21.9970 -129.5475
v 15.8021 1.8570 -129.5475
v 9.5091 21.9970 -128.1355
v 15.8021 21.9970 -129.5475
v 15.5001 21.9970 -130.8935
v 18.8981 21.9970 -131.6575
v 19.0131 21.9970 -131.1475
v 24.0001 21.9970 -132.2745
v 26.9181 21.9970 -137.3735
v 24.7871 21.9970 -143.1475
v 24.3241 21.9970 -142.9765
v 23.2431 21.9970 -145.9005
v 24.4761 21.9970 -146.3435
v 22.3831 21.9970 -152.1525
v 8.6081 21.9970 -147.2155
v 6.2031 21.9970 -142.8335
v 9.5091 1.8570 -128.1355
v 6.2031 1.8570 -142.8335
v 8.6081 1.8570 -147.2155
v 22.3831 1.8570 -152.1525
v 24.4761 1.8570 -146.3435
v 23.2431 1.8570 -145.9005
v 24.3241 1.8570 -142.9765
v 24.7871 1.8570 -143.1475
v 26.9181 1.8570 -137.3735
v 24.0001 1.8570 -132.2745
v 19.0131 1.8570 -131.1475
v 18.8981 1.8570 -131.6575
v 15.5001 1.8570 -130.8935
v 15.8021 1.8570 -129.5475
v 6.2031 1.8570 -142.8335
v 9.5091 1.8570 -128.1355
v 9.5091 21.9970 -128.1355
v 6.2031 21.9970 -142.8335
v 9.5091 1.8570 -128.1355
v 15.8021 1.8570 -129.5475
v 15.8021 21.9970 -129.5475
v 9.5091 21.9970 -128.1355
v 24.4761 1.8570 -146.3435
v 22.3831 1.8570 -152.1525
v 22.3831 21.9970 -152.1525
v 24.4761 21.9970 -146.3435
v 22.3831 1.8570 -152.1525
v 8.6081 1.8570 -147.2155
v 8.6081 21.9970 -147.2155
v 22.3831 21.9970 -152.1525
v 30.9561 22.9910 -68.3295
v 31.6271 18.1620 -76.9095
v 24.7041 18.1620 -68.8175
v 34.4321 2.4210 -80.1895
v 34.4321 5.4610 -80.1895
v 41.5221 5.4610 -74.0055
v 41.5221 2.4210 -74.0055
v 49.9901 2.4210 -46.5395
v 49.9901 18.4310 -46.5395
v 51.5161 18.6380 -43.6455
v 51.5161 2.4210 -43.6455
v 43.1121 2.4210 -57.8855
v 50.7161 2.4210 -47.0495
v 49.9901 2.4210 -46.5395
v 51.5161 2.4210 -43.6455
v 43.3081 2.4210 -38.5935
v 24.7041 2.4210 -68.8175
v 34.4321 2.4210 -80.1895
v 41.5221 2.4210 -74.0055
v 52.0191 2.4210 -65.1185
v 47.6251 22.9910 -41.2505
v 51.5161 18.6380 -43.6455
v 49.9901 18.4310 -46.5395
v 50.7161 17.5870 -47.0495
v 43.1121 18.3450 -57.8855
v 43.3011 18.1150 -58.0385
v 31.6611 18.1150 -76.9495
v 31.6271 18.1620 -76.9095
v 30.9561 22.9910 -68.3295
v 34.4321 2.4210 -80.1895
v 24.7041 2.4210 -68.8175
v 24.7041 18.1620 -68.8175
v 31.6271 18.1620 -76.9095
v 31.6611 18.1150 -76.9495
v 31.6611 5.4610 -76.9495
v 34.4321 5.4610 -80.1895
v 50.7161 17.5870 -47.0495
v 49.9901 18.4310 -46.5395
v 49.9901 2.4210 -46.5395
v 50.7161 2.4210 -47.0495
v 43.1121 18.3450 -57.8855
v 50.7161 17.5870 -47.0495
v 50.7161 2.4210 -47.0495
v 43.1121 2.4210 -57.8855
v 43.1121 2.4210 -57.8855
v 52.0191 2.4210 -65.1185
v 52.0191 5.4610 -65.1185
v 43.3011 5.4610 -58.0385
v 43.3011 18.1150 -58.0385
v 43.1121 18.3450 -57.8855
v 43.3081 2.4210 -38.5935
v 51.5161 2.4210 -43.6455
v 51.5161 18.6380 -43.6455
v 47.6251 22.9910 -41.2505
v 43.3081 18.1620 -38.5935
v 52.0191 5.4610 -65.1185
v 52.0191 2.4210 -65.1185
v 41.5221 2.4210 -74.0055
v 41.5221 5.4610 -74.0055
v 31.6611 5.4610 -76.9495
v 31.6611 18.1150 -76.9495
v 43.3011 18.1150 -58.0385
v 43.3011 5.4610 -58.0385
v 24.7041 18.1620 -68.8175
v 24.7041 2.4210 -68.8175
v 43.3081 2.4210 -38.5935
v 43.3081 18.1620 -38.5935
v 31.6611 5.4610 -76.9495
v 43.3011 5.4610 -58.0385
v 52.0191 5.4610 -65.1185
v 41.5221 5.4610 -74.0055
v 34.4321 5.4610 -80.1895
v 24.7041 18.1620 -68.8175
v 43.3081 18.1620 -38.5935
v 47.6251 22.9910 -41.2505
v 30.9561 22.9910 -68.3295
v -32.0369 7.4190 86.1645
v -31.0719 7.5810 85.4185
v -28.9199 7.5810 88.2025
v -26.1829 8.0390 86.0795
v -28.6119 8.0400 82.9365
v -33.8199 8.0400 76.2015
v -37.7529 7.4200 78.7695
v -46.3319 2.2700 84.3715
v -46.3319 8.1790 84.3715
v -40.2879 8.1790 80.4245
v -40.2879 2.2700 80.4245
v -37.9599 8.1790 95.2165
v -37.9599 27.1790 95.2165
v -31.9869 27.1790 90.5825
v -31.9869 8.1790 90.5825
v -32.3359 2.2700 102.5015
v -32.3359 28.5410 102.5015
v -31.8369 28.4140 101.0315
v -31.8369 2.2700 101.0315
v -31.8369 2.2700 101.0315
v -31.8369 28.4140 101.0315
v -33.3209 28.0680 99.2205
v -33.3209 2.2700 99.2205
v -33.3209 2.2700 99.2205
v -33.3209 28.0680 99.2205
v -35.0819 27.8760 98.9445
v -35.0819 2.2700 98.9445
v -37.7529 2.2700 78.7695
v -37.7529 7.4200 78.7695
v -33.8199 8.0400 76.2015
v -33.8199 2.2700 76.2015
v -33.8199 2.2700 76.2015
v -33.8199 8.0400 76.2015
v -28.6119 8.0400 82.9365
v -28.6119 2.2700 82.9365
v -31.0719 2.2700 85.4185
v -31.0719 7.5810 85.4185
v -32.0369 7.4190 86.1645
v -32.0369 2.2700 86.1645
v -32.0369 2.2700 86.1645
v -32.0369 7.4190 86.1645
v -37.7529 7.4200 78.7695
v -37.7529 2.2700 78.7695
v -28.9199 7.5810 88.2025
v -28.9199 27.1790 88.2025
v -26.1829 27.1790 86.0795
v -26.1829 8.0390 86.0795
v -23.7409 2.2700 89.2385
v -23.7409 27.7700 89.2385
v -23.1059 27.9230 90.0595
v -23.1059 2.2700 90.0595
v -23.1059 2.2700 90.0595
v -23.1059 27.9230 90.0595
v -23.2559 28.0560 91.3145
v -23.2559 2.2700 91.3145
v -23.2559 2.2700 91.3145
v -23.2559 28.0560 91.3145
v -21.8359 28.3990 93.1385
v -21.8359 2.2700 93.1385
v -21.8359 2.2700 93.1385
v -21.8359 28.3990 93.1385
v -20.6779 28.5110 93.2005
v -20.6779 2.2700 93.2005
v -20.3459 2.2700 93.6295
v -20.3459 28.5430 93.6295
v -14.7379 27.1860 100.8835
v -14.7379 2.2700 100.8835
v -26.5249 2.2700 110.0285
v -32.3359 2.2700 102.5015
v -31.8369 2.2700 101.0315
v -33.3209 2.2700 99.2205
v -35.0819 2.2700 98.9445
v -46.3319 2.2700 84.3715
v -40.2879 2.2700 80.4245
v -39.9389 2.2700 80.1965
v -36.5669 2.2700 85.1655
v -31.9569 2.2700 90.6175
v -28.8869 2.2700 88.2455
v -31.0719 2.2700 85.4185
v -32.0369 2.2700 86.1645
v -37.7529 2.2700 78.7695
v -33.8199 2.2700 76.2015
v -28.6119 2.2700 82.9365
v -23.7409 2.2700 89.2385
v -23.1059 2.2700 90.0595
v -23.2559 2.2700 91.3145
v -21.8359 2.2700 93.1385
v -20.6779 2.2700 93.2005
v -20.3459 2.2700 93.6295
v -14.7379 2.2700 100.8835
v -20.4449 28.5670 93.5015
v -20.6779 28.5110 93.2005
v -21.8359 28.3990 93.1385
v -23.2559 28.0560 91.3145
v -23.1059 27.9230 90.0595
v -23.7409 27.7700 89.2385
v -26.1829 27.1790 86.0795
v -28.9199 27.1790 88.2025
v -28.8869 27.1870 88.2455
v -31.9569 27.1850 90.6175
v -31.9869 27.1790 90.5825
v -37.9599 27.1790 95.2165
v -35.0819 27.8760 98.9445
v -33.3209 28.0680 99.2205
v -31.8369 28.4140 101.0315
v -32.3359 28.5410 102.5015
v -32.2269 28.5670 102.6425
v -14.7379 27.1860 100.8835
v -20.3459 28.5430 93.6295
v -20.4449 28.5670 93.5015
v -32.2269 28.5670 102.6425
v -26.5249 27.1860 110.0285
v -31.9569 27.1850 90.6175
v -28.8869 27.1870 88.2455
v -28.8869 2.2700 88.2455
v -31.9569 2.2700 90.6175
v -14.7379 27.1860 100.8835
v -26.5249 27.1860 110.0285
v -26.5249 2.2700 110.0285
v -14.7379 2.2700 100.8835
v -20.3459 2.2700 93.6295
v -20.6779 2.2700 93.2005
v -20.6779 28.5110 93.2005
v -20.4449 28.5670 93.5015
v -20.3459 28.5430 93.6295
v -31.0719 2.2700 85.4185
v -28.8869 2.2700 88.2455
v -28.8869 27.1870 88.2455
v -28.9199 27.1790 88.2025
v -28.9199 7.5810 88.2025
v -31.0719 7.5810 85.4185
v -23.7409 2.2700 89.2385
v -28.6119 2.2700 82.9365
v -28.6119 8.0400 82.9365
v -26.1829 8.0390 86.0795
v -26.1829 27.1790 86.0795
v -23.7409 27.7700 89.2385
v -32.3359 2.2700 102.5015
v -26.5249 2.2700 110.0285
v -26.5249 27.1860 110.0285
v -32.2269 28.5670 102.6425
v -32.3359 28.5410 102.5015
v -46.3319 2.2700 84.3715
v -35.0819 2.2700 98.9445
v -35.0819 27.8760 98.9445
v -37.9599 27.1790 95.2165
v -37.9599 8.1790 95.2165
v -46.3319 8.1790 84.3715
v -31.9569 2.2700 90.6175
v -36.5669 2.2700 85.1655
v -36.5669 8.1790 85.1655
v -31.9869 8.1790 90.5825
v -31.9869 27.1790 90.5825
v -31.9569 27.1850 90.6175
v -36.5669 8.1790 85.1655
v -36.5669 2.2700 85.1655
v -39.9389 2.2700 80.1965
v -39.9389 8.1790 80.1965
v -39.9389 8.1790 80.1965
v -39.9389 2.2700 80.1965
v -40.2879 2.2700 80.4245
v -40.2879 8.1790 80.4245
v -39.9389 8.1790 80.1965
v -40.2879 8.1790 80.4245
v -46.3319 8.1790 84.3715
v -37.9599 8.1790 95.2165
v -31.9869 8.1790 90.5825
v -36.5669 8.1790 85.1655
v 62.9731 2.4300 -13.3545
v 62.9731 27.2370 -13.3545
v 72.9681 27.2370 -21.1015
v 72.9681 2.4300 -21.1015
v 72.9681 2.4300 -21.1015
v 72.9681 27.2370 -21.1015
v 78.3231 27.2370 -14.2485
v 78.3231 2.4300 -14.2485
v 78.3231 2.4300 -14.2485
v 78.3231 27.2370 -14.2485
v 77.1021 27.2370 -13.3225
v 77.1021 2.4300 -13.3225
v 77.1021 2.4300 -13.3225
v 77.1021 27.2370 -13.3225
v 80.1721 27.2370 -9.2715
v 80.1721 2.4300 -9.2715
v 80.1721 2.4300 -9.2715
v 80.1721 27.2370 -9.2715
v 80.6101 27.2370 -9.6035
v 80.6101 2.4300 -9.6035
v 80.6101 2.4300 -9.6035
v 80.6101 27.2370 -9.6035
v 80.7971 27.2370 -9.3565
v 80.7971 2.4300 -9.3565
v 80.7971 2.4300 -9.3565
v 80.7971 27.2370 -9.3565
v 81.5691 27.2370 -9.9425
v 81.5691 2.4300 -9.9425
v 81.5691 2.4300 -9.9425
v 81.5691 27.2370 -9.9425
v 84.7371 27.2370 -6.0405
v 84.7371 2.4300 -6.0405
v 84.7371 2.4300 -6.0405
v 84.7371 27.2370 -6.0405
v 85.2231 27.2370 -5.4185
v 85.2231 2.4300 -5.4185
v 85.2231 2.4300 -5.4185
v 85.2231 27.2370 -5.4185
v 77.5661 27.2370 0.5965
v 77.5661 2.4300 0.5965
v 77.5661 2.4300 0.5965
v 77.5661 27.2370 0.5965
v 78.4671 27.2370 1.7435
v 78.4671 2.4300 1.7435
v 78.4671 2.4300 1.7435
v 78.4671 27.2370 1.7435
v 69.2941 27.2370 8.9505
v 69.2941 2.4300 8.9505
v 69.2941 2.4300 8.9505
v 69.2941 27.2370 8.9505
v 58.2751 27.2370 -5.2405
v 58.2751 2.4300 -5.2405
v 62.9731 27.2370 -13.3545
v 62.9731 2.4300 -13.3545
v 58.9011 2.4300 -10.1995
v 58.9011 27.2370 -10.1995
v 58.9011 27.2370 -10.1995
v 58.9011 2.4300 -10.1995
v 58.2751 2.4300 -5.2405
v 58.2751 27.2370 -5.2405
v 58.2751 2.4300 -5.2405
v 58.9011 2.4300 -10.1995
v 62.9731 2.4300 -13.3545
v 72.9681 2.4300 -21.1015
v 78.3231 2.4300 -14.2485
v 77.1021 2.4300 -13.3225
v 80.1721 2.4300 -9.2715
v 80.6101 2.4300 -9.6035
v 80.7971 2.4300 -9.3565
v 81.5691 2.4300 -9.9425
v 84.7371 2.4300 -6.0405
v 85.2231 2.4300 -5.4185
v 77.5661 2.4300 0.5965
v 78.4671 2.4300 1.7435
v 69.2941 2.4300 8.9505
v 58.9011 27.2370 -10.1995
v 58.2751 27.2370 -5.2405
v 69.2941 27.2370 8.9505
v 78.4671 27.2370 1.7435
v 77.5661 27.2370 0.5965
v 85.2231 27.2370 -5.4185
v 84.7371 27.2370 -6.0405
v 81.5691 27.2370 -9.9425
v 80.7971 27.2370 -9.3565
v 80.6101 27.2370 -9.6035
v 80.1721 27.2370 -9.2715
v 77.1021 27.2370 -13.3225
v 78.3231 27.2370 -14.2485
v 72.9681 27.2370 -21.1015
v 62.9731 27.2370 -13.3545
v 9.8021 4.4810 133.1825
v 9.8021 27.3130 133.1825
v 10.0751 27.3130 132.9705
v 10.0751 4.4810 132.9705
v 10.0751 4.4810 132.9705
v 10.0751 27.3130 132.9705
v 8.5771 27.0590 131.0445
v 8.5771 4.4810 131.0445
v 8.5771 4.4810 131.0445
v 8.5771 27.0590 131.0445
v 7.3691 27.0570 131.9625
v 7.3691 4.4810 131.9625
v 7.3691 4.4810 131.9625
v 7.3691 27.0570 131.9625
v 1.1971 25.9970 123.8455
v 1.1971 4.4810 123.8455
v 23.5991 4.4810 137.2155
v 23.5991 26.1950 137.2155
v 23.3291 26.0090 139.6965
v 23.3291 4.4810 139.6965
v 18.2041 4.4810 143.9845
v 9.8021 4.4810 133.1825
v 10.0751 4.4810 132.9705
v 8.5771 4.4810 131.0445
v 7.3691 4.4810 131.9625
v 1.1971 4.4810 123.8455
v 8.8251 4.4810 117.8585
v 23.5991 4.4810 137.2155
v 23.3291 4.4810 139.6965
v 16.7891 27.3610 128.2935
v 23.5991 26.1950 137.2155
v 23.5991 4.4810 137.2155
v 8.8251 4.4810 117.8585
v 8.8251 25.9970 117.8585
v 10.0901 27.3610 133.5525
v 9.8021 27.3130 133.1825
v 9.8021 4.4810 133.1825
v 18.2041 4.4810 143.9845
v 18.2041 25.9870 143.9845
v 18.2041 25.9870 143.9845
v 18.2041 4.4810 143.9845
v 23.3291 4.4810 139.6965
v 23.3291 26.0090 139.6965
v 8.8251 25.9970 117.8585
v 8.8251 4.4810 117.8585
v 1.1971 4.4810 123.8455
v 1.1971 25.9970 123.8455
v 18.2041 25.9870 143.9845
v 23.3291 26.0090 139.6965
v 23.5991 26.1950 137.2155
v 16.7891 27.3610 128.2935
v 10.0901 27.3610 133.5525
v 8.8251 25.9970 117.8585
v 1.1971 25.9970 123.8455
v 7.3691 27.0570 131.9625
v 8.5771 27.0590 131.0445
v 10.0751 27.3130 132.9705
v 9.8021 27.3130 133.1825
v 10.0901 27.3610 133.5525
v 16.7891 27.3610 128.2935
v 26.5621 28.2880 68.8385
v 31.6051 28.2880 64.9265
v 26.1751 28.2880 57.9415
v 23.0671 28.2880 53.9445
v 18.3491 28.2880 47.8735
v 13.2931 28.2880 51.6995
v 17.9681 28.2880 57.7385
v 19.4621 28.2880 57.9615
v 20.5541 28.2880 59.5715
v 20.4711 28.2880 60.9715
v 18.1921 5.9070 46.4585
v 25.7441 5.9070 40.6075
v 24.5771 5.9070 39.1005
v 23.9811 5.9070 38.3295
v 16.2041 5.9070 43.4155
v 25.7441 25.6060 40.6075
v 18.1921 25.6040 46.4585
v 18.9411 25.6260 45.9685
v 19.6431 25.9760 46.8945
v 18.3491 25.9700 47.8735
v 23.0671 28.2880 53.9445
v 24.6211 29.0510 55.9435
v 32.0111 29.0510 50.2095
v 30.9751 28.5550 48.9305
v 31.1781 28.2810 47.6245
v 26.1751 28.2880 57.9415
v 31.6051 25.6210 64.9265
v 39.7081 25.6210 58.6395
v 33.6671 28.5950 50.8385
v 33.3981 28.7280 50.4905
v 32.2791 28.9230 50.5395
v 32.0111 29.0510 50.2095
v 24.6211 29.0510 55.9435
v 18.3491 25.9700 47.8735
v 18.3491 28.2880 47.8735
v 23.0671 28.2880 53.9445
v 26.1751 28.2880 57.9415
v 31.6051 28.2880 64.9265
v 31.6051 25.6210 64.9265
v 20.4711 2.4810 60.9715
v 20.4711 28.2880 60.9715
v 20.5541 28.2880 59.5715
v 20.5541 2.4810 59.5715
v 20.5541 2.4810 59.5715
v 20.5541 28.2880 59.5715
v 19.4621 28.2880 57.9615
v 19.4621 2.4810 57.9615
v 19.4621 2.4810 57.9615
v 19.4621 28.2880 57.9615
v 17.9681 28.2880 57.7385
v 17.9681 2.4810 57.7385
v 17.9681 2.4810 57.7385
v 17.9681 28.2880 57.7385
v 13.2931 28.2880 51.6995
v 13.2931 2.4810 51.6995
v 16.2041 2.4810 43.4155
v 16.2041 5.9070 43.4155
v 23.9811 5.9070 38.3295
v 23.9811 2.4810 38.3295
v 23.9811 2.4810 38.3295
v 23.9811 5.9070 38.3295
v 24.5771 5.9070 39.1005
v 24.5771 2.4810 39.1005
v 18.1921 2.4810 46.4585
v 18.1921 5.9070 46.4585
v 16.2041 5.9070 43.4155
v 16.2041 2.4810 43.4155
v 18.1921 5.9070 46.4585
v 18.1921 25.6040 46.4585
v 25.7441 25.6060 40.6075
v 25.7441 5.9070 40.6075
v 31.1781 2.4810 47.6245
v 31.1781 28.2810 47.6245
v 30.9751 28.5550 48.9305
v 30.9751 2.4810 48.9305
v 19.6431 2.4810 46.8945
v 19.6431 25.9760 46.8945
v 18.9411 25.6260 45.9685
v 18.9411 2.4810 45.9685
v 18.9411 2.4810 45.9685
v 18.9411 25.6260 45.9685
v 18.1921 25.6040 46.4585
v 18.1921 5.9070 46.4585
v 18.1921 2.4810 46.4585
v 32.2791 2.4810 50.5395
v 32.2791 28.9230 50.5395
v 33.3981 28.7280 50.4905
v 33.3981 2.4810 50.4905
v 33.3981 2.4810 50.4905
v 33.3981 28.7280 50.4905
v 33.6671 28.5950 50.8385
v 33.6671 2.4810 50.8385
v 33.6671 2.4810 50.8385
v 33.6671 28.5950 50.8385
v 39.7081 25.6210 58.6395
v 39.7081 2.4810 58.6395
v 26.5621 2.4810 68.8385
v 20.4711 2.4810 60.9715
v 20.5541 2.4810 59.5715
v 19.4621 2.4810 57.9615
v 17.9681 2.4810 57.7385
v 13.2931 2.4810 51.6995
v 19.6431 2.4810 46.8945
v 18.9411 2.4810 45.9685
v 18.1921 2.4810 46.4585
v 16.2041 2.4810 43.4155
v 23.9811 2.4810 38.3295
v 24.5771 2.4810 39.1005
v 31.1781 2.4810 47.6245
v 30.9751 2.4810 48.9305
v 32.2791 2.4810 50.5395
v 33.3981 2.4810 50.4905
v 33.6671 2.4810 50.8385
v 39.7081 2.4810 58.6395
v 31.1781 2.4810 47.6245
v 24.5771 2.4810 39.1005
v 24.5771 5.9070 39.1005
v 25.7441 5.9070 40.6075
v 25.7441 25.6060 40.6075
v 31.1781 28.2810 47.6245
v 23.0671 28.2880 53.9445
v 26.1751 28.2880 57.9415
v 24.6211 29.0510 55.9435
v 32.2791 2.4810 50.5395
v 30.9751 2.4810 48.9305
v 30.9751 28.5550 48.9305
v 32.0111 29.0510 50.2095
v 32.2791 28.9230 50.5395
v 20.4711 2.4810 60.9715
v 26.5621 2.4810 68.8385
v 26.5621 28.2880 68.8385
v 20.4711 28.2880 60.9715
v 26.5621 2.4810 68.8385
v 39.7081 2.4810 58.6395
v 39.7081 25.6210 58.6395
v 31.6051 25.6210 64.9265
v 31.6051 28.2880 64.9265
v 26.5621 28.2880 68.8385
v 19.6431 2.4810 46.8945
v 13.2931 2.4810 51.6995
v 13.2931 28.2880 51.6995
v 18.3491 28.2880 47.8735
v 18.3491 25.9700 47.8735
v 19.6431 25.9760 46.8945
v 51.9751 5.1210 -65.1555
v 52.8341 6.2090 -83.2195
v 52.7451 6.2210 -83.3005
v 43.4181 6.2210 -72.4005
v 52.0191 5.1160 -65.1185
v 61.4341 5.1160 -75.3865
v 61.2411 5.1410 -75.5615
v 52.8341 6.2090 -83.2195
v 51.9751 5.1210 -65.1555
v 52.7451 6.2210 -83.3005
v 52.7451 18.7910 -83.3005
v 43.4181 18.7910 -72.4005
v 43.4181 6.2210 -72.4005
v 61.2411 1.2990 -75.5615
v 61.2411 5.1410 -75.5615
v 61.4341 5.1160 -75.3865
v 61.4341 1.2990 -75.3865
v 61.4341 1.2990 -75.3865
v 61.4341 5.1160 -75.3865
v 52.0191 5.1160 -65.1185
v 52.0191 1.2990 -65.1185
v 66.1851 1.2990 -98.8945
v 66.1851 18.7420 -98.8945
v 65.8511 18.7430 -98.5085
v 65.8511 1.2990 -98.5085
v 65.8511 1.2990 -98.5085
v 65.8511 18.7430 -98.5085
v 63.2251 18.7590 -95.4765
v 63.2251 1.2990 -95.4765
v 57.0681 18.8240 -106.6455
v 57.0681 1.2990 -106.6455
v 34.4321 1.2990 -80.1895
v 34.4321 18.8240 -80.1895
v 52.7131 1.2990 -83.3295
v 61.2411 1.2990 -75.5615
v 61.4341 1.2990 -75.3865
v 52.0191 1.2990 -65.1185
v 41.5221 1.2990 -74.0055
v 34.4321 1.2990 -80.1895
v 57.0681 1.2990 -106.6455
v 63.3961 1.2990 -101.2845
v 66.1851 1.2990 -98.8945
v 65.8511 1.2990 -98.5085
v 63.2251 1.2990 -95.4765
v 63.2251 18.7590 -95.4765
v 65.8511 18.7430 -98.5085
v 66.1851 18.7420 -98.8945
v 63.3961 21.1750 -101.2845
v 61.5861 22.7460 -102.8185
v 38.8941 22.7460 -76.2975
v 41.5221 20.4370 -74.0055
v 43.4181 18.7910 -72.4005
v 52.7451 18.7910 -83.3005
v 52.7131 18.8190 -83.3295
v 63.2251 18.7590 -95.4765
v 52.7131 18.8190 -83.3295
v 52.7131 1.2990 -83.3295
v 63.2251 1.2990 -95.4765
v 61.2411 1.2990 -75.5615
v 52.7131 1.2990 -83.3295
v 52.7131 18.8190 -83.3295
v 52.7451 18.7910 -83.3005
v 52.7451 6.2210 -83.3005
v 52.8341 6.2090 -83.2195
v 61.2411 5.1410 -75.5615
v 41.5221 1.2990 -74.0055
v 52.0191 1.2990 -65.1185
v 52.0191 5.1160 -65.1185
v 51.9751 5.1210 -65.1555
v 43.4181 6.2210 -72.4005
v 43.4181 18.7910 -72.4005
v 41.5221 20.4370 -74.0055
v 63.3961 21.1750 -101.2845
v 66.1851 18.7420 -98.8945
v 66.1851 1.2990 -98.8945
v 63.3961 1.2990 -101.2845
v 63.3961 1.2990 -101.2845
v 57.0681 1.2990 -106.6455
v 57.0681 18.8240 -106.6455
v 61.5861 22.7460 -102.8185
v 63.3961 21.1750 -101.2845
v 34.4321 1.2990 -80.1895
v 41.5221 1.2990 -74.0055
v 41.5221 20.4370 -74.0055
v 38.8941 22.7460 -76.2975
v 34.4321 18.8240 -80.1895
v 38.8941 22.7460 -76.2975
v 61.5861 22.7460 -102.8185
v 57.0681 18.8240 -106.6455
v 34.4321 18.8240 -80.1895
v -13.8599 18.8870 -88.9235
v -8.3049 25.7870 -94.6265
v -15.1139 19.0290 -95.5685
v -15.2469 18.8870 -95.5395
v -8.3049 25.7870 -94.6265
v -2.9419 19.5710 -98.0555
v -2.9829 19.0290 -98.2425
v -11.2789 19.0310 -96.4135
v -15.1139 19.0290 -95.5685
v -2.3219 18.8870 -95.2455
v -2.3719 19.5420 -95.4705
v -8.3049 25.7870 -94.6265
v -13.8599 18.8870 -88.9235
v -2.3719 19.5420 -95.4705
v -2.9419 19.5710 -98.0555
v -8.3049 25.7870 -94.6265
v -13.9569 18.8870 -88.8705
v -13.8599 18.8870 -88.9235
v -15.2469 18.8870 -95.5395
v -15.5159 18.8870 -95.4805
v -30.8969 3.1610 -79.5825
v -30.8969 24.3720 -79.5825
v -20.2749 24.3720 -85.3685
v -20.2749 3.1610 -85.3685
v -20.2749 3.1610 -85.3685
v -20.2749 24.3720 -85.3685
v -18.9659 24.3720 -82.9635
v -18.9659 3.1610 -82.9635
v -18.9659 3.1610 -82.9635
v -18.9659 24.3720 -82.9635
v -17.8729 24.3720 -83.5575
v -17.8729 3.1610 -83.5575
v -17.8729 3.1610 -83.5575
v -17.8729 24.3720 -83.5575
v -17.2699 24.3720 -84.4805
v -17.2699 3.1610 -84.4805
v -14.2349 3.1610 -72.7405
v -14.2349 24.3720 -72.7405
v -14.6689 24.3720 -71.3845
v -14.6689 3.1610 -71.3845
v -14.6689 3.1610 -71.3845
v -14.6689 24.3720 -71.3845
v -15.9779 24.3720 -70.6815
v -15.9779 3.1610 -70.6815
v -15.9779 3.1610 -70.6815
v -15.9779 24.3720 -70.6815
v -17.3489 24.3720 -71.0985
v -17.3489 3.1610 -71.0985
v -17.3489 3.1610 -71.0985
v -17.3489 24.3720 -71.0985
v -24.2169 24.3720 -67.3115
v -24.2169 3.1610 -67.3115
v -24.2169 3.1610 -67.3115
v -24.2169 24.3720 -67.3115
v -30.8969 24.3720 -79.5825
v -30.8969 3.1610 -79.5825
v -11.2789 3.1610 -96.4135
v -11.2789 19.0310 -96.4135
v -2.9829 19.0290 -98.2425
v -2.9829 3.1610 -98.2425
v 0.4181 3.1610 -82.8185
v 0.4181 24.3720 -82.8185
v 0.9111 24.3720 -82.6235
v 0.9111 3.1610 -82.6235
v 0.9111 3.1610 -82.6235
v 0.9111 24.3720 -82.6235
v 0.9741 24.3720 -81.5235
v 0.9741 3.1610 -81.5235
v 0.9741 3.1610 -81.5235
v 0.9741 24.3720 -81.5235
v 0.5581 24.3720 -80.5915
v 0.5581 3.1610 -80.5915
v 0.5581 3.1610 -80.5915
v 0.5581 24.3720 -80.5915
v -0.3059 24.3720 -79.9325
v -0.3059 3.1610 -79.9325
v -0.3059 3.1610 -79.9325
v -0.3059 24.3720 -79.9325
v -0.8309 24.3720 -80.0765
v -0.8309 3.1610 -80.0765
v -2.9829 3.1610 -98.2425
v -2.9829 19.0290 -98.2425
v -2.9419 19.5710 -98.0555
v -2.3719 19.5420 -95.4705
v -2.3219 18.8870 -95.2455
v -2.3219 24.3720 -95.2455
v 0.4181 24.3720 -82.8185
v 0.4181 3.1610 -82.8185
v -14.2349 3.1610 -72.7405
v -14.6689 3.1610 -71.3845
v -15.9779 3.1610 -70.6815
v -17.3489 3.1610 -71.0985
v -24.2169 3.1610 -67.3115
v -30.8969 3.1610 -79.5825
v -20.2749 3.1610 -85.3685
v -18.9659 3.1610 -82.9635
v -17.8729 3.1610 -83.5575
v -17.2699 3.1610 -84.4805
v -13.5039 3.1610 -86.9495
v -15.5159 3.1610 -95.4805
v -11.2789 3.1610 -96.4135
v -2.9829 3.1610 -98.2425
v 0.4181 3.1610 -82.8185
v 0.9111 3.1610 -82.6235
v 0.9741 3.1610 -81.5235
v 0.5581 3.1610 -80.5915
v -0.3059 3.1610 -79.9325
v -0.8309 3.1610 -80.0765
v -0.8309 24.3720 -80.0765
v -0.3059 24.3720 -79.9325
v 0.5581 24.3720 -80.5915
v 0.9741 24.3720 -81.5235
v 0.9111 24.3720 -82.6235
v 0.4181 24.3720 -82.8185
v -2.3219 24.3720 -95.2455
v -13.9569 24.3720 -88.8705
v -13.5039 24.3720 -86.9495
v -17.2699 24.3720 -84.4805
v -17.8729 24.3720 -83.5575
v -18.9659 24.3720 -82.9635
v -20.2749 24.3720 -85.3685
v -30.8969 24.3720 -79.5825
v -24.2169 24.3720 -67.3115
v -17.3489 24.3720 -71.0985
v -15.9779 24.3720 -70.6815
v -14.6689 24.3720 -71.3845
v -14.2349 24.3720 -72.7405
v -0.8309 24.3720 -80.0765
v -14.2349 24.3720 -72.7405
v -14.2349 3.1610 -72.7405
v -0.8309 3.1610 -80.0765
v -11.2789 3.1610 -96.4135
v -15.5159 3.1610 -95.4805
v -15.5159 18.8870 -95.4805
v -15.2469 18.8870 -95.5395
v -15.1139 19.0290 -95.5685
v -11.2789 19.0310 -96.4135
v -13.9569 24.3720 -88.8705
v -2.3219 24.3720 -95.2455
v -2.3219 18.8870 -95.2455
v -13.8599 18.8870 -88.9235
v -13.9569 18.8870 -88.8705
v -15.5159 3.1610 -95.4805
v -13.5039 3.1610 -86.9495
v -13.5039 24.3720 -86.9495
v -13.9569 24.3720 -88.8705
v -13.9569 18.8870 -88.8705
v -15.5159 18.8870 -95.4805
v -17.2699 24.3720 -84.4805
v -13.5039 24.3720 -86.9495
v -13.5039 3.1610 -86.9495
v -17.2699 3.1610 -84.4805
v 49.3641 6.8440 36.2245
v 52.8971 7.2740 33.5035
v 45.2061 7.2720 23.6015
v 41.6971 6.8460 26.3055
v 56.5351 7.8790 45.5825
v 60.0651 7.8830 42.8425
v 56.9091 7.4070 38.7675
v 53.3831 7.4010 41.5045
v 52.8971 7.2740 33.5035
v 52.8971 7.4010 33.5035
v 45.2061 7.4010 23.6015
v 45.2061 7.2720 23.6015
v 46.4361 3.0660 40.1795
v 46.4361 7.4010 40.1795
v 45.6521 7.4010 39.1695
v 45.6521 3.0660 39.1695
v 49.3641 6.8440 36.2245
v 49.3641 7.3990 36.2245
v 52.8971 7.4010 33.5035
v 52.8971 7.2740 33.5035
v 61.7471 3.0660 31.8265
v 61.7471 7.4010 31.8265
v 61.7001 7.4040 34.9965
v 61.7001 3.0660 34.9965
v 56.5351 7.4010 45.5825
v 56.5351 7.8790 45.5825
v 53.3831 7.4010 41.5045
v 56.8811 3.0660 38.7315
v 60.0651 3.0660 42.8425
v 52.8471 3.0660 48.4455
v 46.4361 3.0660 40.1795
v 45.6521 3.0660 39.1695
v 49.3991 3.0660 36.2695
v 41.6971 3.0660 26.3055
v 51.5581 3.0660 18.7085
v 61.7471 3.0660 31.8265
v 61.7001 3.0660 34.9965
v 45.6521 7.4010 39.1695
v 46.4361 7.4010 40.1795
v 52.8471 7.4010 48.4455
v 56.5351 7.4010 45.5825
v 53.3831 7.4010 41.5045
v 56.9091 7.4070 38.7675
v 56.8811 7.4070 38.7315
v 61.7001 7.4040 34.9965
v 61.7471 7.4010 31.8265
v 51.5581 7.4010 18.7085
v 45.2061 7.4010 23.6015
v 52.8971 7.4010 33.5035
v 49.3641 7.3990 36.2245
v 49.3991 7.3990 36.2695
v 52.8471 3.0660 48.4455
v 60.0651 3.0660 42.8425
v 60.0651 7.8830 42.8425
v 56.5351 7.8790 45.5825
v 56.5351 7.4010 45.5825
v 52.8471 7.4010 48.4455
v 60.0651 3.0660 42.8425
v 56.8811 3.0660 38.7315
v 56.8811 7.4070 38.7315
v 56.9091 7.4070 38.7675
v 60.0651 7.8830 42.8425
v 61.7001 7.4040 34.9965
v 56.8811 7.4070 38.7315
v 56.8811 3.0660 38.7315
v 61.7001 3.0660 34.9965
v 52.8471 7.4010 48.4455
v 46.4361 7.4010 40.1795
v 46.4361 3.0660 40.1795
v 52.8471 3.0660 48.4455
v 45.6521 7.4010 39.1695
v 49.3991 7.3990 36.2695
v 49.3991 3.0660 36.2695
v 45.6521 3.0660 39.1695
v 51.5581 7.4010 18.7085
v 61.7471 7.4010 31.8265
v 61.7471 3.0660 31.8265
v 51.5581 3.0660 18.7085
v 41.6971 3.0660 26.3055
v 49.3991 3.0660 36.2695
v 49.3991 7.3990 36.2695
v 49.3641 7.3990 36.2245
v 49.3641 6.8440 36.2245
v 41.6971 6.8460 26.3055
v 51.5581 3.0660 18.7085
v 41.6971 3.0660 26.3055
v 41.6971 6.8460 26.3055
v 45.2061 7.2720 23.6015
v 45.2061 7.4010 23.6015
v 51.5581 7.4010 18.7085
v 147.4631 24.3280 26.0405
v 151.0551 25.9150 30.6775
v 162.3561 25.9150 21.8955
v 157.9981 23.9930 16.2885
v 146.6901 23.9880 25.0525
v 155.4081 23.9910 36.2975
v 158.3401 23.9910 34.0185
v 166.5761 23.9910 27.6195
v 166.7391 23.9910 27.4925
v 162.4071 25.8920 21.9615
v 162.3561 25.9150 21.8955
v 151.0551 25.9150 30.6775
v 146.6901 2.2950 25.0525
v 146.6901 23.9880 25.0525
v 157.9981 23.9930 16.2885
v 157.9981 2.2950 16.2885
v 147.4631 2.2950 26.0405
v 147.4631 24.3280 26.0405
v 146.6901 23.9880 25.0525
v 146.6901 2.2950 25.0525
v 162.4071 2.2950 21.9615
v 162.4071 25.8920 21.9615
v 166.7391 23.9910 27.4925
v 166.7391 2.2950 27.4925
v 166.7391 2.2950 27.4925
v 166.7391 23.9910 27.4925
v 166.5761 23.9910 27.6195
v 166.5761 2.2950 27.6195
v 158.3401 2.2950 34.0185
v 158.3401 23.9910 34.0185
v 155.4081 23.9910 36.2975
v 155.4081 2.2950 36.2975
v 155.4081 2.2950 36.2975
v 155.4081 23.9910 36.2975
v 151.0551 25.9150 30.6775
v 147.4631 24.3280 26.0405
v 147.4631 2.2950 26.0405
v 166.5761 2.2950 27.6195
v 166.5761 23.9910 27.6195
v 158.3401 23.9910 34.0185
v 158.3401 2.2950 34.0185
v 157.9981 2.2950 16.2885
v 157.9981 23.9930 16.2885
v 162.3561 25.9150 21.8955
v 162.4071 25.8920 21.9615
v 162.4071 2.2950 21.9615
v 157.9981 2.2950 16.2885
v 162.4071 2.2950 21.9615
v 166.7391 2.2950 27.4925
v 166.5761 2.2950 27.6195
v 158.3401 2.2950 34.0185
v 155.4081 2.2950 36.2975
v 147.4631 2.2950 26.0405
v 146.6901 2.2950 25.0525
v 130.0231 1.2790 -56.4215
v 130.0231 9.3090 -56.4215
v 141.8691 9.3090 -71.9535
v 141.8691 1.2790 -71.9535
v 137.1171 1.2790 -47.2515
v 137.1171 9.3090 -47.2515
v 130.0231 9.3090 -56.4215
v 130.0231 1.2790 -56.4215
v 151.9911 9.3090 -58.7785
v 151.9911 1.2790 -58.7785
v 141.8691 1.2790 -71.9535
v 141.8691 9.3090 -71.9535
v 151.9911 1.2790 -58.7785
v 151.9911 9.3090 -58.7785
v 137.1171 9.3090 -47.2515
v 137.1171 1.2790 -47.2515
v 151.9911 1.2790 -58.7785
v 137.1171 1.2790 -47.2515
v 130.0231 1.2790 -56.4215
v 141.8691 1.2790 -71.9535
v 137.1171 9.3090 -47.2515
v 151.9911 9.3090 -58.7785
v 141.8691 9.3090 -71.9535
v 130.0231 9.3090 -56.4215
v 31.1781 28.3570 47.6245
v 33.1491 28.5310 47.8765
v 33.8821 28.6770 48.7935
v 33.6951 28.8370 50.5715
v 46.6821 28.8370 40.4965
v 46.4361 28.7870 40.1795
v 44.8591 28.6520 40.0225
v 44.0511 28.4810 38.9075
v 44.4691 28.3890 37.6445
v 41.4071 27.7700 33.6955
v 35.4321 27.7700 38.3325
v 34.5401 27.5900 37.1845
v 33.1371 27.5900 38.2745
v 34.0161 27.7680 39.4035
v 28.2251 27.7590 43.8105
v 39.7081 27.5900 58.6395
v 52.8471 27.5900 48.4455
v 46.6821 28.8370 40.4965
v 33.6951 28.8370 50.5715
v 33.6671 28.8130 50.8385
v 28.2251 2.6360 43.8105
v 28.2251 27.7590 43.8105
v 34.0161 27.7680 39.4035
v 34.0161 2.6360 39.4035
v 34.0161 2.6360 39.4035
v 34.0161 27.7680 39.4035
v 33.1371 27.5900 38.2745
v 33.1371 2.6360 38.2745
v 33.1371 2.6360 38.2745
v 33.1371 27.5900 38.2745
v 34.5401 27.5900 37.1845
v 34.5401 2.6360 37.1845
v 34.5401 2.6360 37.1845
v 34.5401 27.5900 37.1845
v 35.4321 27.7700 38.3325
v 35.4321 2.6360 38.3325
v 35.4321 2.6360 38.3325
v 35.4321 27.7700 38.3325
v 41.4071 27.7700 33.6955
v 41.4071 2.6360 33.6955
v 41.4071 2.6360 33.6955
v 41.4071 27.7700 33.6955
v 44.4691 28.3890 37.6445
v 44.4691 2.6360 37.6445
v 44.4691 2.6360 37.6445
v 44.4691 28.3890 37.6445
v 44.0511 28.4810 38.9075
v 44.0511 2.6360 38.9075
v 44.0511 2.6360 38.9075
v 44.0511 28.4810 38.9075
v 44.8591 28.6520 40.0225
v 44.8591 2.6360 40.0225
v 44.8591 2.6360 40.0225
v 44.8591 28.6520 40.0225
v 46.4361 28.7870 40.1795
v 46.4361 2.6360 40.1795
v 33.8821 2.6360 48.7935
v 33.8821 28.6770 48.7935
v 33.1491 28.5310 47.8765
v 33.1491 2.6360 47.8765
v 33.1491 2.6360 47.8765
v 33.1491 28.5310 47.8765
v 31.1781 28.3570 47.6245
v 31.1781 2.6360 47.6245
v 31.1781 2.6360 47.6245
v 31.1781 28.3570 47.6245
v 28.2251 27.7590 43.8105
v 28.2251 2.6360 43.8105
v 52.8471 2.6360 48.4455
v 52.8471 27.5900 48.4455
v 39.7081 27.5900 58.6395
v 39.7081 2.6360 58.6395
v 39.7081 2.6360 58.6395
v 39.7081 27.5900 58.6395
v 33.6671 28.8130 50.8385
v 33.6671 2.6360 50.8385
v 33.6671 2.6360 50.8385
v 33.6671 28.8130 50.8385
v 33.6951 28.8370 50.5715
v 33.8821 28.6770 48.7935
v 33.8821 2.6360 48.7935
v 46.4361 2.6360 40.1795
v 46.4361 28.7870 40.1795
v 46.6821 28.8370 40.4965
v 52.8471 27.5900 48.4455
v 52.8471 2.6360 48.4455
v 46.4361 2.6360 40.1795
v 52.8471 2.6360 48.4455
v 39.7081 2.6360 58.6395
v 33.6671 2.6360 50.8385
v 33.8821 2.6360 48.7935
v 33.1491 2.6360 47.8765
v 31.1781 2.6360 47.6245
v 28.2251 2.6360 43.8105
v 34.0161 2.6360 39.4035
v 33.1371 2.6360 38.2745
v 34.5401 2.6360 37.1845
v 35.4321 2.6360 38.3325
v 41.4071 2.6360 33.6955
v 44.4691 2.6360 37.6445
v 44.0511 2.6360 38.9075
v 44.8591 2.6360 40.0225
v 143.5171 19.6610 44.3115
v 154.8301 19.6610 35.5515
v 149.9961 26.3460 29.3115
v 138.6841 26.3460 38.0705
v 143.8971 2.3390 24.4985
v 143.8971 19.9610 24.4985
v 145.6331 21.0520 24.7825
v 145.6331 2.3390 24.7825
v 145.6331 2.3390 24.7825
v 145.6331 21.0520 24.7825
v 146.1611 21.7810 25.4625
v 146.1611 2.3390 25.4625
v 146.1611 2.3390 25.4625
v 146.1611 21.7810 25.4625
v 146.6901 21.7800 25.0525
v 146.6901 2.3390 25.0525
v 146.6901 2.3390 25.0525
v 146.6901 21.7800 25.0525
v 147.4631 22.8430 26.0405
v 147.4631 2.3390 26.0405
v 135.3861 2.3390 33.8105
v 135.3861 21.7840 33.8105
v 135.8591 21.7840 33.4445
v 135.8591 2.3390 33.4445
v 135.8591 2.3390 33.4445
v 135.8591 21.7840 33.4445
v 135.4191 21.1760 32.8775
v 135.4191 2.3390 32.8775
v 135.4191 2.3390 32.8775
v 135.4191 21.1760 32.8775
v 135.3391 19.8320 30.9315
v 135.3391 2.3390 30.9315
v 154.8301 2.3390 35.5515
v 154.8301 19.6610 35.5515
v 143.5171 19.6610 44.3115
v 143.5171 2.3390 44.3115
v 135.3861 2.3390 33.8105
v 135.8591 2.3390 33.4445
v 135.4191 2.3390 32.8775
v 135.3391 2.3390 30.9315
v 139.1981 2.3390 27.3525
v 143.8971 2.3390 24.4985
v 145.6331 2.3390 24.7825
v 146.1611 2.3390 25.4625
v 146.6901 2.3390 25.0525
v 147.4631 2.3390 26.0405
v 154.8301 2.3390 35.5515
v 143.5171 2.3390 44.3115
v 135.3861 2.3390 33.8105
v 143.5171 2.3390 44.3115
v 143.5171 19.6610 44.3115
v 138.6841 26.3460 38.0705
v 135.3861 21.7840 33.8105
v 154.8301 2.3390 35.5515
v 147.4631 2.3390 26.0405
v 147.4631 22.8430 26.0405
v 149.9961 26.3460 29.3115
v 154.8301 19.6610 35.5515
v 143.8971 19.9610 24.4985
v 143.8971 2.3390 24.4985
v 139.1981 2.3390 27.3525
v 139.1981 19.4360 27.3525
v 139.1981 19.4360 27.3525
v 139.1981 2.3390 27.3525
v 135.3391 2.3390 30.9315
v 135.3391 19.8320 30.9315
v 139.1981 19.4360 27.3525
v 135.3391 19.8320 30.9315
v 135.4191 21.1760 32.8775
v 135.8591 21.7840 33.4445
v 135.3861 21.7840 33.8105
v 138.6841 26.3460 38.0705
v 149.9961 26.3460 29.3115
v 147.4631 22.8430 26.0405
v 146.6901 21.7800 25.0525
v 146.1611 21.7810 25.4625
v 145.6331 21.0520 24.7825
v 143.8971 19.9610 24.4985
v 93.8621 2.5270 9.6815
v 93.8621 24.2460 9.6815
v 84.6641 24.2460 -2.2125
v 84.6641 2.5270 -2.2125
v 93.8621 2.5270 9.6815
v 95.6971 2.5270 8.2135
v 95.6971 24.2460 8.2135
v 93.8621 24.2460 9.6815
v 97.2711 2.5270 10.3145
v 97.2711 24.2460 10.3145
v 95.6971 24.2460 8.2135
v 95.6971 2.5270 8.2135
v 97.2711 2.5270 10.3145
v 103.8261 2.5270 5.5305
v 103.8261 24.2460 5.5305
v 97.2711 24.2460 10.3145
v 103.8261 24.2460 5.5305
v 103.8261 2.5270 5.5305
v 92.9371 2.5270 -8.5205
v 92.9371 24.2460 -8.5205
v 91.9831 24.2460 -7.7925
v 92.9371 24.2460 -8.5205
v 92.9371 2.5270 -8.5205
v 91.9831 2.5270 -7.7925
v 91.9831 24.2460 -7.7925
v 91.9831 2.5270 -7.7925
v 90.1641 2.5270 -10.1775
v 90.1641 24.2460 -10.1775
v 84.7371 24.2460 -6.0405
v 90.1641 24.2460 -10.1775
v 90.1641 2.5270 -10.1775
v 84.7371 2.5270 -6.0405
v 85.2231 2.5270 -5.4185
v 85.2231 24.2460 -5.4185
v 84.7371 24.2460 -6.0405
v 84.7371 2.5270 -6.0405
v 85.2661 2.5270 -5.3635
v 85.2661 24.2460 -5.3635
v 85.2231 24.2460 -5.4185
v 85.2231 2.5270 -5.4185
v 86.0901 2.5270 -4.3005
v 86.0901 24.2460 -4.3005
v 85.2661 24.2460 -5.3635
v 85.2661 2.5270 -5.3635
v 86.5771 2.5270 -3.6715
v 86.5771 24.2460 -3.6715
v 86.0901 24.2460 -4.3005
v 86.0901 2.5270 -4.3005
v 84.6641 24.2460 -2.2125
v 86.5771 24.2460 -3.6715
v 86.5771 2.5270 -3.6715
v 84.6641 2.5270 -2.2125
v 97.2711 2.5270 10.3145
v 95.6971 2.5270 8.2135
v 93.8621 2.5270 9.6815
v 84.6641 2.5270 -2.2125
v 86.5771 2.5270 -3.6715
v 86.0901 2.5270 -4.3005
v 85.2661 2.5270 -5.3635
v 85.2231 2.5270 -5.4185
v 84.7371 2.5270 -6.0405
v 90.1641 2.5270 -10.1775
v 91.9831 2.5270 -7.7925
v 92.9371 2.5270 -8.5205
v 103.8261 2.5270 5.5305
v 93.8621 24.2460 9.6815
v 95.6971 24.2460 8.2135
v 97.2711 24.2460 10.3145
v 103.8261 24.2460 5.5305
v 92.9371 24.2460 -8.5205
v 91.9831 24.2460 -7.7925
v 90.1641 24.2460 -10.1775
v 84.7371 24.2460 -6.0405
v 85.2231 24.2460 -5.4185
v 85.2661 24.2460 -5.3635
v 86.0901 24.2460 -4.3005
v 86.5771 24.2460 -3.6715
v 84.6641 24.2460 -2.2125
v -21.1989 27.6070 44.9415
v -8.4049 27.6070 37.9675
v -9.5239 27.2180 35.9185
v -8.7869 27.1040 34.7395
v -12.0519 25.9670 28.7465
v -25.9149 25.9670 36.3035
v -16.4809 25.9660 53.5835
v -3.6909 25.9680 46.5995
v -8.4049 27.6070 37.9675
v -21.1989 27.6070 44.9415
v -25.9149 3.1220 36.3035
v -25.9149 25.9670 36.3035
v -12.0519 25.9670 28.7465
v -12.0519 3.1220 28.7465
v -12.0519 3.1220 28.7465
v -12.0519 25.9670 28.7465
v -8.7869 27.1040 34.7395
v -8.7869 3.1220 34.7395
v -8.7869 3.1220 34.7395
v -8.7869 27.1040 34.7395
v -9.5239 27.2180 35.9185
v -9.5239 3.1220 35.9185
v -3.6909 3.1220 46.5995
v -3.6909 25.9680 46.5995
v -16.4809 25.9660 53.5835
v -16.4809 3.1220 53.5835
v -16.4809 3.1220 53.5835
v -16.4809 25.9660 53.5835
v -21.1989 27.6070 44.9415
v -25.9149 25.9670 36.3035
v -25.9149 3.1220 36.3035
v -9.5239 3.1220 35.9185
v -9.5239 27.2180 35.9185
v -8.4049 27.6070 37.9675
v -3.6909 25.9680 46.5995
v -3.6909 3.1220 46.5995
v -9.5239 3.1220 35.9185
v -3.6909 3.1220 46.5995
v -16.4809 3.1220 53.5835
v -25.9149 3.1220 36.3035
v -12.0519 3.1220 28.7465
v -8.7869 3.1220 34.7395
v 13.0451 24.6910 155.9295
v 1.5831 24.6910 140.7755
v -9.5839 18.1210 149.3515
v 1.9471 18.1210 164.4525
v 13.0451 24.6910 155.9295
v -9.5839 18.1210 149.3515
v -6.2119 8.8140 183.3625
v -3.5689 9.4270 181.3715
v -4.3419 9.4270 180.3485
v -4.7229 9.3640 180.4045
v -8.0739 8.8140 180.8995
v 21.1721 21.7550 166.6755
v 29.0871 21.7550 160.7155
v 27.1961 22.1350 158.2045
v 19.2761 22.1350 164.1685
v -6.1159 8.8140 183.4895
v -3.4919 8.8140 181.4735
v -3.5689 8.8140 181.3715
v -6.2119 8.8140 183.3625
v -29.2139 4.5870 147.3635
v -29.2139 27.4320 147.3635
v -23.4569 27.4320 142.9275
v -23.4569 4.5870 142.9275
v -23.4569 4.5870 142.9275
v -23.4569 27.4320 142.9275
v -17.8049 27.4320 138.6215
v -17.8049 4.5870 138.6215
v -22.8309 4.5870 155.6685
v -22.8309 27.4320 155.6685
v -29.2139 27.4320 147.3635
v -29.2139 4.5870 147.3635
v -14.7359 4.5870 166.2015
v -14.7359 9.3640 166.2015
v -15.1299 9.3640 165.6885
v -15.1299 4.5870 165.6885
v -14.5449 4.5870 136.0735
v -14.5449 27.4320 136.0735
v -15.4769 27.4320 134.8815
v -15.4769 4.5870 134.8815
v -4.7229 9.3640 180.4045
v -8.0739 9.3640 180.8995
v -8.0739 8.8140 180.8995
v -9.5839 27.4320 149.3515
v -9.5839 30.2300 149.3515
v -11.4529 30.2300 146.9045
v -11.4529 27.4320 146.9045
v 1.5831 22.1550 140.7755
v 1.5831 24.6910 140.7755
v 13.0451 24.6910 155.9295
v 13.0451 22.1550 155.9295
v 13.0451 9.3640 155.9295
v 13.0451 22.1550 155.9295
v 13.0451 24.6910 155.9295
v 1.9471 18.1210 164.4525
v 1.9471 9.3640 164.4525
v 1.9471 9.3640 164.4525
v 1.9471 18.1210 164.4525
v -9.5839 18.1210 149.3515
v -9.5839 9.3640 149.3515
v -9.3159 4.5870 173.6585
v -9.3159 9.3640 173.6585
v -9.5529 9.3640 173.3465
v -9.5529 4.5870 173.3465
v -4.7229 9.3640 180.4045
v -4.3419 9.4270 180.3485
v -4.3419 9.3640 180.3485
v -4.3419 9.3640 180.3485
v -4.3419 9.4270 180.3485
v -3.5689 9.4270 181.3715
v -3.5689 9.3640 181.3715
v -3.5689 8.8140 181.3715
v -3.5689 9.3640 181.3715
v -3.5689 9.4270 181.3715
v -6.2119 8.8140 183.3625
v -4.6139 4.5870 126.3805
v -4.6139 27.4320 126.3805
v -3.6629 27.4320 127.5955
v -3.6629 4.5870 127.5955
v -3.6629 4.5870 127.5955
v -3.6629 27.4320 127.5955
v 1.1971 27.4320 123.8455
v 1.1971 4.5870 123.8455
v 1.1971 4.5870 123.8455
v 1.1971 27.4320 123.8455
v 7.3691 27.4320 131.9625
v 7.3691 4.5870 131.9625
v -1.6239 4.5870 183.7795
v -1.6239 9.3640 183.7795
v -3.4189 9.3640 181.4175
v -3.4189 4.5870 181.4175
v -3.4919 8.8140 181.4735
v -3.4919 9.3640 181.4735
v -3.5689 9.3640 181.3715
v -3.5689 8.8140 181.3715
v 12.8911 4.5870 139.0425
v 12.8911 22.1550 139.0425
v 17.1491 22.1550 144.8675
v 17.1491 4.5870 144.8675
v 17.1491 4.5870 144.8675
v 17.1491 22.1550 144.8675
v 20.6311 22.1550 149.4885
v 20.6311 4.5870 149.4885
v 27.1961 22.1350 158.2045
v 27.1961 22.1550 158.2045
v 19.2761 22.1550 164.1685
v 19.2761 22.1350 164.1685
v 29.0871 9.3640 160.7155
v 29.0871 21.7550 160.7155
v 21.1721 21.7550 166.6755
v 21.1721 9.3640 166.6755
v 37.8411 4.5870 172.3375
v 37.8411 9.3640 172.3375
v 38.9681 9.3640 173.7835
v 38.9681 4.5870 173.7835
v 38.9681 4.5870 173.7835
v 38.9681 9.3640 173.7835
v 38.7931 9.3640 173.9265
v 38.7931 4.5870 173.9265
v 38.7931 4.5870 173.9265
v 38.7931 9.3640 173.9265
v 28.1101 9.3640 175.5045
v 28.1101 4.5870 175.5045
v -25.6209 27.4320 157.8125
v -23.7839 27.4320 160.2045
v -20.9939 27.4320 158.0605
v -20.9679 27.4320 158.0945
v -9.5839 27.4320 149.3515
v -11.4529 27.4320 146.9045
v 7.5451 27.4320 132.1885
v 7.3691 27.4320 131.9625
v 1.1971 27.4320 123.8455
v -3.6629 27.4320 127.5955
v -4.6139 27.4320 126.3805
v -15.4769 27.4320 134.8815
v -14.5449 27.4320 136.0735
v -17.8049 27.4320 138.6215
v -23.4569 27.4320 142.9275
v -29.2139 27.4320 147.3635
v -22.8309 27.4320 155.6685
v 25.1311 4.5870 171.6205
v 13.7651 4.5870 180.2605
v 9.8971 4.5870 175.1035
v -1.6239 4.5870 183.7795
v -3.4189 4.5870 181.4175
v -14.7869 4.5870 190.1485
v -20.7019 4.5870 182.4025
v -9.3159 4.5870 173.6585
v -9.5529 4.5870 173.3465
v -14.7359 4.5870 166.2015
v -15.1299 4.5870 165.6885
v -20.9939 4.5870 158.0605
v -23.7839 4.5870 160.2045
v -25.6209 4.5870 157.8125
v -22.8309 4.5870 155.6685
v -29.2139 4.5870 147.3635
v -23.4569 4.5870 142.9275
v -17.8049 4.5870 138.6215
v -14.5449 4.5870 136.0735
v -15.4769 4.5870 134.8815
v -4.6139 4.5870 126.3805
v -3.6629 4.5870 127.5955
v 1.1971 4.5870 123.8455
v 7.3691 4.5870 131.9625
v 12.8911 4.5870 139.0425
v 17.1491 4.5870 144.8675
v 20.6311 4.5870 149.4885
v 37.8411 4.5870 172.3375
v 38.9681 4.5870 173.7835
v 38.7931 4.5870 173.9265
v 28.1101 4.5870 175.5045
v 27.1961 22.1550 158.2045
v 27.1961 22.1350 158.2045
v 29.0871 21.7550 160.7155
v 29.0871 9.3640 160.7155
v 37.8411 9.3640 172.3375
v 37.8411 4.5870 172.3375
v 20.6311 4.5870 149.4885
v 20.6311 22.1550 149.4885
v -9.5529 9.3640 173.3465
v -9.3159 9.3640 173.6585
v -20.7019 9.3640 182.4025
v -14.7869 9.3640 190.1485
v -6.1159 9.3640 183.4895
v -8.0739 9.3640 180.8995
v -4.7229 9.3640 180.4045
v -4.3419 9.3640 180.3485
v -3.5689 9.3640 181.3715
v -3.4919 9.3640 181.4735
v -3.4189 9.3640 181.4175
v -1.6239 9.3640 183.7795
v 9.8971 9.3640 175.1035
v 13.7651 9.3640 180.2605
v 25.1311 9.3640 171.6205
v 28.1101 9.3640 175.5045
v 38.7931 9.3640 173.9265
v 38.9681 9.3640 173.7835
v 37.8411 9.3640 172.3375
v 29.0871 9.3640 160.7155
v 21.1721 9.3640 166.6755
v 13.0451 9.3640 155.9295
v 1.9471 9.3640 164.4525
v -9.5839 9.3640 149.3515
v -20.9679 9.3640 158.0945
v -15.1299 9.3640 165.6885
v -14.7359 9.3640 166.2015
v -9.5839 30.2300 149.3515
v -9.5839 27.4320 149.3515
v -20.9679 27.4320 158.0945
v -20.9679 9.3640 158.0945
v -9.5839 9.3640 149.3515
v -9.5839 18.1210 149.3515
v 1.5831 24.6910 140.7755
v 1.5831 22.1550 140.7755
v 9.5011 22.1550 134.6955
v 9.5011 30.2300 134.6955
v -20.7019 9.3640 182.4025
v -9.3159 9.3640 173.6585
v -9.3159 4.5870 173.6585
v -20.7019 4.5870 182.4025
v -14.7869 9.3640 190.1485
v -20.7019 9.3640 182.4025
v -20.7019 4.5870 182.4025
v -14.7869 4.5870 190.1485
v 12.8911 4.5870 139.0425
v 7.3691 4.5870 131.9625
v 7.3691 27.4320 131.9625
v 7.5451 27.4320 132.1885
v 7.5451 30.2300 132.1885
v 9.5011 30.2300 134.6955
v 9.5011 22.1550 134.6955
v 12.8911 22.1550 139.0425
v -14.7869 4.5870 190.1485
v -3.4189 4.5870 181.4175
v -3.4189 9.3640 181.4175
v -3.4919 9.3640 181.4735
v -3.4919 8.8140 181.4735
v -6.1159 8.8140 183.4895
v -6.1159 9.3640 183.4895
v -14.7869 9.3640 190.1485
v 13.7651 9.3640 180.2605
v 9.8971 9.3640 175.1035
v 9.8971 4.5870 175.1035
v 13.7651 4.5870 180.2605
v 25.1311 9.3640 171.6205
v 13.7651 9.3640 180.2605
v 13.7651 4.5870 180.2605
v 25.1311 4.5870 171.6205
v -25.6209 4.5870 157.8125
v -23.7839 4.5870 160.2045
v -23.7839 27.4320 160.2045
v -25.6209 27.4320 157.8125
v 28.1101 9.3640 175.5045
v 25.1311 9.3640 171.6205
v 25.1311 4.5870 171.6205
v 28.1101 4.5870 175.5045
v 13.0451 9.3640 155.9295
v 21.1721 9.3640 166.6755
v 21.1721 21.7550 166.6755
v 19.2761 22.1350 164.1685
v 19.2761 22.1550 164.1685
v 13.0451 22.1550 155.9295
v 9.8971 9.3640 175.1035
v -1.6239 9.3640 183.7795
v -1.6239 4.5870 183.7795
v 9.8971 4.5870 175.1035
v 7.5451 30.2300 132.1885
v 7.5451 27.4320 132.1885
v -11.4529 27.4320 146.9045
v -11.4529 30.2300 146.9045
v -4.6139 4.5870 126.3805
v -15.4769 4.5870 134.8815
v -15.4769 27.4320 134.8815
v -4.6139 27.4320 126.3805
v -8.0739 9.3640 180.8995
v -6.1159 9.3640 183.4895
v -6.1159 8.8140 183.4895
v -6.2119 8.8140 183.3625
v -8.0739 8.8140 180.8995
v -9.5529 9.3640 173.3465
v -14.7359 9.3640 166.2015
v -14.7359 4.5870 166.2015
v -9.5529 4.5870 173.3465
v -23.7839 4.5870 160.2045
v -20.9939 4.5870 158.0605
v -20.9939 27.4320 158.0605
v -23.7839 27.4320 160.2045
v -20.9939 4.5870 158.0605
v -15.1299 4.5870 165.6885
v -15.1299 9.3640 165.6885
v -20.9679 9.3640 158.0945
v -20.9679 27.4320 158.0945
v -20.9939 27.4320 158.0605
v -22.8309 4.5870 155.6685
v -25.6209 4.5870 157.8125
v -25.6209 27.4320 157.8125
v -22.8309 27.4320 155.6685
v -14.5449 4.5870 136.0735
v -17.8049 4.5870 138.6215
v -17.8049 27.4320 138.6215
v -14.5449 27.4320 136.0735
v 27.1961 22.1550 158.2045
v 20.6311 22.1550 149.4885
v 17.1491 22.1550 144.8675
v 12.8911 22.1550 139.0425
v 9.5011 22.1550 134.6955
v 1.5831 22.1550 140.7755
v 13.0451 22.1550 155.9295
v 19.2761 22.1550 164.1685
v 7.5451 30.2300 132.1885
v -11.4529 30.2300 146.9045
v -9.5839 30.2300 149.3515
v 9.5011 30.2300 134.6955
v -11.9319 2.4240 61.9125
v -11.9319 7.4070 61.9125
v -13.9439 6.8270 58.2305
v -13.9439 2.4240 58.2305
v -11.9319 2.4240 61.9125
v 1.2601 2.4240 53.1845
v 1.2601 7.4070 53.1845
v -11.9319 7.4070 61.9125
v 1.2601 7.4070 53.1845
v 1.2601 2.4240 53.1845
v -0.6989 2.4240 49.5875
v -0.6989 6.8410 49.5875
v -13.9439 6.8270 58.2305
v -0.6989 6.8410 49.5875
v -0.6989 2.4240 49.5875
v -13.9439 2.4240 58.2305
v -11.9319 2.4240 61.9125
v -13.9439 2.4240 58.2305
v -0.6989 2.4240 49.5875
v 1.2601 2.4240 53.1845
v -11.9319 7.4070 61.9125
v 1.2601 7.4070 53.1845
v -0.6989 6.8410 49.5875
v -13.9439 6.8270 58.2305
v 21.5171 1.5980 -154.5545
v 21.5171 23.2130 -154.5545
v 46.8931 23.2130 -163.6725
v 46.8931 1.5980 -163.6725
v 47.5881 1.5980 -154.5795
v 47.5881 23.2130 -154.5795
v 47.3981 23.2130 -154.5135
v 47.3981 1.5980 -154.5135
v 47.3981 1.5980 -154.5135
v 47.3981 23.2130 -154.5135
v 47.3761 23.2130 -154.5585
v 47.3761 1.5980 -154.5585
v 47.3761 1.5980 -154.5585
v 47.3761 23.2130 -154.5585
v 24.4761 23.2130 -146.3435
v 24.4761 1.5980 -146.3435
v 24.4761 1.5980 -146.3435
v 24.4761 23.2130 -146.3435
v 22.3831 23.2130 -152.1525
v 22.3831 1.5980 -152.1525
v 22.3831 1.5980 -152.1525
v 22.3831 23.2130 -152.1525
v 21.5171 23.2130 -154.5545
v 21.5171 1.5980 -154.5545
v 51.2531 1.5980 -150.8625
v 51.2531 23.2130 -150.8625
v 50.2931 23.2130 -150.5405
v 50.2931 1.5980 -150.5405
v 50.2931 1.5980 -150.5405
v 50.2931 23.2130 -150.5405
v 49.3471 23.2130 -150.2175
v 49.3471 1.5980 -150.2175
v 49.3471 1.5980 -150.2175
v 49.3471 23.2130 -150.2175
v 49.5741 23.2130 -149.5345
v 49.5741 1.5980 -149.5345
v 49.5741 1.5980 -149.5345
v 49.5741 23.2130 -149.5345
v 49.3901 23.2130 -149.4655
v 49.3901 1.5980 -149.4655
v 49.3901 1.5980 -149.4655
v 49.3901 23.2130 -149.4655
v 47.5881 23.2130 -154.5795
v 47.5881 1.5980 -154.5795
v 51.2531 23.2130 -150.8625
v 51.2531 1.5980 -150.8625
v 46.8931 1.5980 -163.6725
v 46.8931 23.2130 -163.6725
v 46.8931 1.5980 -163.6725
v 51.2531 1.5980 -150.8625
v 50.2931 1.5980 -150.5405
v 49.3471 1.5980 -150.2175
v 49.5741 1.5980 -149.5345
v 49.3901 1.5980 -149.4655
v 47.5881 1.5980 -154.5795
v 47.3981 1.5980 -154.5135
v 47.3761 1.5980 -154.5585
v 24.4761 1.5980 -146.3435
v 22.3831 1.5980 -152.1525
v 21.5171 1.5980 -154.5545
v 51.2531 23.2130 -150.8625
v 46.8931 23.2130 -163.6725
v 21.5171 23.2130 -154.5545
v 22.3831 23.2130 -152.1525
v 24.4761 23.2130 -146.3435
v 47.3761 23.2130 -154.5585
v 47.3981 23.2130 -154.5135
v 47.5881 23.2130 -154.5795
v 49.3901 23.2130 -149.4655
v 49.5741 23.2130 -149.5345
v 49.3471 23.2130 -150.2175
v 50.2931 23.2130 -150.5405
v 136.0371 5.9000 -17.9795
v 136.9811 5.9000 -16.7605
v 151.8151 5.9000 -28.2585
v 137.1171 5.9000 -47.2515
v 122.2581 5.9000 -35.7365
v 151.8151 1.5080 -28.2585
v 136.9811 1.5080 -16.7605
v 136.0371 1.5080 -17.9795
v 122.2581 1.5080 -35.7365
v 137.1171 1.5080 -47.2515
v 122.2581 1.5080 -35.7365
v 122.2581 5.9000 -35.7365
v 137.1171 5.9000 -47.2515
v 137.1171 1.5080 -47.2515
v 151.8151 1.5080 -28.2585
v 151.8151 5.9000 -28.2585
v 136.9811 5.9000 -16.7605
v 136.9811 1.5080 -16.7605
v 136.9811 1.5080 -16.7605
v 136.9811 5.9000 -16.7605
v 136.0371 5.9000 -17.9795
v 136.0371 1.5080 -17.9795
v 122.2581 1.5080 -35.7365
v 136.0371 1.5080 -17.9795
v 136.0371 5.9000 -17.9795
v 122.2581 5.9000 -35.7365
v 151.8151 1.5080 -28.2585
v 137.1171 1.5080 -47.2515
v 137.1171 5.9000 -47.2515
v 151.8151 5.9000 -28.2585
v 117.0531 1.3200 -31.5625
v 117.0531 9.6270 -31.5625
v 116.7841 9.6270 -31.3545
v 116.7841 1.3200 -31.3545
v 116.7841 1.3200 -31.3545
v 116.7841 9.6270 -31.3545
v 109.5911 9.6270 -40.6115
v 109.5911 1.3200 -40.6115
v 130.0231 1.3200 -56.4215
v 130.0231 9.6270 -56.4215
v 137.1171 9.6270 -47.2515
v 137.1171 1.3200 -47.2515
v 124.4971 1.3200 -32.8505
v 124.4971 9.6270 -32.8505
v 119.2281 9.6270 -28.7615
v 119.2281 1.3200 -28.7615
v 119.2281 9.6270 -28.7615
v 124.4971 9.6270 -32.8505
v 122.2581 9.6270 -35.7365
v 137.1171 9.6270 -47.2515
v 130.0231 9.6270 -56.4215
v 109.5911 9.6270 -40.6115
v 116.7841 9.6270 -31.3545
v 117.0531 9.6270 -31.5625
v 122.2581 1.3200 -35.7365
v 124.4971 1.3200 -32.8505
v 119.2281 1.3200 -28.7615
v 117.0531 1.3200 -31.5625
v 116.7841 1.3200 -31.3545
v 109.5911 1.3200 -40.6115
v 130.0231 1.3200 -56.4215
v 137.1171 1.3200 -47.2515
v 117.0531 1.3200 -31.5625
v 119.2281 1.3200 -28.7615
v 119.2281 9.6270 -28.7615
v 117.0531 9.6270 -31.5625
v 124.4971 1.3200 -32.8505
v 122.2581 1.3200 -35.7365
v 122.2581 9.6270 -35.7365
v 124.4971 9.6270 -32.8505
v 122.2581 1.3200 -35.7365
v 137.1171 1.3200 -47.2515
v 137.1171 9.6270 -47.2515
v 122.2581 9.6270 -35.7365
v 130.0231 1.3200 -56.4215
v 109.5911 1.3200 -40.6115
v 109.5911 9.6270 -40.6115
v 130.0231 9.6270 -56.4215
v -36.6519 24.3620 -60.3005
v -31.2969 24.3620 -63.2215
v -30.4079 24.3620 -62.9405
v -29.5219 24.3620 -63.3485
v -29.0929 24.3620 -64.7085
v -24.2169 24.3620 -67.3115
v -30.8969 24.3620 -79.5825
v -43.4439 24.3620 -72.7495
v -43.4439 3.3670 -72.7495
v -30.8969 3.3670 -79.5825
v -24.2169 3.3670 -67.3115
v -29.0929 3.3670 -64.7085
v -29.5219 3.3670 -63.3485
v -30.4079 3.3670 -62.9405
v -31.2969 3.3670 -63.2215
v -36.6519 3.3670 -60.3005
v -43.4439 3.3670 -72.7495
v -43.4439 24.3620 -72.7495
v -30.8969 24.3620 -79.5825
v -30.8969 3.3670 -79.5825
v -30.8969 3.3670 -79.5825
v -30.8969 24.3620 -79.5825
v -24.2169 24.3620 -67.3115
v -24.2169 3.3670 -67.3115
v -24.2169 3.3670 -67.3115
v -24.2169 24.3620 -67.3115
v -29.0929 24.3620 -64.7085
v -29.0929 3.3670 -64.7085
v -29.0929 3.3670 -64.7085
v -29.0929 24.3620 -64.7085
v -29.5219 24.3620 -63.3485
v -29.5219 3.3670 -63.3485
v -29.5219 3.3670 -63.3485
v -29.5219 24.3620 -63.3485
v -30.4079 24.3620 -62.9405
v -30.4079 3.3670 -62.9405
v -30.4079 3.3670 -62.9405
v -30.4079 24.3620 -62.9405
v -31.2969 24.3620 -63.2215
v -31.2969 3.3670 -63.2215
v -31.2969 3.3670 -63.2215
v -31.2969 24.3620 -63.2215
v -36.6519 24.3620 -60.3005
v -36.6519 3.3670 -60.3005
v -36.6519 3.3670 -60.3005
v -36.6519 24.3620 -60.3005
v -43.4439 24.3620 -72.7495
v -43.4439 3.3670 -72.7495
v 42.7451 27.4820 113.5305
v 42.4701 27.4820 113.7475
v 42.9101 27.2640 114.3065
v 50.1421 27.2640 108.5915
v 49.7001 27.4970 107.9725
v 44.6281 30.0610 101.3225
v 37.5481 30.0610 106.9175
v 49.7001 4.0440 107.9725
v 49.7001 27.4970 107.9725
v 50.1421 27.2640 108.5915
v 50.1421 4.0440 108.5915
v 50.1421 4.0440 108.5915
v 50.1421 27.2640 108.5915
v 42.9101 27.2640 114.3065
v 42.9101 4.0440 114.3065
v 42.9101 4.0440 114.3065
v 42.9101 27.2640 114.3065
v 42.4701 27.4820 113.7475
v 42.4701 4.0440 113.7475
v 42.4701 4.0440 113.7475
v 42.4701 27.4820 113.7475
v 42.7451 27.4820 113.5305
v 42.7451 4.0440 113.5305
v 31.9041 4.0440 99.7365
v 39.1011 4.0440 94.0755
v 49.7001 4.0440 107.9725
v 50.1421 4.0440 108.5915
v 42.9101 4.0440 114.3065
v 42.4701 4.0440 113.7475
v 42.7451 4.0440 113.5305
v 44.6281 30.0610 101.3225
v 49.7001 27.4970 107.9725
v 49.7001 4.0440 107.9725
v 39.1011 4.0440 94.0755
v 39.1011 27.2670 94.0755
v 31.9041 4.0440 99.7365
v 42.7451 4.0440 113.5305
v 42.7451 27.4820 113.5305
v 37.5481 30.0610 106.9175
v 31.9041 27.2610 99.7365
v 39.1011 27.2670 94.0755
v 39.1011 4.0440 94.0755
v 31.9041 4.0440 99.7365
v 31.9041 27.2610 99.7365
v 39.1011 27.2670 94.0755
v 31.9041 27.2610 99.7365
v 37.5481 30.0610 106.9175
v 44.6281 30.0610 101.3225
v 123.2151 2.1360 -8.6205
v 123.2151 24.7330 -8.6205
v 113.5201 24.7330 -1.5455
v 113.5201 2.1360 -1.5455
v 113.5201 2.1360 -1.5455
v 113.5201 24.7330 -1.5455
v 102.4461 24.7330 -15.8355
v 102.4461 2.1360 -15.8355
v 102.4461 2.1360 -15.8355
v 102.4461 24.7330 -15.8355
v 102.3481 24.7330 -15.9615
v 102.3481 2.1360 -15.9615
v 123.2151 24.7330 -8.6205
v 123.2151 2.1360 -8.6205
v 111.7481 2.1360 -23.4185
v 111.7481 24.7330 -23.4185
v 111.7481 24.7330 -23.4185
v 111.7481 2.1360 -23.4185
v 102.3481 2.1360 -15.9615
v 102.3481 24.7330 -15.9615
v 102.3481 2.1360 -15.9615
v 111.7481 2.1360 -23.4185
v 123.2151 2.1360 -8.6205
v 113.5201 2.1360 -1.5455
v 102.4461 2.1360 -15.8355
v 111.7481 24.7330 -23.4185
v 102.3481 24.7330 -15.9615
v 102.4461 24.7330 -15.8355
v 113.5201 24.7330 -1.5455
v 123.2151 24.7330 -8.6205
v -44.7859 24.4230 72.1715
v -41.5149 24.4230 70.0355
v -41.5279 24.3950 70.0105
v -45.8319 22.2280 70.1475
v -45.8749 22.2240 70.1715
v -41.5279 24.3950 70.0105
v -42.4539 22.2280 68.3095
v -45.8319 22.2280 70.1475
v -40.2879 24.6500 80.4245
v -39.9389 24.6500 80.1965
v -36.9759 24.6500 78.2625
v -39.7829 24.6500 73.1115
v -41.0709 24.6500 70.7475
v -41.1139 24.6500 70.7715
v -41.5149 24.6500 70.0355
v -44.7859 24.6500 72.1715
v -26.0099 25.6470 71.1015
v -30.2179 24.1470 63.3455
v -34.2999 24.0840 65.5685
v -33.6709 24.3080 66.7235
v -41.0709 24.1930 70.7475
v -39.7829 24.6500 73.1115
v -36.9759 25.6470 78.2625
v -44.7859 24.4230 72.1715
v -44.7859 24.6500 72.1715
v -41.5149 24.6500 70.0355
v -41.5149 24.4230 70.0355
v -41.0709 24.1930 70.7475
v -41.0709 24.6500 70.7475
v -39.7829 24.6500 73.1115
v -39.9389 1.6070 80.1965
v -39.9389 24.6500 80.1965
v -40.2879 24.6500 80.4245
v -40.2879 1.6070 80.4245
v -33.6709 1.6070 66.7235
v -33.6709 24.3080 66.7235
v -34.2999 24.0840 65.5685
v -34.2999 1.6070 65.5685
v -34.2999 1.6070 65.5685
v -34.2999 24.0840 65.5685
v -30.2179 24.1470 63.3455
v -30.2179 1.6070 63.3455
v -30.2179 1.6070 63.3455
v -30.2179 24.1470 63.3455
v -26.0099 25.6470 71.1015
v -26.0099 1.6070 71.1015
v -36.9759 24.6500 78.2625
v -36.9759 25.6470 78.2625
v -39.7829 24.6500 73.1115
v -39.9389 1.6070 80.1965
v -40.2879 1.6070 80.4245
v -45.8749 1.6070 70.1715
v -42.4539 1.6070 68.3095
v -41.1139 1.6070 70.7715
v -33.6709 1.6070 66.7235
v -34.2999 1.6070 65.5685
v -30.2179 1.6070 63.3455
v -26.0099 1.6070 71.1015
v -39.9389 1.6070 80.1965
v -26.0099 1.6070 71.1015
v -26.0099 25.6470 71.1015
v -36.9759 25.6470 78.2625
v -36.9759 24.6500 78.2625
v -39.9389 24.6500 80.1965
v -41.1139 1.6070 70.7715
v -42.4539 1.6070 68.3095
v -42.4539 22.2280 68.3095
v -41.5279 24.3950 70.0105
v -41.5149 24.4230 70.0355
v -41.5149 24.6500 70.0355
v -41.1139 24.6500 70.7715
v -45.8749 1.6070 70.1715
v -40.2879 1.6070 80.4245
v -40.2879 24.6500 80.4245
v -44.7859 24.6500 72.1715
v -44.7859 24.4230 72.1715
v -45.8749 22.2240 70.1715
v -33.6709 1.6070 66.7235
v -41.1139 1.6070 70.7715
v -41.1139 24.6500 70.7715
v -41.0709 24.6500 70.7475
v -41.0709 24.1930 70.7475
v -33.6709 24.3080 66.7235
v -42.4539 1.6070 68.3095
v -45.8749 1.6070 70.1715
v -45.8749 22.2240 70.1715
v -45.8319 22.2280 70.1475
v -42.4539 22.2280 68.3095
v 111.8341 1.8950 -23.3075
v 111.8341 24.4000 -23.3075
v 119.2281 24.4000 -28.7615
v 119.2281 1.8950 -28.7615
v 136.0371 1.8950 -17.9795
v 136.0371 24.4000 -17.9795
v 123.2151 24.4000 -8.6205
v 123.2151 1.8950 -8.6205
v 123.2151 1.8950 -8.6205
v 123.2151 24.4000 -8.6205
v 111.8341 24.4000 -23.3075
v 111.8341 1.8950 -23.3075
v 136.0371 24.4000 -17.9795
v 136.0371 1.8950 -17.9795
v 124.4971 1.8950 -32.8505
v 124.4971 24.4000 -32.8505
v 124.4971 24.4000 -32.8505
v 124.4971 1.8950 -32.8505
v 119.2281 1.8950 -28.7615
v 119.2281 24.4000 -28.7615
v 119.2281 1.8950 -28.7615
v 124.4971 1.8950 -32.8505
v 136.0371 1.8950 -17.9795
v 123.2151 1.8950 -8.6205
v 111.8341 1.8950 -23.3075
v 124.4971 24.4000 -32.8505
v 119.2281 24.4000 -28.7615
v 111.8341 24.4000 -23.3075
v 123.2151 24.4000 -8.6205
v 136.0371 24.4000 -17.9795
v 66.1851 1.4780 -98.8945
v 63.3961 1.4780 -101.2845
v 57.0681 1.4780 -106.6455
v 68.2441 1.4780 -119.7065
v 77.2291 1.4780 -112.0545
v 76.1041 1.4780 -110.7475
v 75.4691 1.4780 -110.0125
v 77.5561 1.4780 -108.2125
v 70.6211 1.4780 -100.1675
v 68.7131 1.4780 -101.8155
v 68.7131 16.9780 -101.8155
v 70.6211 16.9780 -100.1675
v 77.5561 16.9780 -108.2125
v 75.4691 16.9780 -110.0125
v 76.1041 16.9780 -110.7475
v 77.2291 16.9780 -112.0545
v 68.2441 16.9780 -119.7065
v 57.0681 16.9780 -106.6455
v 63.3961 16.9780 -101.2845
v 66.1851 16.9780 -98.8945
v 66.1851 16.9780 -98.8945
v 63.3961 16.9780 -101.2845
v 63.3961 1.4780 -101.2845
v 66.1851 1.4780 -98.8945
v 63.3961 16.9780 -101.2845
v 57.0681 16.9780 -106.6455
v 57.0681 1.4780 -106.6455
v 63.3961 1.4780 -101.2845
v 57.0681 16.9780 -106.6455
v 68.2441 16.9780 -119.7065
v 68.2441 1.4780 -119.7065
v 57.0681 1.4780 -106.6455
v 68.2441 16.9780 -119.7065
v 77.2291 16.9780 -112.0545
v 77.2291 1.4780 -112.0545
v 68.2441 1.4780 -119.7065
v 77.2291 16.9780 -112.0545
v 76.1041 16.9780 -110.7475
v 76.1041 1.4780 -110.7475
v 77.2291 1.4780 -112.0545
v 76.1041 16.9780 -110.7475
v 75.4691 16.9780 -110.0125
v 75.4691 1.4780 -110.0125
v 76.1041 1.4780 -110.7475
v 75.4691 16.9780 -110.0125
v 77.5561 16.9780 -108.2125
v 77.5561 1.4780 -108.2125
v 75.4691 1.4780 -110.0125
v 77.5561 16.9780 -108.2125
v 70.6211 16.9780 -100.1675
v 70.6211 1.4780 -100.1675
v 77.5561 1.4780 -108.2125
v 70.6211 16.9780 -100.1675
v 68.7131 16.9780 -101.8155
v 68.7131 1.4780 -101.8155
v 70.6211 1.4780 -100.1675
v 68.7131 16.9780 -101.8155
v 66.1851 16.9780 -98.8945
v 66.1851 1.4780 -98.8945
v 68.7131 1.4780 -101.8155
v -29.2769 5.3490 -105.2405
v -24.0089 5.3490 -107.1535
v -27.6559 5.3490 -117.1995
v -32.9279 5.3490 -115.2865
v -32.9279 2.7380 -115.2865
v -27.6559 2.7380 -117.1995
v -24.0089 2.7380 -107.1535
v -29.2769 2.7380 -105.2405
v -32.9279 2.7380 -115.2865
v -32.9279 5.3490 -115.2865
v -27.6559 5.3490 -117.1995
v -27.6559 2.7380 -117.1995
v -27.6559 2.7380 -117.1995
v -27.6559 5.3490 -117.1995
v -24.0089 5.3490 -107.1535
v -24.0089 2.7380 -107.1535
v -24.0089 2.7380 -107.1535
v -24.0089 5.3490 -107.1535
v -29.2769 5.3490 -105.2405
v -29.2769 2.7380 -105.2405
v -29.2769 2.7380 -105.2405
v -29.2769 5.3490 -105.2405
v -32.9279 5.3490 -115.2865
v -32.9279 2.7380 -115.2865
v 30.0741 15.7500 -118.8365
v 34.4281 20.6280 -115.1135
v 44.9781 20.6280 -127.4435
v 40.6481 15.7760 -131.1475
v 40.2961 15.7750 -130.7385
v 49.3201 15.7620 -123.7295
v 44.9781 20.6280 -127.4435
v 34.4281 20.6280 -115.1135
v 38.7711 15.7620 -111.4005
v 40.2961 1.4950 -130.7385
v 40.2961 15.7750 -130.7385
v 40.6481 15.7760 -131.1475
v 40.6481 1.4950 -131.1475
v 49.3201 1.4950 -123.7295
v 49.3201 15.7620 -123.7295
v 38.7711 15.7620 -111.4005
v 38.7711 1.4950 -111.4005
v 38.7711 1.4950 -111.4005
v 38.7711 15.7620 -111.4005
v 34.4281 20.6280 -115.1135
v 30.0741 15.7500 -118.8365
v 30.0741 1.4950 -118.8365
v 40.6481 1.4950 -131.1475
v 40.6481 15.7760 -131.1475
v 44.9781 20.6280 -127.4435
v 49.3201 15.7620 -123.7295
v 49.3201 1.4950 -123.7295
v 30.0741 1.4950 -118.8365
v 30.0741 15.7500 -118.8365
v 40.2961 15.7750 -130.7385
v 40.2961 1.4950 -130.7385
v 30.0741 1.4950 -118.8365
v 40.2961 1.4950 -130.7385
v 40.6481 1.4950 -131.1475
v 49.3201 1.4950 -123.7295
v 38.7711 1.4950 -111.4005
v 158.0271 9.2270 36.6285
v 158.3551 5.6020 34.0375
v 158.3401 5.5560 34.0185
v 155.4081 5.5570 36.2975
v 157.0531 5.5580 38.4215
v 157.3181 6.2160 38.2165
v 158.5291 9.2270 37.2765
v 158.0271 9.2270 36.6285
v 155.4081 5.5570 36.2975
v 158.5291 9.2270 37.2765
v 159.7401 6.2160 36.3365
v 160.0001 5.5670 36.1335
v 158.3551 5.6020 34.0375
v 158.0271 9.2270 36.6285
v 161.6361 6.8700 33.1295
v 164.8341 6.8700 30.6455
v 164.0241 5.9120 29.6025
v 160.8271 5.9120 32.0865
v 162.4771 5.8750 34.2115
v 165.6761 5.8750 31.7275
v 164.8341 6.8700 30.6455
v 161.6361 6.8700 33.1295
v 155.4081 2.3440 36.2975
v 155.4081 5.5570 36.2975
v 158.3401 5.5560 34.0185
v 158.3401 2.3440 34.0185
v 157.0531 5.5580 38.4215
v 157.0531 6.2160 38.4215
v 157.3181 6.2160 38.2165
v 159.7401 6.2160 36.3365
v 160.0001 6.2160 36.1335
v 160.0001 5.5670 36.1335
v 163.5351 2.3440 41.9645
v 163.5351 6.2160 41.9645
v 164.2571 6.2160 42.8965
v 164.2571 2.3440 42.8965
v 164.2571 2.3440 42.8965
v 164.2571 6.2160 42.8965
v 161.9271 6.2160 44.7185
v 161.9271 2.3440 44.7185
v 161.9271 2.3440 44.7185
v 161.9271 6.2160 44.7185
v 158.9121 6.2160 40.8215
v 158.9121 2.3440 40.8215
v 160.8271 2.3440 32.0865
v 160.8271 5.9120 32.0865
v 164.0241 5.9120 29.6025
v 164.0241 2.3440 29.6025
v 162.4771 5.8750 34.2115
v 162.4771 6.2160 34.2115
v 165.6761 6.2160 31.7275
v 165.6761 5.8750 31.7275
v 170.3101 2.3440 32.0485
v 170.3101 6.2160 32.0485
v 172.5711 6.2160 34.9625
v 172.5711 2.3440 34.9625
v 166.5761 2.3440 27.6195
v 166.5761 6.2160 27.6195
v 166.7391 6.2160 27.4925
v 166.7391 2.3440 27.4925
v 163.5351 2.3440 41.9645
v 164.2571 2.3440 42.8965
v 161.9271 2.3440 44.7185
v 158.9121 2.3440 40.8215
v 155.4081 2.3440 36.2975
v 158.3401 2.3440 34.0185
v 160.0621 2.3440 36.2125
v 162.5351 2.3440 34.2865
v 160.8271 2.3440 32.0865
v 164.0241 2.3440 29.6025
v 165.7111 2.3440 31.7725
v 168.2661 2.3440 29.8205
v 166.5761 2.3440 27.6195
v 166.7391 2.3440 27.4925
v 170.3101 2.3440 32.0485
v 172.5711 2.3440 34.9625
v 163.5351 6.2160 41.9645
v 163.5351 2.3440 41.9645
v 172.5711 2.3440 34.9625
v 172.5711 6.2160 34.9625
v 166.7391 6.2160 27.4925
v 166.5761 6.2160 27.6195
v 168.2661 6.2160 29.8205
v 165.7111 6.2160 31.7725
v 165.6761 6.2160 31.7275
v 162.4771 6.2160 34.2115
v 162.5351 6.2160 34.2865
v 160.0621 6.2160 36.2125
v 160.0001 6.2160 36.1335
v 159.7401 6.2160 36.3365
v 157.3181 6.2160 38.2165
v 157.0531 6.2160 38.4215
v 158.9121 6.2160 40.8215
v 161.9271 6.2160 44.7185
v 164.2571 6.2160 42.8965
v 163.5351 6.2160 41.9645
v 172.5711 6.2160 34.9625
v 170.3101 6.2160 32.0485
v 160.0621 2.3440 36.2125
v 158.3401 2.3440 34.0185
v 158.3401 5.5560 34.0185
v 158.3551 5.6020 34.0375
v 160.0001 5.5670 36.1335
v 160.0001 6.2160 36.1335
v 160.0621 6.2160 36.2125
v 160.0621 6.2160 36.2125
v 162.5351 6.2160 34.2865
v 162.5351 2.3440 34.2865
v 160.0621 2.3440 36.2125
v 165.7111 2.3440 31.7725
v 164.0241 2.3440 29.6025
v 164.0241 5.9120 29.6025
v 164.8341 6.8700 30.6455
v 165.6761 5.8750 31.7275
v 165.6761 6.2160 31.7275
v 165.7111 6.2160 31.7725
v 160.8271 2.3440 32.0865
v 162.5351 2.3440 34.2865
v 162.5351 6.2160 34.2865
v 162.4771 6.2160 34.2115
v 162.4771 5.8750 34.2115
v 161.6361 6.8700 33.1295
v 160.8271 5.9120 32.0865
v 166.7391 6.2160 27.4925
v 170.3101 6.2160 32.0485
v 170.3101 2.3440 32.0485
v 166.7391 2.3440 27.4925
v 168.2661 6.2160 29.8205
v 166.5761 6.2160 27.6195
v 166.5761 2.3440 27.6195
v 168.2661 2.3440 29.8205
v 165.7111 6.2160 31.7725
v 168.2661 6.2160 29.8205
v 168.2661 2.3440 29.8205
v 165.7111 2.3440 31.7725
v 155.4081 2.3440 36.2975
v 158.9121 2.3440 40.8215
v 158.9121 6.2160 40.8215
v 157.0531 6.2160 38.4215
v 157.0531 5.5580 38.4215
v 155.4081 5.5570 36.2975
v 157.3181 6.2160 38.2165
v 159.7401 6.2160 36.3365
v 158.5291 9.2270 37.2765
v 22.8101 4.3720 131.2225
v 22.8101 25.2060 131.2225
v 20.4071 25.2150 133.0335
v 20.4071 4.3720 133.0335
v 28.0501 9.2200 127.2045
v 28.0501 25.1960 127.2045
v 22.8481 25.1960 131.2735
v 22.8481 9.2200 131.2735
v 28.0841 4.3720 127.2495
v 28.0841 9.2200 127.2495
v 31.2561 9.2200 131.4435
v 31.2561 4.3720 131.4435
v 26.0061 4.3720 135.4645
v 22.8101 4.3720 131.2225
v 20.4071 4.3720 133.0335
v 8.8251 4.3720 117.8585
v 16.3811 4.3720 111.9485
v 26.7981 4.3720 125.5675
v 28.0841 4.3720 127.2495
v 31.2561 4.3720 131.4435
v 26.0061 9.2200 135.4645
v 26.0061 4.3720 135.4645
v 31.2561 4.3720 131.4435
v 31.2561 9.2200 131.4435
v 22.8101 4.3720 131.2225
v 26.0061 4.3720 135.4645
v 26.0061 9.2200 135.4645
v 22.8481 9.2200 131.2735
v 22.8481 25.1960 131.2735
v 22.8101 25.2060 131.2225
v 28.0841 4.3720 127.2495
v 26.7981 4.3720 125.5675
v 26.7981 25.5300 125.5675
v 28.0501 25.1960 127.2045
v 28.0501 9.2200 127.2045
v 28.0841 9.2200 127.2495
v 26.7981 4.3720 125.5675
v 16.3811 4.3720 111.9485
v 16.3811 25.2040 111.9485
v 22.2001 26.7570 119.5565
v 26.7981 25.5300 125.5675
v 8.8251 4.3720 117.8585
v 20.4071 4.3720 133.0335
v 20.4071 25.2150 133.0335
v 14.6371 26.7570 125.4725
v 8.8251 25.2040 117.8585
v 16.3811 25.2040 111.9485
v 16.3811 4.3720 111.9485
v 8.8251 4.3720 117.8585
v 8.8251 25.2040 117.8585
v 26.0061 9.2200 135.4645
v 31.2561 9.2200 131.4435
v 28.0841 9.2200 127.2495
v 28.0501 9.2200 127.2045
v 22.8481 9.2200 131.2735
v 14.6371 26.7570 125.4725
v 20.4071 25.2150 133.0335
v 22.8101 25.2060 131.2225
v 22.8481 25.1960 131.2735
v 28.0501 25.1960 127.2045
v 26.7981 25.5300 125.5675
v 22.2001 26.7570 119.5565
v 14.6371 26.7570 125.4725
v 22.2001 26.7570 119.5565
v 16.3811 25.2040 111.9485
v 8.8251 25.2040 117.8585
v 97.1521 26.3170 140.1275
v 99.9111 26.3170 139.8105
v 111.9721 26.3170 138.4275
v 116.9921 26.3170 137.8115
v 110.9121 26.3170 88.0555
v 110.9021 26.3170 88.0175
v 108.8371 26.3170 88.2535
v 108.7821 26.3170 87.7675
v 108.1281 26.3170 82.0295
v 107.4881 26.3170 76.8105
v 107.3921 26.3170 76.0245
v 107.1121 26.3170 73.7395
v 97.1801 26.3170 74.8985
v 92.6921 26.3170 89.1825
v 92.6021 26.3170 89.7195
v 92.4861 26.3170 90.4155
v 92.3941 26.3170 90.4035
v 91.6091 26.3170 94.9055
v 91.6871 26.3170 94.9065
v 92.3671 26.3170 100.3035
v 92.2981 26.3170 100.3055
v 92.5321 26.3170 102.2295
v 92.7691 26.3170 104.1685
v 94.5261 26.3170 118.5855
v 94.6691 26.3170 119.7635
v 94.7351 26.3170 119.7475
v 95.2901 26.3170 124.1615
v 95.3781 26.3170 124.8625
v 95.2901 26.3170 124.8645
v 91.6091 0.0000 94.9055
v 91.6091 26.3170 94.9055
v 92.3941 26.3170 90.4035
v 92.3941 0.0000 90.4035
v 92.3941 0.0000 90.4035
v 92.3941 26.3170 90.4035
v 92.4861 26.3170 90.4155
v 92.4861 0.0000 90.4155
v 92.4861 0.0000 90.4155
v 92.4861 26.3170 90.4155
v 92.6021 26.3170 89.7195
v 92.6021 0.0000 89.7195
v 92.6021 0.0000 89.7195
v 92.6021 26.3170 89.7195
v 92.6921 26.3170 89.1825
v 92.6921 0.0000 89.1825
v 107.3921 0.0000 76.0245
v 107.3921 26.3170 76.0245
v 107.4881 26.3170 76.8105
v 107.4881 0.0000 76.8105
v 107.4881 0.0000 76.8105
v 107.4881 26.3170 76.8105
v 108.1281 26.3170 82.0295
v 108.1281 0.0000 82.0295
v 108.1281 0.0000 82.0295
v 108.1281 26.3170 82.0295
v 108.7821 26.3170 87.7675
v 108.7821 0.0000 87.7675
v 108.7821 0.0000 87.7675
v 108.7821 26.3170 87.7675
v 108.8371 26.3170 88.2535
v 108.8371 0.0000 88.2535
v 108.8371 0.0000 88.2535
v 108.8371 26.3170 88.2535
v 110.9021 26.3170 88.0175
v 110.9021 0.0000 88.0175
v 110.9021 0.0000 88.0175
v 110.9021 26.3170 88.0175
v 110.9121 26.3170 88.0555
v 110.9121 0.0000 88.0555
v 110.9121 0.0000 88.0555
v 110.9121 26.3170 88.0555
v 116.9921 26.3170 137.8115
v 116.9921 0.0000 137.8115
v 116.9921 0.0000 137.8115
v 116.9921 26.3170 137.8115
v 111.9721 26.3170 138.4275
v 111.9721 0.0000 138.4275
v 99.9111 0.0000 139.8105
v 99.9111 26.3170 139.8105
v 97.1521 26.3170 140.1275
v 97.1521 0.0000 140.1275
v 95.2901 0.0000 124.8645
v 95.2901 26.3170 124.8645
v 95.3781 26.3170 124.8625
v 95.3781 0.0000 124.8625
v 95.3781 0.0000 124.8625
v 95.3781 26.3170 124.8625
v 95.2901 26.3170 124.1615
v 95.2901 0.0000 124.1615
v 95.2901 0.0000 124.1615
v 95.2901 26.3170 124.1615
v 94.7351 26.3170 119.7475
v 94.7351 0.0000 119.7475
v 94.7351 0.0000 119.7475
v 94.7351 26.3170 119.7475
v 94.6691 26.3170 119.7635
v 94.6691 0.0000 119.7635
v 94.6691 0.0000 119.7635
v 94.6691 26.3170 119.7635
v 94.5261 26.3170 118.5855
v 94.5261 0.0000 118.5855
v 94.5261 0.0000 118.5855
v 94.5261 26.3170 118.5855
v 92.7691 26.3170 104.1685
v 92.7691 0.0000 104.1685
v 92.7691 0.0000 104.1685
v 92.7691 26.3170 104.1685
v 92.5321 26.3170 102.2295
v 92.5321 0.0000 102.2295
v 92.5321 0.0000 102.2295
v 92.5321 26.3170 102.2295
v 92.2981 26.3170 100.3055
v 92.2981 0.0000 100.3055
v 92.2981 0.0000 100.3055
v 92.2981 26.3170 100.3055
v 92.3671 26.3170 100.3035
v 92.3671 0.0000 100.3035
v 92.3671 0.0000 100.3035
v 92.3671 26.3170 100.3035
v 91.6871 26.3170 94.9065
v 91.6871 0.0000 94.9065
v 91.6871 0.0000 94.9065
v 91.6871 26.3170 94.9065
v 91.6091 26.3170 94.9055
v 91.6091 0.0000 94.9055
v 107.0781 0.0000 73.5145
v 107.0781 28.9070 73.5145
v 107.0881 28.9070 73.5465
v 107.0881 0.0000 73.5465
v 107.1121 26.3170 73.7395
v 107.1121 28.9070 73.7395
v 97.1801 28.9070 74.8985
v 97.1801 26.3170 74.8985
v 108.4811 0.0000 64.0075
v 108.4811 28.9070 64.0075
v 109.7391 28.9070 63.6525
v 109.7391 0.0000 63.6525
v 120.3671 0.0000 71.9585
v 120.3671 28.9070 71.9585
v 120.4641 28.9070 72.0345
v 120.4641 0.0000 72.0345
v 120.4641 0.0000 72.0345
v 120.4641 28.9070 72.0345
v 112.0201 28.9070 73.0665
v 112.0201 0.0000 73.0665
v 112.0201 0.0000 73.0665
v 112.0201 28.9070 73.0665
v 112.0071 28.9070 72.9585
v 112.0071 0.0000 72.9585
v 112.0071 0.0000 72.9585
v 112.0071 28.9070 72.9585
v 111.9991 28.9070 72.8975
v 111.9991 0.0000 72.8975
v 107.0781 0.0000 73.5145
v 107.0881 0.0000 73.5465
v 107.3921 0.0000 76.0245
v 107.4881 0.0000 76.8105
v 108.1281 0.0000 82.0295
v 108.7821 0.0000 87.7675
v 108.8371 0.0000 88.2535
v 110.9021 0.0000 88.0175
v 110.9121 0.0000 88.0555
v 116.9921 0.0000 137.8115
v 111.9721 0.0000 138.4275
v 99.9111 0.0000 139.8105
v 97.1521 0.0000 140.1275
v 95.2901 0.0000 124.8645
v 95.3781 0.0000 124.8625
v 95.2901 0.0000 124.1615
v 94.7351 0.0000 119.7475
v 94.6691 0.0000 119.7635
v 94.5261 0.0000 118.5855
v 92.7691 0.0000 104.1685
v 92.5321 0.0000 102.2295
v 92.2981 0.0000 100.3055
v 92.3671 0.0000 100.3035
v 91.6871 0.0000 94.9065
v 91.6091 0.0000 94.9055
v 92.3941 0.0000 90.4035
v 92.4861 0.0000 90.4155
v 92.6021 0.0000 89.7195
v 92.6921 0.0000 89.1825
v 99.8371 0.0000 66.4445
v 108.4811 0.0000 64.0075
v 109.7391 0.0000 63.6525
v 120.3671 0.0000 71.9585
v 120.4641 0.0000 72.0345
v 112.0201 0.0000 73.0665
v 112.0071 0.0000 72.9585
v 111.9991 0.0000 72.8975
v 120.3671 28.9070 71.9585
v 120.3671 0.0000 71.9585
v 109.7391 0.0000 63.6525
v 109.7391 28.9070 63.6525
v 107.0781 28.9070 73.5145
v 107.0781 0.0000 73.5145
v 111.9991 0.0000 72.8975
v 111.9991 28.9070 72.8975
v 108.4811 28.9070 64.0075
v 108.4811 0.0000 64.0075
v 99.8371 0.0000 66.4445
v 99.8371 28.9070 66.4445
v 95.2901 0.0000 124.8645
v 97.1521 0.0000 140.1275
v 97.1521 26.3170 140.1275
v 95.2901 26.3170 124.8645
v 99.9111 0.0000 139.8105
v 111.9721 0.0000 138.4275
v 111.9721 26.3170 138.4275
v 99.9111 26.3170 139.8105
v 107.3921 0.0000 76.0245
v 107.0881 0.0000 73.5465
v 107.0881 28.9070 73.5465
v 107.1121 28.9070 73.7395
v 107.1121 26.3170 73.7395
v 107.3921 26.3170 76.0245
v 99.8371 0.0000 66.4445
v 92.6921 0.0000 89.1825
v 92.6921 26.3170 89.1825
v 97.1801 26.3170 74.8985
v 97.1801 28.9070 74.8985
v 99.8371 28.9070 66.4445
v 108.4811 28.9070 64.0075
v 99.8371 28.9070 66.4445
v 97.1801 28.9070 74.8985
v 107.1121 28.9070 73.7395
v 107.0881 28.9070 73.5465
v 107.0781 28.9070 73.5145
v 111.9991 28.9070 72.8975
v 112.0071 28.9070 72.9585
v 112.0201 28.9070 73.0665
v 120.4641 28.9070 72.0345
v 120.3671 28.9070 71.9585
v 109.7391 28.9070 63.6525
v 17.9281 2.4180 25.0595
v 17.9281 29.8040 25.0595
v 17.0321 29.8040 25.5345
v 17.0321 2.4180 25.5345
v 8.9401 2.4180 31.3295
v 8.9401 29.8040 31.3295
v 3.0411 29.8040 20.5185
v 3.0411 2.4180 20.5185
v 18.0441 2.4180 27.4435
v 18.0441 29.8040 27.4435
v 17.2511 29.8040 27.8645
v 17.2511 2.4180 27.8645
v 17.2511 2.4180 27.8645
v 17.2511 29.8040 27.8645
v 18.0361 29.8040 29.3455
v 18.0361 2.4180 29.3455
v 20.2281 2.4180 37.9775
v 20.2281 29.8040 37.9775
v 21.0261 29.8040 39.4675
v 21.0261 2.4180 39.4675
v 21.0261 2.4180 39.4675
v 21.0261 29.8040 39.4675
v 15.9831 29.8040 42.1665
v 15.9831 2.4180 42.1665
v 15.9831 2.4180 42.1665
v 15.9831 29.8040 42.1665
v 10.3671 29.8040 31.6745
v 10.3671 2.4180 31.6745
v 26.8951 2.4180 21.1915
v 26.8951 29.8040 21.1915
v 26.6931 29.8040 22.3235
v 26.6931 2.4180 22.3235
v 28.4361 2.4180 25.6565
v 28.4361 29.8040 25.6565
v 29.4381 29.8040 25.9055
v 29.4381 2.4180 25.9055
v 29.4381 2.4180 25.9055
v 29.4381 29.8040 25.9055
v 32.4091 29.8040 31.4595
v 32.4091 2.4180 31.4595
v 20.5941 2.4180 27.9895
v 20.5941 29.8040 27.9895
v 19.7941 29.8040 26.4795
v 19.7941 2.4180 26.4795
v 23.8931 2.4180 36.0165
v 20.2281 2.4180 37.9775
v 21.0261 2.4180 39.4675
v 15.9831 2.4180 42.1665
v 10.3671 2.4180 31.6745
v 10.1841 2.4180 31.6305
v 8.9401 2.4180 31.3295
v 3.0411 2.4180 20.5185
v 12.6771 2.4180 15.2665
v 21.1711 2.4180 10.6365
v 25.5071 2.4180 18.6315
v 26.8951 2.4180 21.1915
v 26.6931 2.4180 22.3235
v 26.8181 2.4180 22.5635
v 28.4361 2.4180 25.6565
v 29.4381 2.4180 25.9055
v 32.4091 2.4180 31.4595
v 8.9401 29.8040 31.3295
v 10.1841 29.8040 31.6305
v 10.3671 29.8040 31.6745
v 15.9831 29.8040 42.1665
v 21.0261 29.8040 39.4675
v 20.2281 29.8040 37.9775
v 23.8931 29.8040 36.0165
v 32.4091 29.8040 31.4595
v 29.4381 29.8040 25.9055
v 28.4361 29.8040 25.6565
v 26.8181 29.8040 22.5635
v 26.6931 29.8040 22.3235
v 26.8951 29.8040 21.1915
v 25.5071 29.8040 18.6315
v 21.1711 29.8040 10.6365
v 12.6771 29.8040 15.2665
v 3.0411 29.8040 20.5185
v 18.9251 2.4180 26.9405
v 18.9731 2.4180 26.9145
v 19.7941 2.4180 26.4795
v 19.7941 29.8040 26.4795
v 18.9731 29.8040 26.9145
v 18.9251 29.8040 26.9405
v 26.8181 29.8040 22.5635
v 28.4361 29.8040 25.6565
v 28.4361 2.4180 25.6565
v 26.8181 2.4180 22.5635
v 26.6931 2.4180 22.3235
v 26.6931 29.8040 22.3235
v 25.5071 29.8040 18.6315
v 26.8951 29.8040 21.1915
v 26.8951 2.4180 21.1915
v 25.5071 2.4180 18.6315
v 21.1711 2.4180 10.6365
v 21.1711 29.8040 10.6365
v 20.2281 2.4180 37.9775
v 23.8931 2.4180 36.0165
v 32.4091 2.4180 31.4595
v 32.4091 29.8040 31.4595
v 23.8931 29.8040 36.0165
v 20.2281 29.8040 37.9775
v 18.0361 29.8040 29.3455
v 19.7861 29.8040 28.4175
v 20.5941 29.8040 27.9895
v 20.5941 2.4180 27.9895
v 19.7861 2.4180 28.4175
v 18.0361 2.4180 29.3455
v 10.1841 2.4180 31.6305
v 10.3671 2.4180 31.6745
v 10.3671 29.8040 31.6745
v 10.1841 29.8040 31.6305
v 8.9401 29.8040 31.3295
v 8.9401 2.4180 31.3295
v 18.0041 29.8040 27.3675
v 18.0441 29.8040 27.4435
v 18.0441 2.4180 27.4435
v 18.0041 2.4180 27.3675
v 17.0321 2.4180 25.5345
v 17.0321 29.8040 25.5345
v 18.8941 2.4180 26.8825
v 18.9251 2.4180 26.9405
v 18.9251 29.8040 26.9405
v 18.8941 29.8040 26.8825
v 17.9281 29.8040 25.0595
v 17.9281 2.4180 25.0595
v 3.0411 29.8040 20.5185
v 12.6771 29.8040 15.2665
v 21.1711 29.8040 10.6365
v 21.1711 2.4180 10.6365
v 12.6771 2.4180 15.2665
v 3.0411 2.4180 20.5185
v 39.1011 3.7810 94.0755
v 39.1011 26.5280 94.0755
v 46.5351 26.5280 88.2995
v 46.5351 3.7810 88.2995
v 46.5351 3.7810 88.2995
v 46.5351 26.5280 88.2995
v 50.5491 26.5280 85.1795
v 50.5491 3.7810 85.1795
v 57.1341 3.7810 101.6275
v 57.1341 26.5280 101.6275
v 57.1791 26.5280 101.9945
v 57.1791 3.7810 101.9945
v 57.1791 3.7810 101.9945
v 57.1791 26.5280 101.9945
v 49.7001 26.5280 107.9725
v 49.7001 3.7810 107.9725
v 49.7001 3.7810 107.9725
v 49.7001 26.5280 107.9725
v 39.1011 26.5280 94.0755
v 39.1011 3.7810 94.0755
v 61.0001 3.7810 98.6265
v 61.0001 26.5280 98.6265
v 57.1341 26.5280 101.6275
v 57.1341 3.7810 101.6275
v 61.0001 26.5280 98.6265
v 61.0001 3.7810 98.6265
v 50.5491 3.7810 85.1795
v 50.5491 26.5280 85.1795
v 50.5491 3.7810 85.1795
v 61.0001 3.7810 98.6265
v 57.1341 3.7810 101.6275
v 57.1791 3.7810 101.9945
v 49.7001 3.7810 107.9725
v 39.1011 3.7810 94.0755
v 46.5351 3.7810 88.2995
v 61.0001 26.5280 98.6265
v 50.5491 26.5280 85.1795
v 46.5351 26.5280 88.2995
v 39.1011 26.5280 94.0755
v 49.7001 26.5280 107.9725
v 57.1791 26.5280 101.9945
v 57.1341 26.5280 101.6275
v 118.4301 0.7670 89.5285
v 118.4301 24.6500 89.5285
v 121.0411 24.6500 86.2385
v 121.0411 0.7670 86.2385
v 121.0411 0.7670 86.2385
v 121.0411 24.6500 86.2385
v 121.1241 24.6500 86.2295
v 121.1241 0.7670 86.2295
v 141.6171 0.7670 95.7185
v 141.6171 24.6500 95.7185
v 141.2381 24.6500 95.7645
v 141.2381 0.7670 95.7645
v 141.2381 0.7670 95.7645
v 141.2381 24.6500 95.7645
v 139.4491 24.6500 95.9845
v 139.4491 0.7670 95.9845
v 139.4491 0.7670 95.9845
v 139.4491 24.6500 95.9845
v 137.2311 24.6500 98.7615
v 137.2311 0.7670 98.7615
v 137.2311 0.7670 98.7615
v 137.2311 24.6500 98.7615
v 131.2581 24.6500 99.4955
v 131.2581 0.7670 99.4955
v 131.2581 0.7670 99.4955
v 131.2581 24.6500 99.4955
v 118.4301 24.6500 89.5285
v 118.4301 0.7670 89.5285
v 139.7091 0.7670 86.9825
v 139.7091 24.6500 86.9825
v 140.5571 24.6500 85.8995
v 140.5571 0.7670 85.8995
v 140.5571 0.7670 85.8995
v 140.5571 24.6500 85.8995
v 144.1851 24.6500 88.7155
v 144.1851 0.7670 88.7155
v 144.1851 0.7670 88.7155
v 144.1851 24.6500 88.7155
v 144.1831 24.6500 90.4735
v 144.1831 0.7670 90.4735
v 145.2201 21.2270 91.2835
v 145.2201 24.6500 91.2835
v 141.6681 24.6500 95.7585
v 141.6681 21.2270 95.7585
v 152.0221 0.7670 96.5905
v 152.0221 21.2270 96.5905
v 144.4681 21.2270 97.8715
v 144.4681 0.7670 97.8715
v 144.3591 0.7670 97.8845
v 144.3591 21.2270 97.8845
v 141.7891 21.2270 95.8535
v 141.7891 0.7670 95.8535
v 144.3591 0.7670 97.8845
v 141.7891 0.7670 95.8535
v 141.6171 0.7670 95.7185
v 141.2381 0.7670 95.7645
v 139.4491 0.7670 95.9845
v 137.2311 0.7670 98.7615
v 131.2581 0.7670 99.4955
v 118.4301 0.7670 89.5285
v 121.0411 0.7670 86.2385
v 121.1241 0.7670 86.2295
v 136.3721 0.7670 84.3785
v 139.7091 0.7670 86.9825
v 140.5571 0.7670 85.8995
v 144.1851 0.7670 88.7155
v 144.1831 0.7670 90.4735
v 152.0221 0.7670 96.5905
v 144.4681 0.7670 97.8715
v 144.3591 21.2270 97.8845
v 144.3591 0.7670 97.8845
v 144.4681 0.7670 97.8715
v 144.4681 21.2270 97.8715
v 141.6171 0.7670 95.7185
v 141.7891 0.7670 95.8535
v 141.7891 21.2270 95.8535
v 141.6681 21.2270 95.7585
v 141.6681 24.6500 95.7585
v 141.6171 24.6500 95.7185
v 152.0221 0.7670 96.5905
v 144.1831 0.7670 90.4735
v 144.1831 24.6500 90.4735
v 145.2201 24.6500 91.2835
v 145.2201 21.2270 91.2835
v 152.0221 21.2270 96.5905
v 139.7091 24.6500 86.9825
v 139.7091 0.7670 86.9825
v 136.3721 0.7670 84.3785
v 136.3721 24.6500 84.3785
v 136.3721 24.6500 84.3785
v 136.3721 0.7670 84.3785
v 121.1241 0.7670 86.2295
v 121.1241 24.6500 86.2295
v 144.3591 21.2270 97.8845
v 144.4681 21.2270 97.8715
v 152.0221 21.2270 96.5905
v 145.2201 21.2270 91.2835
v 141.6681 21.2270 95.7585
v 141.7891 21.2270 95.8535
v 136.3721 24.6500 84.3785
v 121.1241 24.6500 86.2295
v 121.0411 24.6500 86.2385
v 118.4301 24.6500 89.5285
v 131.2581 24.6500 99.4955
v 137.2311 24.6500 98.7615
v 139.4491 24.6500 95.9845
v 141.2381 24.6500 95.7645
v 141.6171 24.6500 95.7185
v 141.6681 24.6500 95.7585
v 145.2201 24.6500 91.2835
v 144.1831 24.6500 90.4735
v 144.1851 24.6500 88.7155
v 140.5571 24.6500 85.8995
v 139.7091 24.6500 86.9825
v -15.5719 21.3850 -115.5895
v -13.8219 21.4150 -107.9555
v -10.3249 24.3580 -108.6395
v -10.0959 24.3310 -107.4715
v -7.1479 26.8260 -108.1325
v -10.2949 26.8260 -122.1625
v -12.1399 25.2640 -121.7445
v -12.0469 25.2540 -121.2745
v -13.5649 23.9700 -120.9405
v -16.7149 21.3050 -120.2455
v -7.1479 26.8260 -108.1325
v -0.6759 21.3470 -109.5835
v -3.8259 21.3470 -123.6285
v -10.2949 26.8260 -122.1625
v -16.7149 2.3900 -120.2455
v -16.7149 21.3050 -120.2455
v -13.5649 23.9700 -120.9405
v -13.5649 2.3900 -120.9405
v -13.5649 2.3900 -120.9405
v -13.5649 23.9700 -120.9405
v -12.0469 25.2540 -121.2745
v -12.0469 2.3900 -121.2745
v -12.0469 2.3900 -121.2745
v -12.0469 25.2540 -121.2745
v -12.1399 25.2640 -121.7445
v -12.1399 2.3900 -121.7445
v -10.0959 2.3900 -107.4715
v -10.0959 24.3310 -107.4715
v -10.3249 24.3580 -108.6395
v -10.3249 2.3900 -108.6395
v -10.3249 2.3900 -108.6395
v -10.3249 24.3580 -108.6395
v -13.8219 21.4150 -107.9555
v -13.8219 2.3900 -107.9555
v -13.8219 2.3900 -107.9555
v -13.8219 21.4150 -107.9555
v -15.5719 21.3850 -115.5895
v -15.5719 2.3900 -115.5895
v -15.5719 2.3900 -115.5895
v -15.5719 21.3850 -115.5895
v -16.7149 21.3050 -120.2455
v -16.7149 2.3900 -120.2455
v -3.8259 2.3900 -123.6285
v -3.8259 21.3470 -123.6285
v -0.6759 21.3470 -109.5835
v -0.6759 2.3900 -109.5835
v -0.6759 2.3900 -109.5835
v -0.6759 21.3470 -109.5835
v -7.1479 26.8260 -108.1325
v -10.0959 24.3310 -107.4715
v -10.0959 2.3900 -107.4715
v -12.1399 2.3900 -121.7445
v -12.1399 25.2640 -121.7445
v -10.2949 26.8260 -122.1625
v -3.8259 21.3470 -123.6285
v -3.8259 2.3900 -123.6285
v -12.1399 2.3900 -121.7445
v -3.8259 2.3900 -123.6285
v -0.6759 2.3900 -109.5835
v -10.0959 2.3900 -107.4715
v -10.3249 2.3900 -108.6395
v -13.8219 2.3900 -107.9555
v -15.5719 2.3900 -115.5895
v -16.7149 2.3900 -120.2455
v -13.5649 2.3900 -120.9405
v -12.0469 2.3900 -121.2745
v 158.9121 7.0130 40.8215
v 154.8301 7.0130 35.5515
v 143.5171 7.0130 44.3115
v 149.0731 7.0130 51.4865
v 150.9961 7.0130 53.9715
v 162.3041 7.0130 45.2055
v 151.3341 11.9010 54.4075
v 151.2971 11.9010 54.4365
v 154.3601 12.9870 58.3965
v 162.3161 11.7860 45.2205
v 162.3041 11.7820 45.2055
v 150.9961 11.7820 53.9715
v 168.0811 14.2650 52.6735
v 162.3161 11.7860 45.2205
v 154.3601 12.9870 58.3965
v 157.9811 14.2700 63.0765
v 168.0931 14.2700 52.6895
v 168.0811 14.2650 52.6735
v 154.3601 12.9870 58.3965
v 173.8101 11.7980 60.1505
v 173.8371 11.8000 60.1135
v 173.0121 12.1550 59.0475
v 168.0931 14.2700 52.6895
v 157.9811 14.2700 63.0765
v 140.1501 2.0350 63.6935
v 140.1501 12.9870 63.6935
v 143.8471 12.9870 60.8255
v 143.8471 2.0350 60.8255
v 143.8471 2.0350 60.8255
v 143.8471 12.9870 60.8255
v 143.2431 12.9870 60.0455
v 143.2431 2.0350 60.0455
v 143.2431 2.0350 60.0455
v 143.2431 12.9870 60.0455
v 145.0961 12.9870 58.6085
v 145.0961 2.0350 58.6085
v 145.0961 2.0350 58.6085
v 145.0961 12.9870 58.6085
v 145.4151 12.9870 59.0195
v 145.4151 2.0350 59.0195
v 145.4151 2.0350 59.0195
v 145.4151 12.9870 59.0195
v 147.3211 12.9870 57.5425
v 147.3211 2.0350 57.5425
v 147.3211 2.0350 57.5425
v 147.3211 12.9870 57.5425
v 147.0651 12.9870 57.2125
v 147.0651 2.0350 57.2125
v 147.0651 2.0350 57.2125
v 147.0651 12.9870 57.2125
v 147.5571 12.9870 56.8305
v 147.5571 2.0350 56.8305
v 147.5571 2.0350 56.8305
v 147.5571 12.9870 56.8305
v 147.8001 12.9870 57.1445
v 147.8001 2.0350 57.1445
v 151.2971 11.9010 54.4365
v 151.2971 12.9870 54.4365
v 154.3601 12.9870 58.3965
v 161.6021 12.9870 67.7555
v 164.1391 12.9870 71.0345
v 164.1391 12.0880 71.0345
v 161.2511 2.0350 74.9355
v 161.2511 12.9870 74.9355
v 162.3001 12.9870 75.7155
v 162.3001 2.0350 75.7155
v 146.2761 2.0350 72.4675
v 146.2761 12.9870 72.4675
v 140.1501 12.9870 63.6935
v 140.1501 2.0350 63.6935
v 143.5171 2.0350 44.3115
v 143.5171 7.0130 44.3115
v 154.8301 7.0130 35.5515
v 154.8301 2.0350 35.5515
v 149.0731 2.0350 51.4865
v 149.0731 7.0130 51.4865
v 143.5171 7.0130 44.3115
v 143.5171 2.0350 44.3115
v 150.9961 7.0130 53.9715
v 150.9961 11.7820 53.9715
v 162.3041 11.7820 45.2055
v 162.3041 7.0130 45.2055
v 173.0121 2.0350 59.0475
v 173.0121 12.1550 59.0475
v 173.8371 11.8000 60.1135
v 173.8371 2.0350 60.1135
v 170.4221 2.0350 64.7415
v 170.4221 11.7950 64.7415
v 169.3741 12.0890 63.9645
v 169.3741 2.0350 63.9645
v 158.9121 2.0350 40.8215
v 158.9121 7.0130 40.8215
v 162.3041 7.0130 45.2055
v 162.3041 11.7820 45.2055
v 162.3161 11.7860 45.2205
v 168.0811 14.2650 52.6735
v 168.0931 14.2700 52.6895
v 173.0121 12.1550 59.0475
v 173.0121 2.0350 59.0475
v 170.4221 2.0350 64.7415
v 169.3741 2.0350 63.9645
v 161.2511 2.0350 74.9355
v 162.3001 2.0350 75.7155
v 156.8911 2.0350 82.9775
v 145.0271 2.0350 74.1425
v 146.2761 2.0350 72.4675
v 140.1501 2.0350 63.6935
v 143.8471 2.0350 60.8255
v 143.2431 2.0350 60.0455
v 145.0961 2.0350 58.6085
v 145.4151 2.0350 59.0195
v 147.3211 2.0350 57.5425
v 147.0651 2.0350 57.2125
v 147.5571 2.0350 56.8305
v 147.8001 2.0350 57.1445
v 151.3341 2.0350 54.4075
v 149.0731 2.0350 51.4865
v 143.5171 2.0350 44.3115
v 154.8301 2.0350 35.5515
v 158.9121 2.0350 40.8215
v 173.0121 2.0350 59.0475
v 173.8371 2.0350 60.1135
v 170.4221 11.7950 64.7415
v 170.4221 2.0350 64.7415
v 173.8371 2.0350 60.1135
v 173.8371 11.8000 60.1135
v 173.8101 11.7980 60.1505
v 161.6021 12.9870 67.7555
v 157.9811 14.2700 63.0765
v 154.3601 12.9870 58.3965
v 149.0731 2.0350 51.4865
v 151.3341 2.0350 54.4075
v 151.3341 11.9010 54.4075
v 150.9961 11.7820 53.9715
v 150.9961 7.0130 53.9715
v 149.0731 7.0130 51.4865
v 158.9121 2.0350 40.8215
v 154.8301 2.0350 35.5515
v 154.8301 7.0130 35.5515
v 158.9121 7.0130 40.8215
v 146.2761 12.9870 72.4675
v 146.2761 2.0350 72.4675
v 145.0271 2.0350 74.1425
v 145.0271 12.9870 74.1425
v 145.0271 12.9870 74.1425
v 145.0271 2.0350 74.1425
v 156.8911 2.0350 82.9775
v 156.8911 12.9870 82.9775
v 156.8911 12.9870 82.9775
v 156.8911 2.0350 82.9775
v 162.3001 2.0350 75.7155
v 162.3001 12.9870 75.7155
v 161.2511 2.0350 74.9355
v 169.3741 2.0350 63.9645
v 169.3741 12.0890 63.9645
v 164.1391 12.0880 71.0345
v 164.1391 12.9870 71.0345
v 161.2511 12.9870 74.9355
v 151.3341 2.0350 54.4075
v 147.8001 2.0350 57.1445
v 147.8001 12.9870 57.1445
v 151.2971 12.9870 54.4365
v 151.2971 11.9010 54.4365
v 151.3341 11.9010 54.4075
v 170.4221 11.7950 64.7415
v 173.8101 11.7980 60.1505
v 157.9811 14.2700 63.0765
v 161.6021 12.9870 67.7555
v 164.1391 12.0880 71.0345
v 169.3741 12.0890 63.9645
v 156.8911 12.9870 82.9775
v 162.3001 12.9870 75.7155
v 161.2511 12.9870 74.9355
v 164.1391 12.9870 71.0345
v 161.6021 12.9870 67.7555
v 154.3601 12.9870 58.3965
v 151.2971 12.9870 54.4365
v 147.8001 12.9870 57.1445
v 147.5571 12.9870 56.8305
v 147.0651 12.9870 57.2125
v 147.3211 12.9870 57.5425
v 145.4151 12.9870 59.0195
v 145.0961 12.9870 58.6085
v 143.2431 12.9870 60.0455
v 143.8471 12.9870 60.8255
v 140.1501 12.9870 63.6935
v 146.2761 12.9870 72.4675
v 145.0271 12.9870 74.1425
v 162.3641 23.4110 21.9065
v 168.0751 23.4110 17.4795
v 163.7151 22.2220 11.8575
v 157.9981 22.2220 16.2885
v 162.4071 23.4000 21.9615
v 166.7391 22.2250 27.4925
v 172.4561 22.2170 23.1275
v 168.0751 23.4110 17.4795
v 162.3641 23.4110 21.9065
v 157.9981 2.2040 16.2885
v 157.9981 22.2220 16.2885
v 163.7151 22.2220 11.8575
v 163.7151 2.2040 11.8575
v 172.4561 2.2040 23.1275
v 172.4561 22.2170 23.1275
v 166.7391 22.2250 27.4925
v 166.7391 2.2040 27.4925
v 166.7391 2.2040 27.4925
v 166.7391 22.2250 27.4925
v 162.4071 23.4000 21.9615
v 162.4071 2.2040 21.9615
v 162.4071 2.2040 21.9615
v 162.4071 23.4000 21.9615
v 162.3641 23.4110 21.9065
v 157.9981 22.2220 16.2885
v 157.9981 2.2040 16.2885
v 163.7151 2.2040 11.8575
v 163.7151 22.2220 11.8575
v 168.0751 23.4110 17.4795
v 172.4561 22.2170 23.1275
v 172.4561 2.2040 23.1275
v 163.7151 2.2040 11.8575
v 172.4561 2.2040 23.1275
v 166.7391 2.2040 27.4925
v 162.4071 2.2040 21.9615
v 157.9981 2.2040 16.2885
v 47.3291 9.1550 166.6195
v 49.7251 9.3770 166.3065
v 47.5361 9.3830 148.4535
v 47.4661 9.3770 148.4625
v 47.6621 9.3770 149.9845
v 45.2021 9.1490 150.3025
v 49.7251 28.4660 166.3065
v 49.8411 28.4660 166.2915
v 49.8451 28.4660 166.3255
v 64.8341 28.4660 164.4115
v 62.6401 28.4660 146.5245
v 47.5361 28.4660 148.4535
v 50.3811 31.5070 170.4075
v 65.2881 31.5070 168.1145
v 64.8341 31.5070 164.4115
v 49.8451 31.5070 166.3255
v 45.2021 4.3590 150.3025
v 45.2021 9.1490 150.3025
v 47.6621 9.3770 149.9845
v 47.6621 4.3590 149.9845
v 47.6621 4.3590 149.9845
v 47.6621 9.3770 149.9845
v 47.4661 9.3770 148.4625
v 47.4661 4.3590 148.4625
v 47.3291 4.3590 166.6195
v 47.3291 9.1550 166.6195
v 45.2021 9.1490 150.3025
v 45.2021 4.3590 150.3025
v 49.7251 9.3770 166.3065
v 49.7251 28.4660 166.3065
v 47.5361 28.4660 148.4535
v 47.5361 9.3830 148.4535
v 49.8451 28.4660 166.3255
v 49.8451 31.5070 166.3255
v 64.8341 31.5070 164.4115
v 64.8341 28.4660 164.4115
v 65.2881 4.3590 168.1145
v 65.2881 31.5070 168.1145
v 50.3811 31.5070 170.4075
v 50.3811 4.3590 170.4075
v 49.8411 4.3590 166.2915
v 47.3291 4.3590 166.6195
v 45.2021 4.3590 150.3025
v 47.6621 4.3590 149.9845
v 47.4661 4.3590 148.4625
v 62.6401 4.3590 146.5245
v 65.2881 4.3590 168.1145
v 50.3811 4.3590 170.4075
v 49.8411 4.3590 166.2915
v 50.3811 4.3590 170.4075
v 50.3811 31.5070 170.4075
v 49.8451 31.5070 166.3255
v 49.8451 28.4660 166.3255
v 49.8411 28.4660 166.2915
v 65.2881 4.3590 168.1145
v 62.6401 4.3590 146.5245
v 62.6401 28.4660 146.5245
v 64.8341 28.4660 164.4115
v 64.8341 31.5070 164.4115
v 65.2881 31.5070 168.1145
v 47.3291 4.3590 166.6195
v 49.8411 4.3590 166.2915
v 49.8411 28.4660 166.2915
v 49.7251 28.4660 166.3065
v 49.7251 9.3770 166.3065
v 47.3291 9.1550 166.6195
v 62.6401 4.3590 146.5245
v 47.4661 4.3590 148.4625
v 47.4661 9.3770 148.4625
v 47.5361 9.3830 148.4535
v 47.5361 28.4660 148.4535
v 62.6401 28.4660 146.5245
v 46.8931 1.3430 -163.6725
v 46.8931 21.0810 -163.6725
v 61.1901 21.0810 -168.7685
v 61.1901 1.3430 -168.7685
v 51.2531 1.3430 -150.8625
v 51.2531 21.0810 -150.8625
v 46.8931 21.0810 -163.6725
v 46.8931 1.3430 -163.6725
v 49.3361 1.3430 -143.4595
v 49.3361 21.0810 -143.4595
v 49.9291 21.0810 -144.1465
v 49.9291 1.3430 -144.1465
v 50.4231 1.3430 -142.5285
v 50.4231 21.0810 -142.5285
v 49.3361 21.0810 -143.4595
v 49.3361 1.3430 -143.4595
v 59.7981 1.3430 -135.9705
v 59.7981 21.0810 -135.9705
v 59.1541 21.0810 -135.2185
v 59.1541 1.3430 -135.2185
v 53.8081 21.0810 -148.6465
v 49.9291 21.0810 -144.1465
v 49.3361 21.0810 -143.4595
v 50.4231 21.0810 -142.5285
v 59.1541 21.0810 -135.2185
v 59.7981 21.0810 -135.9705
v 76.5901 21.0810 -155.5945
v 61.1901 21.0810 -168.7685
v 46.8931 21.0810 -163.6725
v 51.2531 21.0810 -150.8625
v 59.7981 1.3430 -135.9705
v 59.1541 1.3430 -135.2185
v 50.4231 1.3430 -142.5285
v 49.3361 1.3430 -143.4595
v 49.9291 1.3430 -144.1465
v 53.8081 1.3430 -148.6465
v 51.2531 1.3430 -150.8625
v 46.8931 1.3430 -163.6725
v 61.1901 1.3430 -168.7685
v 76.5901 1.3430 -155.5945
v 51.2531 1.3430 -150.8625
v 53.8081 1.3430 -148.6465
v 53.8081 21.0810 -148.6465
v 51.2531 21.0810 -150.8625
v 53.8081 1.3430 -148.6465
v 49.9291 1.3430 -144.1465
v 49.9291 21.0810 -144.1465
v 53.8081 21.0810 -148.6465
v 59.7981 1.3430 -135.9705
v 76.5901 1.3430 -155.5945
v 76.5901 21.0810 -155.5945
v 59.7981 21.0810 -135.9705
v 50.4231 1.3430 -142.5285
v 59.1541 1.3430 -135.2185
v 59.1541 21.0810 -135.2185
v 50.4231 21.0810 -142.5285
v 76.5901 1.3430 -155.5945
v 61.1901 1.3430 -168.7685
v 61.1901 21.0810 -168.7685
v 76.5901 21.0810 -155.5945
v -36.1559 27.0090 -124.1705
v -22.5909 27.0090 -129.0625
v -24.7999 23.0550 -135.1645
v -38.3709 23.0550 -130.2695
v -38.3709 2.4430 -130.2695
v -38.3709 23.0550 -130.2695
v -24.7999 23.0550 -135.1645
v -24.7999 2.4430 -135.1645
v -32.5689 2.4430 -118.7115
v -32.5689 23.1390 -118.7115
v -33.7919 25.3220 -122.0785
v -33.7919 2.4430 -122.0785
v -33.7919 2.4430 -122.0785
v -33.7919 25.3220 -122.0785
v -35.2089 25.3190 -121.5635
v -35.2089 2.4430 -121.5635
v -32.5689 2.4430 -118.7115
v -33.7919 2.4430 -122.0785
v -35.2089 2.4430 -121.5635
v -38.3709 2.4430 -130.2695
v -24.7999 2.4430 -135.1645
v -21.2939 2.4430 -125.4825
v -20.2509 2.4430 -122.5995
v -32.5689 23.1390 -118.7115
v -32.5689 2.4430 -118.7115
v -20.2509 2.4430 -122.5995
v -20.2509 22.8210 -122.5995
v -20.2509 22.8210 -122.5995
v -20.2509 2.4430 -122.5995
v -21.2939 2.4430 -125.4825
v -21.2939 24.6890 -125.4825
v -38.3709 2.4430 -130.2695
v -35.2089 2.4430 -121.5635
v -35.2089 25.3190 -121.5635
v -36.1559 27.0090 -124.1705
v -38.3709 23.0550 -130.2695
v -21.2939 2.4430 -125.4825
v -24.7999 2.4430 -135.1645
v -24.7999 23.0550 -135.1645
v -22.5909 27.0090 -129.0625
v -21.2939 24.6890 -125.4825
v -20.2509 22.8210 -122.5995
v -21.2939 24.6890 -125.4825
v -22.5909 27.0090 -129.0625
v -36.1559 27.0090 -124.1705
v -35.2089 25.3190 -121.5635
v -33.7919 25.3220 -122.0785
v -32.5689 23.1390 -118.7115
v -13.6679 2.1930 -121.3985
v -13.6679 25.0170 -121.3985
v -13.9789 25.0170 -122.7855
v -13.9789 2.1930 -122.7855
v -13.9789 2.1930 -122.7855
v -13.9789 25.0170 -122.7855
v -18.4449 25.0170 -121.7995
v -18.4449 2.1930 -121.7995
v -19.9419 2.1930 -125.9305
v -19.9419 25.0170 -125.9305
v -21.2939 25.0170 -125.4825
v -21.2939 2.1930 -125.4825
v -21.2939 2.1930 -125.4825
v -21.2939 25.0170 -125.4825
v -24.7999 25.0170 -135.1645
v -24.7999 2.1930 -135.1645
v -18.4449 25.0170 -121.7995
v -13.9789 25.0170 -122.7855
v -13.6679 25.0170 -121.3985
v -3.8259 25.0170 -123.6285
v -6.9649 25.0170 -137.6335
v -11.3589 25.0170 -140.0125
v -24.7999 25.0170 -135.1645
v -21.2939 25.0170 -125.4825
v -19.9419 25.0170 -125.9305
v -13.6679 2.1930 -121.3985
v -13.9789 2.1930 -122.7855
v -18.4449 2.1930 -121.7995
v -19.9419 2.1930 -125.9305
v -21.2939 2.1930 -125.4825
v -24.7999 2.1930 -135.1645
v -11.3589 2.1930 -140.0125
v -6.9649 2.1930 -137.6335
v -3.8259 2.1930 -123.6285
v -6.9649 2.1930 -137.6335
v -11.3589 2.1930 -140.0125
v -11.3589 25.0170 -140.0125
v -6.9649 25.0170 -137.6335
v -19.9419 2.1930 -125.9305
v -18.4449 2.1930 -121.7995
v -18.4449 25.0170 -121.7995
v -19.9419 25.0170 -125.9305
v -13.6679 2.1930 -121.3985
v -3.8259 2.1930 -123.6285
v -3.8259 25.0170 -123.6285
v -13.6679 25.0170 -121.3985
v -3.8259 2.1930 -123.6285
v -6.9649 2.1930 -137.6335
v -6.9649 25.0170 -137.6335
v -3.8259 25.0170 -123.6285
v -11.3589 2.1930 -140.0125
v -24.7999 2.1930 -135.1645
v -24.7999 25.0170 -135.1645
v -11.3589 25.0170 -140.0125
o lod2_DEHHALKAJ0000zon_wall
g wall
f 1 2 3 4
f 5 6 7 8
f 9 10 11 12
f 13 14 15 16
f 17 18 19 20
f 21 22 23 24
f 25 26 27 28
f 29 30 31 32
f 33 34 35 36
f 37 38 39 40
f 69 70 71 72
f 73 74 75 76
f 77 78 79 80
f 81 82 83 84
o lod2_DEHHALKAJ0000zon_roof
g roof
f 41 42 43 44 45 46 47 48 49 50 51 52 53 54
o lod2_DEHHALKAJ0000zon_ground
g ground
f 55 56 57 58 59 60 61 62 63 64 65 66 67 68
o lod2_DEHHALKAJ0000zwA_roof
g roof
f 85 86 87 88 89 90 91 92 93 94
o lod2_DEHHALKAJ0000zwA_ground
g ground
f 95 96 97 98 99 100 101 102 103 104
o lod2_DEHHALKAJ0000zwA_wall
g wall
f 105 106 107 108
f 109 110 111 112
f 113 114 115 116
f 117 118 119 120
f 121 122 123 124
f 125 126 127 128
f 129 130 131 132
f 133 134 135 136
f 137 138 139 140
f 141 142 143 144
o lod2_DEHHALKAJ0000zNy_roof
g roof
f 145 146 147 148 149 150 151 152 153
f 154 155 156 157
o lod2_DEHHALKAJ0000zNy_wall
g wall
f 158 159 160 161
f 162 163 164 165
f 166 167 168 169
f 170 171 172 173
f 174 175 176 177
f 178 179 180 181
f 182 183 184 185
f 186 187 188 189 190
f 191 192 193 194 195
o lod2_DEHHALKAJ0000zNy_ground
g ground
f 196 197 198 199 200 201 202 203 204
o lod2_DEHHALKAJ000104h_roof
g roof
f 205 206 207 208 209 210 211 212 213 214 215
o lod2_DEHHALKAJ000104h_ground
g ground
f 216 217 218 219 220 221 222 223 224 225 226
o lod2_DEHHALKAJ000104h_wall
g wall
f 227 228 229 230
f 231 232 233 234
f 235 236 237 238
f 239 240 241 242
f 243 244 245 246
f 247 248 249 250
f 251 252 253 254
f 255 256 257 258
f 259 260 261 262
f 263 264 265 266
f 267 268 269 270
o lod2_DEHHALKAJ0000zSY_roof
g roof
f 271 272 273 274 275 276 277
f 314 315 316 317
f 318 319 320 321 322 323 324
f 391 392 393 394 395
f 396 397 398 399 400 401
f 402 403 404 405 406 407 408 409 410
o lod2_DEHHALKAJ0000zSY_wall
g wall
f 278 279 280 281
f 282 283 284 285
f 286 287 288 289
f 290 291 292 293
f 294 295 296
f 297 298 299
f 325 326 327 328
f 329 330 331 332 333 334 335 336
f 337 338 339 340 341 342
f 343 344 345 346 347 348
f 349 350 351 352 353
f 354 355 356
f 357 358 359 360 361 362
f 363 364 365 366 367 368
f 369 370 371 372
f 373 374 375 376 377
f 378 379 380 381
f 382 383 384 385
f 386 387 388 389 390
o lod2_DEHHALKAJ0000zSY_ground
g ground
f 300 301 302 303 304 305 306 307 308 309 310 311 312 313
o lod2_DEHHALKAJ0000z6J_wall
g wall
f 411 412 413 414
f 415 416 417 418
f 419 420 421 422
f 463 464 465 466
f 467 468 469 470
f 471 472 473 474 475
f 476 477 478 479 480
f 481 482 483 484 485
f 486 487 488 489
f 490 491 492 493
f 494 495 496 497 498 499
f 500 501 502 503 504 505
f 506 507 508 509
f 510 511 512 513
f 514 515 516 517 518
o lod2_DEHHALKAJ0000z6J_ground
g ground
f 423 424 425 426 427 428 429 430 431 432 433 434 435 436
o lod2_DEHHALKAJ0000z6J_roof
g roof
f 437 438 439 440
f 441 442 443 444 445 446 447 448
f 449 450 451 452 453 454 455 456 457 458
f 459 460 461 462
o lod2_DEHHALKAJ0000zXa_roof
g roof
f 519 520 521 522 523 524 525 526 527 528
f 529 530 531 532
o lod2_DEHHALKAJ0000zXa_wall
g wall
f 533 534 535 536
f 537 538 539 540
f 541 542 543 544
f 545 546 547 548
f 549 550 551 552
f 553 554 555 556
f 557 558 559 560
f 561 562 563 564
f 565 566 567 568 569
f 570 571 572 573 574
o lod2_DEHHALKAJ0000zXa_ground
g ground
f 575 576 577 578 579 580 581 582 583 584
o lod2_DEHHALKAJ0000zuh_roof
g roof
f 585 586 587 588 589 590 591 592
o lod2_DEHHALKAJ0000zuh_ground
g ground
f 593 594 595 596 597 598 599 600
o lod2_DEHHALKAJ0000zuh_wall
g wall
f 601 602 603 604
f 605 606 607 608
f 609 610 611 612
f 613 614 615 616
f 617 618 619 620
f 621 622 623 624
f 625 626 627 628
f 629 630 631 632
o lod2_DEHHALKAJ000102v_wall
g wall
f 633 634 635 636
f 637 638 639 640
f 641 642 643 644
f 645 646 647 648
f 649 650 651 652
f 653 654 655 656
f 657 658 659 660
f 661 662 663 664
f 665 666 667 668
f 669 670 671 672
f 673 674 675 676
f 677 678 679 680
f 681 682 683 684
f 685 686 687 688
f 689 690 691 692
f 693 694 695 696
f 697 698 699 700
f 701 702 703 704
f 705 706 707 708
f 709 710 711 712
f 713 714 715 716
f 717 718 719 720
f 721 722 723 724
f 725 726 727 728
f 729 730 731 732
f 803 804 805 806 807
f 808 809 810 811
f 812 813 814 815
f 816 817 818 819
f 820 821 822 823
f 824 825 826 827
f 828 829 830 831
f 832 833 834 835 836
o lod2_DEHHALKAJ000102v_ground
g ground
f 733 734 735 736 737 738 739 740 741 742 743 744 745 746 747 748 749 750 751 752 753 754 755 756 757 758 759 760 761 762 763 764 765
o lod2_DEHHALKAJ000102v_roof
g roof
f 766 767 768 769 770 771 772 773 774 775 776 777 778 779 780 781 782 783 784 785 786 787 788
f 789 790 791 792 793 794 795 796 797 798 799 800 801 802
o lod2_DEHHALKAJ000100k_roof
g roof
f 837 838 839 840 841 842 843 844 845 846 847
o lod2_DEHHALKAJ000100k_ground
g ground
f 848 849 850 851 852 853 854 855 856 857 858
o lod2_DEHHALKAJ000100k_wall
g wall
f 859 860 861 862
f 863 864 865 866
f 867 868 869 870
f 871 872 873 874
f 875 876 877 878
f 879 880 881 882
f 883 884 885 886
f 887 888 889 890
f 891 892 893 894
f 895 896 897 898
f 899 900 901 902
o lod2_DEHHALKAJ0000zst_roof
g roof
f 903 904 905 906 907 908 909 910 911 912 913
o lod2_DEHHALKAJ0000zst_ground
g ground
f 914 915 916 917 918 919 920 921 922 923 924
o lod2_DEHHALKAJ0000zst_wall
g wall
f 925 926 927 928
f 929 930 931 932
f 933 934 935 936
f 937 938 939 940
f 941 942 943 944
f 945 946 947 948
f 949 950 951 952
f 953 954 955 956
f 957 958 959 960
f 961 962 963 964
f 965 966 967 968
o lod2_DEHHALKAJ0001038_roof
g roof
f 969 970 971 972
o lod2_DEHHALKAJ0001038_ground
g ground
f 973 974 975 976
o lod2_DEHHALKAJ0001038_wall
g wall
f 977 978 979 980
f 981 982 983 984
f 985 986 987 988
f 989 990 991 992
o lod2_DEHHALKAJ0000zsU_roof
g roof
f 993 994 995 996
f 1029 1030 1031 1032 1033 1034 1035 1036 1037 1038 1039 1040
o lod2_DEHHALKAJ0000zsU_wall
g wall
f 997 998 999 1000
f 1001 1002 1003 1004
f 1005 1006 1007 1008
f 1009 1010 1011 1012
f 1013 1014 1015 1016
f 1017 1018 1019 1020
f 1021 1022 1023 1024
f 1025 1026 1027 1028
f 1053 1054 1055 1056
f 1057 1058 1059 1060
f 1061 1062 1063 1064 1065 1066
f 1067 1068 1069 1070 1071 1072
f 1073 1074 1075 1076
o lod2_DEHHALKAJ0000zsU_ground
g ground
f 1041 1042 1043 1044 1045 1046 1047 1048 1049 1050 1051 1052
o lod2_DEHHALKAJ0000zMc_ground
g ground
f 1077 1078 1079 1080
o lod2_DEHHALKAJ0000zMc_roof
g roof
f 1081 1082 1083 1084
o lod2_DEHHALKAJ0000zMc_wall
g wall
f 1085 1086 1087 1088
f 1089 1090 1091 1092
f 1093 1094 1095 1096
f 1097 1098 1099 1100
o lod2_DEHHALKAJ0000zLP_roof
g roof
f 1101 1102 1103 1104 1105
f 1181 1182 1183 1184 1185 1186 1187 1188 1189
f 1190 1191 1192 1193 1194
f 1195 1196 1197 1198 1199 1200 1201 1202 1203
f 1204 1205 1206 1207 1208
o lod2_DEHHALKAJ0000zLP_wall
g wall
f 1106 1107 1108 1109
f 1110 1111 1112 1113
f 1114 1115 1116 1117
f 1118 1119 1120 1121
f 1122 1123 1124 1125
f 1126 1127 1128 1129
f 1130 1131 1132 1133
f 1148 1149 1150 1151 1152
f 1153 1154 1155 1156 1157
f 1158 1159 1160 1161 1162
f 1163 1164 1165 1166 1167
f 1168 1169 1170 1171
f 1172 1173 1174 1175 1176
f 1177 1178 1179 1180
o lod2_DEHHALKAJ0000zLP_ground
g ground
f 1134 1135 1136 1137 1138 1139 1140 1141 1142 1143 1144 1145 1146 1147
o lod2_DEHHALKAJ0000zCX_roof
g roof
f 1209 1210 1211 1212 1213 1214 1215 1216 1217 1218 1219 1220
o lod2_DEHHALKAJ0000zCX_ground
g ground
f 1221 1222 1223 1224 1225 1226 1227 1228 1229 1230 1231 1232
o lod2_DEHHALKAJ0000zCX_wall
g wall
f 1233 1234 1235 1236
f 1237 1238 1239 1240
f 1241 1242 1243 1244
f 1245 1246 1247 1248
f 1249 1250 1251 1252
f 1253 1254 1255 1256
f 1257 1258 1259 1260
f 1261 1262 1263 1264
f 1265 1266 1267 1268
f 1269 1270 1271 1272
f 1273 1274 1275 1276
f 1277 1278 1279 1280
o lod2_DEHHALKAJ0000zD8_wall
g wall
f 1281 1282 1283 1284
f 1285 1286 1287 1288
f 1289 1290 1291 1292
f 1293 1294 1295 1296
f 1297 1298 1299 1300
o lod2_DEHHALKAJ0000zD8_ground
g ground
f 1301 1302 1303 1304 1305
o lod2_DEHHALKAJ0000zD8_roof
g roof
f 1306 1307 1308 1309 1310
o lod2_DEHHALKAJ0000za7_roof
g roof
f 1311 1312 1313 1314 1315 1316
f 1317 1318 1319 1320 1321 1322
o lod2_DEHHALKAJ0000za7_wall
g wall
f 1323 1324 1325 1326
f 1327 1328 1329 1330
f 1331 1332 1333 1334
f 1335 1336 1337 1338
f 1339 1340 1341 1342
f 1343 1344 1345 1346
f 1347 1348 1349 1350 1351
f 1352 1353 1354 1355 1356
o lod2_DEHHALKAJ0000za7_ground
g ground
f 1357 1358 1359 1360 1361 1362 1363 1364
o lod2_DEHHALKAJ0000zR5_ground
g ground
f 1365 1366 1367 1368 1369 1370 1371 1372 1373 1374 1375
o lod2_DEHHALKAJ0000zR5_roof
g roof
f 1376 1377 1378 1379 1380 1381 1382 1383 1384 1385 1386
o lod2_DEHHALKAJ0000zR5_wall
g wall
f 1387 1388 1389 1390
f 1391 1392 1393 1394
f 1395 1396 1397 1398
f 1399 1400 1401 1402
f 1403 1404 1405 1406
f 1407 1408 1409 1410
f 1411 1412 1413 1414
f 1415 1416 1417 1418
f 1419 1420 1421 1422
f 1423 1424 1425 1426
f 1427 1428 1429 1430
o lod2_DEHHALKAJ0000zAP_roof
g roof
f 1431 1432 1433 1434 1435 1436 1437 1438
o lod2_DEHHALKAJ0000zAP_ground
g ground
f 1439 1440 1441 1442 1443 1444 1445 1446
o lod2_DEHHALKAJ0000zAP_wall
g wall
f 1447 1448 1449 1450
f 1451 1452 1453 1454
f 1455 1456 1457 1458
f 1459 1460 1461 1462
f 1463 1464 1465 1466
f 1467 1468 1469 1470
f 1471 1472 1473 1474
f 1475 1476 1477 1478
o lod2_DEHHALKAJ0000zzX_roof
g roof
f 1479 1480 1481 1482
o lod2_DEHHALKAJ0000zzX_ground
g ground
f 1483 1484 1485 1486
o lod2_DEHHALKAJ0000zzX_wall
g wall
f 1487 1488 1489 1490
f 1491 1492 1493 1494
f 1495 1496 1497 1498
f 1499 1500 1501 1502
o lod2_DEHHALKAJ000106K_roof
g roof
f 1503 1504 1505 1506 1507 1508 1509 1510 1511 1512 1513 1514 1515 1516 1517
o lod2_DEHHALKAJ000106K_ground
g ground
f 1518 1519 1520 1521 1522 1523 1524 1525 1526 1527 1528 1529 1530 1531 1532
o lod2_DEHHALKAJ000106K_wall
g wall
f 1533 1534 1535 1536
f 1537 1538 1539 1540
f 1541 1542 1543 1544
f 1545 1546 1547 1548
f 1549 1550 1551 1552
f 1553 1554 1555 1556
f 1557 1558 1559 1560
f 1561 1562 1563 1564
f 1565 1566 1567 1568
f 1569 1570 1571 1572
f 1573 1574 1575 1576
f 1577 1578 1579 1580
f 1581 1582 1583 1584
f 1585 1586 1587 1588
f 1589 1590 1591 1592
o lod2_DEHHALKAJ000101F_roof
g roof
f 1593 1594 1595 1596 1597 1598 1599 1600
f 1601 1602 1603 1604 1605 1606 1607 1608
o lod2_DEHHALKAJ000101F_wall
g wall
f 1609 1610 1611 1612
f 1613 1614 1615 1616
f 1617 1618 1619 1620
f 1621 1622 1623 1624
f 1625 1626 1627 1628
f 1629 1630 1631 1632
f 1633 1634 1635 1636
f 1637 1638 1639 1640
f 1641 1642 1643 1644
f 1645 1646 1647 1648
f 1649 1650 1651 1652 1653
f 1654 1655 1656 1657 1658
o lod2_DEHHALKAJ000101F_ground
g ground
f 1659 1660 1661 1662 1663 1664 1665 1666 1667 1668 1669 1670
o lod2_DEHHALKAJ0000z7U_ground
g ground
f 1671 1672 1673 1674 1675
o lod2_DEHHALKAJ0000z7U_roof
g roof
f 1676 1677 1678 1679 1680
o lod2_DEHHALKAJ0000z7U_wall
g wall
f 1681 1682 1683 1684
f 1685 1686 1687 1688
f 1689 1690 1691 1692
f 1693 1694 1695 1696
f 1697 1698 1699 1700
o lod2_DEHHALKAJ000101p_roof
g roof
f 1701 1702 1703 1704 1705 1706 1707 1708 1709 1710 1711 1712
f 1713 1714 1715 1716 1717 1718 1719 1720 1721
o lod2_DEHHALKAJ000101p_wall
g wall
f 1722 1723 1724 1725
f 1726 1727 1728 1729
f 1730 1731 1732 1733
f 1734 1735 1736 1737
f 1738 1739 1740 1741
f 1742 1743 1744 1745
f 1746 1747 1748 1749
f 1750 1751 1752 1753
f 1754 1755 1756 1757
f 1758 1759 1760 1761
f 1762 1763 1764 1765
f 1766 1767 1768 1769
f 1770 1771 1772 1773
f 1774 1775 1776 1777
f 1778 1779 1780 1781
f 1782 1783 1784 1785 1786
f 1787 1788 1789 1790 1791
o lod2_DEHHALKAJ000101p_ground
g ground
f 1792 1793 1794 1795 1796 1797 1798 1799 1800 1801 1802 1803 1804 1805 1806 1807 1808
o lod2_DEHHALKAJ0000zKS_roof
g roof
f 1809 1810 1811 1812 1813 1814
f 1815 1816 1817 1818 1819 1820 1821 1822 1823 1824
f 1825 1826 1827 1828 1829
f 1883 1884 1885 1886 1887
f 1937 1938 1939 1940
f 1941 1942 1943 1944 1945 1946
f 1947 1948 1949 1950
f 1951 1952 1953 1954
o lod2_DEHHALKAJ0000zKS_wall
g wall
f 1830 1831 1832
f 1833 1834 1835 1836
f 1837 1838 1839 1840
f 1841 1842 1843
f 1844 1845 1846
f 1847 1848 1849 1850
f 1851 1852 1853 1854
f 1855 1856 1857
f 1858 1859 1860 1861 1862 1863 1864
f 1865 1866 1867 1868
f 1888 1889 1890 1891
f 1892 1893 1894 1895 1896 1897 1898 1899
f 1900 1901 1902 1903 1904 1905
f 1906 1907 1908 1909 1910
f 1911 1912 1913 1914
f 1915 1916 1917 1918 1919 1920
f 1921 1922 1923 1924 1925
f 1926 1927 1928 1929 1930 1931
f 1932 1933 1934 1935 1936
o lod2_DEHHALKAJ0000zKS_ground
g ground
f 1869 1870 1871 1872 1873 1874 1875 1876 1877 1878 1879 1880 1881 1882
o lod2_DEHHALKAJ0000zvL_roof
g roof
f 1955 1956 1957 1958
o lod2_DEHHALKAJ0000zvL_ground
g ground
f 1959 1960 1961 1962
o lod2_DEHHALKAJ0000zvL_wall
g wall
f 1963 1964 1965 1966
f 1967 1968 1969 1970
f 1971 1972 1973 1974
f 1975 1976 1977 1978
o lod2_DEHHALKAJ0000zQ7_roof
g roof
f 1979 1980 1981 1982
f 2020 2021 2022 2023 2024 2025 2026 2027 2028 2029 2030
o lod2_DEHHALKAJ0000zQ7_wall
g wall
f 1983 1984 1985 1986
f 1987 1988 1989 1990
f 1991 1992 1993 1994
f 1995 1996 1997 1998
f 1999 2000 2001 2002
f 2003 2004 2005 2006
f 2007 2008 2009 2010
f 2031 2032 2033 2034
f 2035 2036 2037 2038 2039 2040
f 2041 2042 2043 2044 2045 2046
f 2047 2048 2049 2050
o lod2_DEHHALKAJ0000zQ7_ground
g ground
f 2011 2012 2013 2014 2015 2016 2017 2018 2019
o lod2_DEHHALKAJ0000zv4_wall
g wall
f 2051 2052 2053 2054
f 2055 2056 2057 2058
f 2059 2060 2061 2062
f 2063 2064 2065 2066
f 2067 2068 2069 2070
f 2071 2072 2073 2074
f 2075 2076 2077 2078
f 2079 2080 2081 2082
f 2083 2084 2085 2086
f 2111 2112 2113 2114
f 2115 2116 2117 2118
f 2119 2120 2121 2122
o lod2_DEHHALKAJ0000zv4_roof
g roof
f 2087 2088 2089 2090 2091 2092 2093 2094 2095 2096 2097 2098
o lod2_DEHHALKAJ0000zv4_ground
g ground
f 2099 2100 2101 2102 2103 2104 2105 2106 2107 2108 2109 2110
o lod2_DEHHALKAJ0000zMJ_roof
g roof
f 2123 2124 2125 2126 2127
f 2128 2129 2130 2131 2132 2133
f 2167 2168 2169 2170
o lod2_DEHHALKAJ0000zMJ_wall
g wall
f 2134 2135 2136 2137
f 2138 2139 2140 2141
f 2142 2143 2144 2145
f 2146 2147 2148 2149 2150
f 2157 2158 2159 2160 2161
f 2162 2163 2164 2165 2166
o lod2_DEHHALKAJ0000zMJ_ground
g ground
f 2151 2152 2153 2154 2155 2156
o lod2_DEHHALKAJ0000znz_wall
g wall
f 2171 2172 2173 2174
f 2175 2176 2177 2178
f 2179 2180 2181 2182
f 2183 2184 2185 2186
o lod2_DEHHALKAJ0000znz_ground
g ground
f 2187 2188 2189 2190
o lod2_DEHHALKAJ0000znz_roof
g roof
f 2191 2192 2193 2194
o lod2_DEHHALKAJ0000z8k_roof
g roof
f 2195 2196 2197 2198 2199 2200
o lod2_DEHHALKAJ0000z8k_ground
g ground
f 2201 2202 2203 2204 2205 2206
o lod2_DEHHALKAJ0000z8k_wall
g wall
f 2207 2208 2209 2210
f 2211 2212 2213 2214
f 2215 2216 2217 2218
f 2219 2220 2221 2222
f 2223 2224 2225 2226
f 2227 2228 2229 2230
o lod2_DEHHALKAJ0000zPI_roof
g roof
f 2231 2232 2233 2234 2235
f 2236 2237 2238
f 2239 2240 2241 2242
f 2243 2244 2245 2246 2247 2248 2249
f 2250 2251 2252 2253 2254 2255
f 2256 2257 2258 2259
f 2260 2261 2262 2263 2264
f 2265 2266 2267 2268 2269 2270
f 2271 2272 2273 2274
f 2275 2276 2277
f 2417 2418 2419 2420 2421 2422 2423 2424 2425 2426 2427 2428 2429 2430 2431 2432 2433 2434 2435 2436 2437
f 2514 2515 2516
f 2517 2518 2519 2520 2521 2522
f 2523 2524 2525 2526
o lod2_DEHHALKAJ0000zPI_wall
g wall
f 2278 2279 2280 2281
f 2282 2283 2284 2285
f 2286 2287 2288 2289
f 2290 2291 2292
f 2293 2294 2295 2296
f 2297 2298 2299 2300
f 2301 2302 2303 2304 2305
f 2306 2307 2308 2309
f 2310 2311 2312 2313
f 2314 2315 2316 2317
f 2318 2319 2320 2321
f 2322 2323 2324 2325
f 2326 2327 2328 2329
f 2330 2331 2332
f 2333 2334 2335 2336
f 2337 2338 2339 2340
f 2341 2342 2343 2344
f 2345 2346 2347 2348
f 2349 2350 2351 2352
f 2353 2354 2355 2356
f 2357 2358 2359 2360
f 2361 2362 2363 2364
f 2365 2366 2367 2368
f 2369 2370 2371 2372 2373 2374 2375
f 2376 2377 2378 2379 2380 2381 2382 2383 2384 2385 2386 2387 2388 2389 2390
f 2438 2439 2440 2441 2442 2443
f 2444 2445 2446 2447 2448 2449 2450
f 2451 2452 2453 2454 2455 2456
f 2457 2458 2459 2460 2461 2462
f 2463 2464 2465 2466 2467 2468
f 2469 2470 2471 2472 2473 2474
f 2475 2476 2477 2478
f 2479 2480 2481 2482 2483 2484
f 2485 2486 2487 2488 2489
f 2490 2491 2492 2493 2494 2495
f 2496 2497 2498 2499 2500 2501
f 2502 2503 2504 2505 2506 2507
f 2508 2509 2510 2511 2512 2513
o lod2_DEHHALKAJ0000zPI_ground
g ground
f 2391 2392 2393 2394 2395 2396 2397 2398 2399 2400 2401 2402 2403 2404 2405 2406 2407 2408 2409 2410 2411 2412 2413 2414 2415 2416
o lod2_DEHHALKAJ0000zP6_wall
g wall
f 2527 2528 2529 2530
f 2531 2532 2533 2534
f 2535 2536 2537 2538
f 2539 2540 2541 2542
f 2543 2544 2545 2546
f 2547 2548 2549 2550
f 2551 2552 2553 2554
f 2555 2556 2557 2558
f 2559 2560 2561 2562
f 2563 2564 2565 2566
f 2567 2568 2569 2570
o lod2_DEHHALKAJ0000zP6_ground
g ground
f 2571 2572 2573 2574 2575 2576 2577 2578 2579 2580 2581
o lod2_DEHHALKAJ0000zP6_roof
g roof
f 2582 2583 2584 2585 2586 2587 2588 2589 2590 2591 2592
o lod2_DEHHALKAJ0000zxc_roof
g roof
f 2593 2594 2595 2596 2597 2598 2599 2600
o lod2_DEHHALKAJ0000zxc_ground
g ground
f 2601 2602 2603 2604 2605 2606 2607 2608
o lod2_DEHHALKAJ0000zxc_wall
g wall
f 2609 2610 2611 2612
f 2613 2614 2615 2616
f 2617 2618 2619 2620
f 2621 2622 2623 2624
f 2625 2626 2627 2628
f 2629 2630 2631 2632
f 2633 2634 2635 2636
f 2637 2638 2639 2640
o lod2_DEHHALKAJ0000zzr_roof
g roof
f 2641 2642 2643 2644 2645 2646 2647 2648 2649 2650 2651 2652
o lod2_DEHHALKAJ0000zzr_ground
g ground
f 2653 2654 2655 2656 2657 2658 2659 2660 2661 2662 2663 2664
o lod2_DEHHALKAJ0000zzr_wall
g wall
f 2665 2666 2667 2668
f 2669 2670 2671 2672
f 2673 2674 2675 2676
f 2677 2678 2679 2680
f 2681 2682 2683 2684
f 2685 2686 2687 2688
f 2689 2690 2691 2692
f 2693 2694 2695 2696
f 2697 2698 2699 2700
f 2701 2702 2703 2704
f 2705 2706 2707 2708
f 2709 2710 2711 2712
o lod2_DEHHALKAJ0000zjp_roof
g roof
f 2713 2714 2715 2716 2717 2718 2719 2720
o lod2_DEHHALKAJ0000zjp_ground
g ground
f 2721 2722 2723 2724 2725 2726 2727 2728
o lod2_DEHHALKAJ0000zjp_wall
g wall
f 2729 2730 2731 2732
f 2733 2734 2735 2736
f 2737 2738 2739 2740
f 2741 2742 2743 2744
f 2745 2746 2747 2748
f 2749 2750 2751 2752
f 2753 2754 2755 2756
f 2757 2758 2759 2760
o lod2_DEHHALKAJ0000z8J_roof
g roof
f 2761 2762 2763 2764 2765 2766
f 2767 2768 2769 2770 2771 2772 2773 2774 2775
o lod2_DEHHALKAJ0000z8J_wall
g wall
f 2776 2777 2778 2779
f 2780 2781 2782 2783
f 2784 2785 2786 2787
f 2788 2789 2790 2791
f 2792 2793 2794 2795
f 2796 2797 2798 2799
f 2800 2801 2802 2803
f 2804 2805 2806 2807
f 2808 2809 2810 2811 2812
f 2813 2814 2815 2816 2817
f 2818 2819 2820 2821
o lod2_DEHHALKAJ0000z8J_ground
g ground
f 2822 2823 2824 2825 2826 2827 2828 2829 2830 2831 2832
o lod2_DEHHALKAJ0000z9U_roof
g roof
f 2833 2834 2835 2836 2837 2838 2839 2840
f 2841 2842 2843 2844
o lod2_DEHHALKAJ0000z9U_wall
g wall
f 2845 2846 2847 2848
f 2849 2850 2851 2852
f 2853 2854 2855 2856
f 2857 2858 2859 2860
f 2861 2862 2863 2864
f 2865 2866 2867 2868
f 2869 2870 2871 2872 2873
f 2874 2875 2876 2877 2878
o lod2_DEHHALKAJ0000z9U_ground
g ground
f 2879 2880 2881 2882 2883 2884 2885 2886
o lod2_DEHHALKAJ000100H_wall
g wall
f 2887 2888 2889 2890
f 2891 2892 2893 2894
f 2895 2896 2897 2898
f 2899 2900 2901 2902
f 2903 2904 2905 2906
f 2907 2908 2909 2910
f 2911 2912 2913 2914
f 2915 2916 2917 2918
f 2919 2920 2921 2922
f 2923 2924 2925 2926
f 2927 2928 2929 2930
f 2931 2932 2933 2934
f 2935 2936 2937 2938
f 2939 2940 2941 2942
f 2943 2944 2945 2946
o lod2_DEHHALKAJ000100H_ground
g ground
f 2947 2948 2949 2950 2951 2952 2953 2954 2955 2956 2957 2958 2959 2960 2961
o lod2_DEHHALKAJ000100H_roof
g roof
f 2962 2963 2964 2965 2966 2967 2968 2969 2970 2971 2972 2973 2974 2975 2976
o lod2_DEHHALKAJ0000zWg_roof
g roof
f 2977 2978 2979
f 2980 2981 2982 2983 2984
f 3002 3003 3004 3005 3006 3007
o lod2_DEHHALKAJ0000zWg_wall
g wall
f 2985 2986 2987 2988
f 2989 2990 2991 2992 2993 2994 2995
f 3008 3009 3010 3011
f 3012 3013 3014 3015
f 3016 3017 3018 3019
f 3020 3021 3022 3023 3024 3025
f 3026 3027 3028 3029 3030
o lod2_DEHHALKAJ0000zWg_ground
g ground
f 2996 2997 2998 2999 3000 3001
o lod2_DEHHALKAJ000104n_roof
g roof
f 3031 3032 3033 3034 3035 3036
o lod2_DEHHALKAJ000104n_ground
g ground
f 3037 3038 3039 3040 3041 3042
o lod2_DEHHALKAJ000104n_wall
g wall
f 3043 3044 3045 3046
f 3047 3048 3049 3050
f 3051 3052 3053 3054
f 3055 3056 3057 3058
f 3059 3060 3061 3062
f 3063 3064 3065 3066
o lod2_DEHHALKAJ000101Q_roof
g roof
f 3067 3068 3069 3070
f 3071 3072 3073 3074 3075
f 3076 3077 3078 3079 3080
f 3081 3082 3083 3084 3085 3086 3087
f 3154 3155 3156 3157 3158 3159
f 3160 3161 3162 3163 3164
o lod2_DEHHALKAJ000101Q_wall
g wall
f 3088 3089 3090 3091
f 3092 3093 3094 3095
f 3096 3097 3098 3099
f 3100 3101 3102
f 3103 3104 3105
f 3106 3107 3108 3109
f 3110 3111 3112 3113
f 3124 3125 3126 3127 3128 3129 3130
f 3131 3132 3133 3134 3135 3136 3137
f 3138 3139 3140
f 3141 3142 3143 3144
f 3145 3146 3147 3148 3149
f 3150 3151 3152 3153
o lod2_DEHHALKAJ000101Q_ground
g ground
f 3114 3115 3116 3117 3118 3119 3120 3121 3122 3123
o lod2_DEHHALKAJ0000zyY_wall
g wall
f 3165 3166 3167 3168
f 3169 3170 3171 3172
f 3173 3174 3175 3176
f 3177 3178 3179 3180
f 3181 3182 3183 3184
f 3185 3186 3187 3188
f 3189 3190 3191 3192
f 3193 3194 3195 3196
f 3197 3198 3199 3200
f 3201 3202 3203 3204
f 3205 3206 3207 3208
f 3209 3210 3211 3212
f 3213 3214 3215 3216
f 3217 3218 3219 3220
f 3221 3222 3223 3224
f 3225 3226 3227 3228
f 3229 3230 3231 3232
f 3233 3234 3235 3236
o lod2_DEHHALKAJ0000zyY_ground
g ground
f 3237 3238 3239 3240 3241 3242 3243 3244 3245 3246 3247 3248 3249 3250 3251 3252 3253 3254
o lod2_DEHHALKAJ0000zyY_roof
g roof
f 3255 3256 3257 3258 3259 3260 3261 3262 3263 3264 3265 3266 3267 3268 3269 3270 3271 3272
o lod2_DEHHALKAJ0000zzZ_roof
g roof
f 3273 3274 3275 3276 3277 3278 3279 3280 3281 3282 3283 3284
f 3285 3286 3287 3288 3289 3290 3291 3292 3293
o lod2_DEHHALKAJ0000zzZ_wall
g wall
f 3294 3295 3296 3297
f 3298 3299 3300 3301
f 3302 3303 3304 3305
f 3306 3307 3308 3309
f 3310 3311 3312 3313
f 3314 3315 3316 3317
f 3318 3319 3320 3321
f 3322 3323 3324 3325
f 3326 3327 3328 3329
f 3330 3331 3332 3333
f 3334 3335 3336 3337
f 3338 3339 3340 3341
f 3342 3343 3344 3345
f 3346 3347 3348 3349
f 3350 3351 3352 3353
f 3354 3355 3356 3357 3358
f 3359 3360 3361 3362 3363
o lod2_DEHHALKAJ0000zzZ_ground
g ground
f 3364 3365 3366 3367 3368 3369 3370 3371 3372 3373 3374 3375 3376 3377 3378 3379 3380
o lod2_DEHHALKAJ0000zMH_roof
g roof
f 3381 3382 3383 3384 3385 3386 3387 3388 3389 3390 3391 3392 3393
f 3461 3462 3463 3464
o lod2_DEHHALKAJ0000zMH_wall
g wall
f 3394 3395 3396 3397
f 3398 3399 3400 3401
f 3402 3403 3404 3405
f 3406 3407 3408 3409
f 3410 3411 3412 3413
f 3414 3415 3416 3417
f 3418 3419 3420 3421
f 3422 3423 3424 3425
f 3426 3427 3428 3429
f 3430 3431 3432 3433
f 3447 3448 3449 3450 3451
f 3452 3453 3454 3455
f 3456 3457 3458 3459 3460
o lod2_DEHHALKAJ0000zMH_ground
g ground
f 3434 3435 3436 3437 3438 3439 3440 3441 3442 3443 3444 3445 3446
o lod2_DEHHALKAJ0000zu5_roof
g roof
f 3465 3466 3467 3468
f 3491 3492 3493 3494
o lod2_DEHHALKAJ0000zu5_wall
g wall
f 3469 3470 3471 3472
f 3477 3478 3479 3480 3481
f 3482 3483 3484 3485
f 3486 3487 3488 3489 3490
o lod2_DEHHALKAJ0000zu5_ground
g ground
f 3473 3474 3475 3476
o lod2_DEHHALKAJ0000zxx_roof
g roof
f 3495 3496 3497 3498 3499
f 3500 3501 3502 3503 3504 3505
o lod2_DEHHALKAJ0000zxx_wall
g wall
f 3506 3507 3508 3509
f 3510 3511 3512 3513
f 3514 3515 3516 3517
f 3518 3519 3520 3521
f 3522 3523 3524 3525
f 3526 3527 3528 3529 3530
f 3531 3532 3533 3534 3535
o lod2_DEHHALKAJ0000zxx_ground
g ground
f 3536 3537 3538 3539 3540 3541 3542
o lod2_DEHHALKAJ0000zMT_roof
g roof
f 3543 3544 3545 3546
f 3547 3548 3549 3550
o lod2_DEHHALKAJ0000zMT_wall
g wall
f 3551 3552 3553 3554
f 3555 3556 3557 3558
f 3559 3560 3561 3562 3563
f 3564 3565 3566 3567 3568
o lod2_DEHHALKAJ0000zMT_ground
g ground
f 3569 3570 3571 3572
o lod2_DEHHALKAJ0000zjB_roof
g roof
f 3573 3574 3575 3576 3577 3578 3579 3580 3581 3582
f 3583 3584 3585 3586 3587 3588
f 3589 3590 3591 3592 3593
f 3594 3595 3596 3597 3598 3599
o lod2_DEHHALKAJ0000zjB_wall
g wall
f 3600 3601 3602
f 3603 3604 3605
f 3606 3607 3608 3609
f 3610 3611 3612 3613
f 3614 3615 3616 3617
f 3618 3619 3620 3621
f 3622 3623 3624 3625
f 3626 3627 3628 3629
f 3630 3631 3632 3633
f 3645 3646 3647 3648 3649
f 3650 3651 3652
f 3653 3654 3655 3656 3657 3658
f 3659 3660 3661 3662 3663 3664
f 3665 3666 3667 3668 3669 3670
f 3671 3672 3673 3674 3675 3676
o lod2_DEHHALKAJ0000zjB_ground
g ground
f 3634 3635 3636 3637 3638 3639 3640 3641 3642 3643 3644
o lod2_DEHHALKAJ0000zRn_wall
g wall
f 3677 3678 3679 3680
f 3681 3682 3683 3684
f 3685 3686 3687 3688
f 3689 3690 3691 3692
f 3693 3694 3695 3696
f 3697 3698 3699 3700
f 3701 3702 3703 3704
f 3705 3706 3707 3708
f 3709 3710 3711 3712
o lod2_DEHHALKAJ0000zRn_ground
g ground
f 3713 3714 3715 3716 3717 3718 3719 3720 3721
o lod2_DEHHALKAJ0000zRn_roof
g roof
f 3722 3723 3724 3725 3726 3727 3728 3729 3730
o lod2_DEHHALKAJ000101f_roof
g roof
f 3731 3732 3733 3734 3735
f 3736 3737 3738 3739 3740 3741 3742 3743 3744 3745 3746 3747
f 3748 3749 3750 3751 3752 3753 3754
f 3755 3756 3757 3758 3759 3760 3761
f 3762 3763 3764 3765
f 3766 3767 3768 3769 3770 3771
f 3772 3773 3774 3775 3776 3777 3778
f 3779 3780 3781 3782 3783
f 3784 3785 3786 3787 3788 3789 3790 3791
o lod2_DEHHALKAJ000101f_wall
g wall
f 3792 3793 3794
f 3795 3796 3797
f 3798 3799 3800
f 3801 3802 3803
f 3804 3805 3806 3807
f 3808 3809 3810 3811
f 3812 3813 3814 3815
f 3816 3817 3818 3819
f 3820 3821 3822 3823
f 3824 3825 3826 3827
f 3828 3829 3830 3831
f 3832 3833 3834 3835
f 3836 3837 3838 3839
f 3840 3841 3842 3843
f 3844 3845 3846 3847
f 3848 3849 3850 3851
f 3874 3875 3876 3877 3878 3879 3880 3881
f 3882 3883 3884 3885 3886 3887
f 3888 3889 3890 3891 3892
f 3893 3894 3895 3896 3897
f 3898 3899 3900
f 3901 3902 3903 3904 3905
f 3906 3907 3908 3909 3910 3911
f 3912 3913 3914 3915 3916 3917
f 3918 3919 3920 3921 3922
f 3923 3924 3925 3926 3927 3928
f 3929 3930 3931 3932 3933 3934
f 3935 3936 3937 3938 3939
f 3940 3941 3942
o lod2_DEHHALKAJ000101f_ground
g ground
f 3852 3853 3854 3855 3856 3857 3858 3859 3860 3861 3862 3863 3864 3865 3866 3867 3868 3869 3870 3871 3872 3873
o lod2_DEHHALKAJ0000zi5_wall
g wall
f 3943 3944 3945 3946
f 3947 3948 3949 3950
f 3951 3952 3953 3954
f 3955 3956 3957 3958
f 3959 3960 3961 3962
f 3963 3964 3965 3966
f 3967 3968 3969 3970
f 3971 3972 3973 3974
f 3975 3976 3977 3978
o lod2_DEHHALKAJ0000zi5_ground
g ground
f 3979 3980 3981 3982 3983 3984 3985 3986 3987
o lod2_DEHHALKAJ0000zi5_roof
g roof
f 3988 3989 3990 3991 3992 3993 3994 3995 3996
o lod2_DEHHALKAJ0000zJZ_wall
g wall
f 3997 3998 3999 4000
f 4001 4002 4003 4004
f 4005 4006 4007 4008
f 4009 4010 4011 4012
f 4013 4014 4015 4016
f 4017 4018 4019 4020
f 4021 4022 4023 4024
f 4025 4026 4027 4028
f 4029 4030 4031 4032
o lod2_DEHHALKAJ0000zJZ_ground
g ground
f 4033 4034 4035 4036 4037 4038 4039 4040 4041
o lod2_DEHHALKAJ0000zJZ_roof
g roof
f 4042 4043 4044 4045 4046 4047 4048 4049 4050
o lod2_DEHHALKAJ0000zvo_ground
g ground
f 4051 4052 4053 4054
o lod2_DEHHALKAJ0000zvo_roof
g roof
f 4055 4056 4057 4058
o lod2_DEHHALKAJ0000zvo_wall
g wall
f 4059 4060 4061 4062
f 4063 4064 4065 4066
f 4067 4068 4069 4070
f 4071 4072 4073 4074
o lod2_DEHHALKAJ0000zRV_roof
g roof
f 4075 4076 4077 4078
o lod2_DEHHALKAJ0000zRV_ground
g ground
f 4079 4080 4081 4082
o lod2_DEHHALKAJ0000zRV_wall
g wall
f 4083 4084 4085 4086
f 4087 4088 4089 4090
f 4091 4092 4093 4094
f 4095 4096 4097 4098
o lod2_DEHHALKA8sj0009o_ground
g ground
f 4099 4100 4101 4102
o lod2_DEHHALKA8sj0009o_roof
g roof
f 4103 4104 4105 4106
o lod2_DEHHALKA8sj0009o_wall
g wall
f 4107 4108 4109 4110
f 4111 4112 4113 4114
f 4115 4116 4117 4118
f 4119 4120 4121 4122
o lod2_DEHHALKAJ0000zP0_roof
g roof
f 4123 4124 4125 4126 4127 4128 4129 4130 4131
f 4132 4133 4134 4135 4136 4137 4138 4139
o lod2_DEHHALKAJ0000zP0_wall
g wall
f 4140 4141 4142 4143
f 4144 4145 4146 4147
f 4148 4149 4150 4151
f 4152 4153 4154 4155
f 4156 4157 4158 4159
f 4160 4161 4162 4163
f 4164 4165 4166 4167
f 4168 4169 4170 4171
f 4172 4173 4174 4175
f 4176 4177 4178 4179
f 4180 4181 4182 4183
f 4184 4185 4186 4187 4188
f 4189 4190 4191 4192 4193
o lod2_DEHHALKAJ0000zP0_ground
g ground
f 4194 4195 4196 4197 4198 4199 4200 4201 4202 4203 4204 4205 4206
o lod2_DEHHALKAJ000103m_roof
g roof
f 4207 4208 4209 4210
f 4251 4252 4253 4254 4255 4256
f 4257 4258 4259 4260
o lod2_DEHHALKAJ000103m_wall
g wall
f 4211 4212 4213 4214
f 4215 4216 4217 4218
f 4225 4226 4227 4228 4229 4230 4231
f 4232 4233 4234 4235 4236
f 4237 4238 4239 4240 4241 4242
f 4243 4244 4245 4246
f 4247 4248 4249 4250
o lod2_DEHHALKAJ000103m_ground
g ground
f 4219 4220 4221 4222 4223 4224
o lod2_DEHHALKAJ0000zWs_roof
g roof
f 4261 4262 4263 4264 4265 4266 4267 4268 4269 4270
f 4271 4272 4273 4274
f 4275 4276 4277 4278 4279
f 4280 4281 4282 4283 4284
f 4390 4391 4392 4393 4394 4395 4396 4397 4398 4399 4400
o lod2_DEHHALKAJ0000zWs_wall
g wall
f 4285 4286 4287 4288
f 4289 4290 4291 4292
f 4293 4294 4295
f 4296 4297 4298
f 4299 4300 4301 4302
f 4303 4304 4305 4306
f 4307 4308 4309 4310
f 4311 4312 4313 4314
f 4315 4316 4317 4318
f 4319 4320 4321 4322
f 4323 4324 4325 4326
f 4342 4343 4344 4345 4346 4347 4348 4349
f 4350 4351 4352 4353 4354 4355 4356 4357
f 4358 4359 4360
f 4361 4362 4363 4364 4365
f 4366 4367 4368 4369
f 4370 4371 4372 4373
f 4374 4375 4376 4377
f 4378 4379 4380 4381 4382 4383
f 4384 4385 4386 4387 4388 4389
o lod2_DEHHALKAJ0000zWs_ground
g ground
f 4327 4328 4329 4330 4331 4332 4333 4334 4335 4336 4337 4338 4339 4340 4341
o lod2_DEHHALKAJ0000zKn_roof
g roof
f 4401 4402 4403 4404
f 4405 4406 4407 4408
o lod2_DEHHALKAJ0000zKn_wall
g wall
f 4409 4410 4411 4412
f 4413 4414 4415 4416
f 4417 4418 4419 4420 4421
f 4422 4423 4424 4425 4426
o lod2_DEHHALKAJ0000zKn_ground
g ground
f 4427 4428 4429 4430
o lod2_DEHHALKAJ000105B_roof
g roof
f 4431 4432 4433 4434 4435
f 4436 4437 4438 4439 4440
o lod2_DEHHALKAJ000105B_wall
g wall
f 4441 4442 4443 4444
f 4445 4446 4447 4448
f 4449 4450 4451 4452
f 4453 4454 4455 4456
f 4457 4458 4459 4460 4461
f 4462 4463 4464 4465 4466
o lod2_DEHHALKAJ000105B_ground
g ground
f 4467 4468 4469 4470 4471 4472
o lod2_DEHHALKAJ000101L_roof
g roof
f 4473 4474 4475 4476
f 4477 4478 4479 4480
o lod2_DEHHALKAJ000101L_wall
g wall
f 4481 4482 4483 4484
f 4485 4486 4487 4488
f 4489 4490 4491 4492 4493
f 4494 4495 4496 4497 4498
o lod2_DEHHALKAJ000101L_ground
g ground
f 4499 4500 4501 4502
o lod2_DEHHALKAJ0000zeJ_wall
g wall
f 4503 4504 4505 4506
f 4507 4508 4509 4510
f 4511 4512 4513 4514
f 4515 4516 4517 4518
f 4519 4520 4521 4522
f 4523 4524 4525 4526
f 4527 4528 4529 4530
f 4531 4532 4533 4534
f 4535 4536 4537 4538
f 4539 4540 4541 4542
f 4543 4544 4545 4546
f 4547 4548 4549 4550
f 4551 4552 4553 4554
o lod2_DEHHALKAJ0000zeJ_ground
g ground
f 4555 4556 4557 4558 4559 4560 4561 4562 4563 4564 4565 4566 4567
o lod2_DEHHALKAJ0000zeJ_roof
g roof
f 4568 4569 4570 4571 4572 4573 4574 4575 4576 4577 4578 4579 4580
o lod2_DEHHALKAJ0000z67_wall
g wall
f 4581 4582 4583 4584
f 4585 4586 4587 4588
f 4589 4590 4591 4592
f 4598 4599 4600 4601 4602
f 4603 4604 4605 4606 4607
o lod2_DEHHALKAJ0000z67_ground
g ground
f 4593 4594 4595 4596 4597
o lod2_DEHHALKAJ0000z67_roof
g roof
f 4608 4609 4610 4611 4612
f 4613 4614 4615 4616
o lod2_DEHHALKAJ0001046_roof
g roof
f 4617 4618 4619 4620
f 4678 4679 4680 4681 4682 4683 4684 4685 4686 4687 4688
o lod2_DEHHALKAJ0001046_wall
g wall
f 4621 4622 4623 4624
f 4625 4626 4627 4628
f 4629 4630 4631 4632
f 4633 4634 4635 4636
f 4637 4638 4639 4640
f 4641 4642 4643 4644
f 4645 4646 4647 4648
f 4660 4661 4662 4663 4664
f 4665 4666 4667 4668
f 4669 4670 4671 4672
f 4673 4674 4675 4676 4677
o lod2_DEHHALKAJ0001046_ground
g ground
f 4649 4650 4651 4652 4653 4654 4655 4656 4657 4658 4659
o lod2_DEHHALKAJ0000zvQ_wall
g wall
f 4689 4690 4691 4692
f 4693 4694 4695 4696
f 4697 4698 4699 4700
f 4701 4702 4703 4704
f 4705 4706 4707 4708
o lod2_DEHHALKAJ0000zvQ_ground
g ground
f 4709 4710 4711 4712 4713
o lod2_DEHHALKAJ0000zvQ_roof
g roof
f 4714 4715 4716 4717 4718
o lod2_DEHHALKAJ0000zZt_wall
g wall
f 4719 4720 4721 4722
f 4723 4724 4725 4726
f 4727 4728 4729 4730
f 4731 4732 4733 4734
f 4735 4736 4737 4738
f 4763 4764 4765 4766
f 4767 4768 4769 4770
f 4771 4772 4773 4774
f 4775 4776 4777 4778
f 4779 4780 4781 4782
f 4783 4784 4785 4786
f 4787 4788 4789 4790
o lod2_DEHHALKAJ0000zZt_roof
g roof
f 4739 4740 4741 4742 4743 4744 4745 4746 4747 4748 4749 4750
o lod2_DEHHALKAJ0000zZt_ground
g ground
f 4751 4752 4753 4754 4755 4756 4757 4758 4759 4760 4761 4762
o lod2_DEHHALKAJ0000zvY_roof
g roof
f 4791 4792 4793 4794 4795 4796 4797 4798
f 4799 4800 4801 4802 4803 4804 4805 4806
o lod2_DEHHALKAJ0000zvY_wall
g wall
f 4807 4808 4809 4810
f 4811 4812 4813 4814
f 4815 4816 4817 4818
f 4819 4820 4821 4822
f 4823 4824 4825 4826
f 4827 4828 4829 4830
f 4831 4832 4833 4834
f 4835 4836 4837 4838
f 4839 4840 4841 4842
f 4843 4844 4845 4846
f 4847 4848 4849 4850 4851
f 4852 4853 4854 4855 4856
o lod2_DEHHALKAJ0000zvY_ground
g ground
f 4857 4858 4859 4860 4861 4862 4863 4864 4865 4866 4867 4868
o lod2_DEHHALKAJ0000z7G_roof
g roof
f 4869 4870 4871 4872 4873
f 4874 4875 4876 4877 4878 4879 4880 4881
f 4882 4883 4884 4885
f 4886 4887 4888
f 4889 4890 4891 4892
f 4980 4981 4982 4983 4984
f 4985 4986 4987 4988 4989 4990 4991 4992 4993 4994
o lod2_DEHHALKAJ0000z7G_wall
g wall
f 4893 4894 4895 4896
f 4897 4898 4899 4900
f 4901 4902 4903 4904
f 4905 4906 4907 4908
f 4909 4910 4911 4912
f 4913 4914 4915 4916
f 4917 4918 4919
f 4920 4921 4922
f 4923 4924 4925 4926
f 4927 4928 4929 4930
f 4931 4932 4933 4934
f 4935 4936 4937 4938 4939 4940
f 4955 4956 4957 4958 4959 4960 4961
f 4962 4963 4964 4965 4966 4967
f 4968 4969 4970
f 4971 4972 4973 4974
f 4975 4976 4977 4978 4979
o lod2_DEHHALKAJ0000z7G_ground
g ground
f 4941 4942 4943 4944 4945 4946 4947 4948 4949 4950 4951 4952 4953 4954
o lod2_DEHHALKAJ0000zNT_roof
g roof
f 4995 4996 4997 4998 4999
f 5000 5001 5002 5003 5004 5005 5006 5007 5008 5009
f 5010 5011 5012 5013 5014 5015 5016 5017
f 5018 5019 5020 5021 5022
f 5096 5097 5098 5099 5100
o lod2_DEHHALKAJ0000zNT_wall
g wall
f 5023 5024 5025
f 5026 5027 5028
f 5029 5030 5031
f 5032 5033 5034
f 5035 5036 5037 5038
f 5039 5040 5041 5042
f 5043 5044 5045 5046
f 5056 5057 5058 5059 5060
f 5061 5062 5063 5064 5065 5066
f 5067 5068 5069 5070 5071 5072
f 5073 5074 5075
f 5076 5077 5078 5079 5080
f 5081 5082 5083 5084 5085 5086
f 5087 5088 5089 5090 5091 5092
f 5093 5094 5095
o lod2_DEHHALKAJ0000zNT_ground
g ground
f 5047 5048 5049 5050 5051 5052 5053 5054 5055
o lod2_DEHHALKAJ0000zKs_roof
g roof
f 5101 5102 5103 5104 5105 5106 5107
f 5108 5109 5110 5111
o lod2_DEHHALKAJ0000zKs_wall
g wall
f 5112 5113 5114 5115
f 5116 5117 5118 5119
f 5120 5121 5122 5123
f 5124 5125 5126 5127
f 5128 5129 5130 5131
f 5132 5133 5134 5135 5136
f 5137 5138 5139 5140 5141
o lod2_DEHHALKAJ0000zKs_ground
g ground
f 5142 5143 5144 5145 5146 5147 5148
o lod2_DEHHALKAJ0000zM2_wall
g wall
f 5149 5150 5151 5152
f 5153 5154 5155 5156
f 5157 5158 5159 5160
f 5161 5162 5163 5164
f 5165 5166 5167 5168
f 5169 5170 5171 5172
f 5173 5174 5175 5176
f 5177 5178 5179 5180
f 5181 5182 5183 5184
f 5185 5186 5187 5188
f 5217 5218 5219 5220
f 5221 5222 5223 5224
f 5225 5226 5227 5228
f 5229 5230 5231 5232
o lod2_DEHHALKAJ0000zM2_roof
g roof
f 5189 5190 5191 5192 5193 5194 5195 5196 5197 5198 5199 5200 5201 5202
o lod2_DEHHALKAJ0000zM2_ground
g ground
f 5203 5204 5205 5206 5207 5208 5209 5210 5211 5212 5213 5214 5215 5216
o lod2_DEHHALKAJ0000zSs_roof
g roof
f 5233 5234 5235
f 5253 5254 5255 5256 5257 5258 5259 5260 5261
f 5300 5301 5302 5303 5304
f 5305 5306 5307 5308
o lod2_DEHHALKAJ0000zSs_wall
g wall
f 5236 5237 5238 5239
f 5240 5241 5242 5243
f 5262 5263 5264 5265 5266 5267 5268
f 5269 5270 5271 5272
f 5273 5274 5275 5276
f 5277 5278 5279 5280 5281 5282
f 5283 5284 5285 5286 5287
f 5288 5289 5290 5291
f 5292 5293 5294 5295
f 5296 5297 5298 5299
o lod2_DEHHALKAJ0000zSs_ground
g ground
f 5244 5245 5246 5247 5248 5249 5250 5251 5252
o lod2_DEHHALKAJ0000zVn_roof
g roof
f 5309 5310 5311 5312 5313 5314 5315
f 5399 5400 5401 5402 5403 5404 5405 5406 5407 5408 5409 5410 5411 5412 5413 5414 5415
f 5416 5417 5418 5419 5420
f 5471 5472 5473 5474 5475 5476
o lod2_DEHHALKAJ0000zVn_wall
g wall
f 5316 5317 5318 5319
f 5320 5321 5322 5323
f 5324 5325 5326 5327
f 5328 5329 5330 5331
f 5332 5333 5334 5335
f 5336 5337 5338 5339
f 5340 5341 5342 5343
f 5344 5345 5346 5347
f 5348 5349 5350 5351
f 5352 5353 5354 5355
f 5356 5357 5358 5359
f 5360 5361 5362 5363
f 5364 5365 5366 5367
f 5368 5369 5370 5371
f 5372 5373 5374 5375
f 5421 5422 5423 5424
f 5425 5426 5427 5428
f 5429 5430 5431 5432 5433
f 5434 5435 5436 5437 5438 5439
f 5440 5441 5442 5443 5444 5445
f 5446 5447 5448 5449 5450
f 5451 5452 5453 5454 5455 5456
f 5457 5458 5459 5460 5461 5462
f 5463 5464 5465 5466
f 5467 5468 5469 5470
o lod2_DEHHALKAJ0000zVn_ground
g ground
f 5376 5377 5378 5379 5380 5381 5382 5383 5384 5385 5386 5387 5388 5389 5390 5391 5392 5393 5394 5395 5396 5397 5398
o lod2_DEHHALKAJ0000zIt_wall
g wall
f 5477 5478 5479 5480
f 5481 5482 5483 5484
f 5485 5486 5487 5488
f 5489 5490 5491 5492
f 5493 5494 5495 5496
f 5497 5498 5499 5500
f 5501 5502 5503 5504
f 5505 5506 5507 5508
f 5509 5510 5511 5512
f 5513 5514 5515 5516
f 5517 5518 5519 5520
f 5521 5522 5523 5524
f 5525 5526 5527 5528
f 5529 5530 5531 5532
f 5533 5534 5535 5536
o lod2_DEHHALKAJ0000zIt_ground
g ground
f 5537 5538 5539 5540 5541 5542 5543 5544 5545 5546 5547 5548 5549 5550 5551
o lod2_DEHHALKAJ0000zIt_roof
g roof
f 5552 5553 5554 5555 5556 5557 5558 5559 5560 5561 5562 5563 5564 5565 5566
o lod2_DEHHALKAJ0000zx9_wall
g wall
f 5567 5568 5569 5570
f 5571 5572 5573 5574
f 5575 5576 5577 5578
f 5579 5580 5581 5582
f 5583 5584 5585 5586
f 5596 5597 5598 5599 5600
f 5601 5602 5603 5604 5605
f 5606 5607 5608 5609
f 5610 5611 5612 5613
o lod2_DEHHALKAJ0000zx9_ground
g ground
f 5587 5588 5589 5590 5591 5592 5593 5594 5595
o lod2_DEHHALKAJ0000zx9_roof
g roof
f 5614 5615 5616 5617 5618
f 5619 5620 5621 5622 5623 5624 5625 5626
o lod2_DEHHALKAJ0000zHz_roof
g roof
f 5627 5628 5629 5630 5631 5632 5633 5634 5635 5636
f 5637 5638 5639 5640 5641
f 5642 5643 5644 5645 5646 5647 5648 5649 5650 5651
f 5652 5653 5654 5655 5656 5657 5658 5659
o lod2_DEHHALKAJ0000zHz_wall
g wall
f 5660 5661 5662
f 5663 5664 5665
f 5666 5667 5668 5669
f 5670 5671 5672 5673
f 5674 5675 5676 5677
f 5678 5679 5680 5681
f 5682 5683 5684 5685
f 5686 5687 5688 5689
f 5690 5691 5692 5693
f 5694 5695 5696 5697
f 5698 5699 5700 5701
f 5702 5703 5704 5705
f 5706 5707 5708 5709 5710
f 5711 5712 5713 5714
f 5715 5716 5717 5718
f 5719 5720 5721 5722
f 5741 5742 5743 5744 5745 5746
f 5747 5748 5749
f 5750 5751 5752 5753 5754
f 5755 5756 5757 5758
f 5759 5760 5761 5762 5763 5764
f 5765 5766 5767 5768 5769 5770
o lod2_DEHHALKAJ0000zHz_ground
g ground
f 5723 5724 5725 5726 5727 5728 5729 5730 5731 5732 5733 5734 5735 5736 5737 5738 5739 5740
o lod2_DEHHALKAJ0000zS7_roof
g roof
f 5771 5772 5773 5774
f 5775 5776 5777 5778 5779
f 5815 5816 5817 5818 5819 5820 5821 5822 5823 5824
f 5857 5858 5859 5860
o lod2_DEHHALKAJ0000zS7_wall
g wall
f 5780 5781 5782 5783
f 5784 5785 5786 5787
f 5788 5789 5790 5791
f 5792 5793 5794 5795
f 5796 5797 5798 5799
f 5800 5801 5802 5803
f 5825 5826 5827 5828
f 5829 5830 5831 5832 5833 5834 5835
f 5836 5837 5838 5839 5840 5841 5842
f 5843 5844 5845 5846
f 5847 5848 5849 5850 5851
f 5852 5853 5854 5855 5856
o lod2_DEHHALKAJ0000zS7_ground
g ground
f 5804 5805 5806 5807 5808 5809 5810 5811 5812 5813 5814
o lod2_DEHHALKAJ0000zPg_roof
g roof
f 5861 5862 5863 5864
f 5865 5866 5867 5868 5869
f 5870 5871 5872 5873
f 5874 5875 5876
f 5877 5878 5879 5880
f 5969 5970 5971 5972 5973 5974 5975 5976 5977 5978 5979 5980 5981 5982 5983 5984 5985 5986 5987
o lod2_DEHHALKAJ0000zPg_wall
g wall
f 5881 5882 5883 5884
f 5885 5886 5887 5888
f 5889 5890 5891 5892
f 5893 5894 5895 5896
f 5897 5898 5899 5900
f 5901 5902 5903 5904
f 5905 5906 5907 5908
f 5909 5910 5911 5912
f 5913 5914 5915 5916
f 5917 5918 5919 5920
f 5921 5922 5923 5924
f 5925 5926 5927 5928
f 5929 5930 5931 5932
f 5933 5934 5935 5936
f 5937 5938 5939 5940
f 5941 5942 5943 5944 5945 5946 5947 5948
f 5988 5989 5990 5991
f 5992 5993 5994 5995 5996 5997
f 5998 5999 6000 6001 6002
f 6003 6004 6005 6006 6007 6008
f 6009 6010 6011 6012
o lod2_DEHHALKAJ0000zPg_ground
g ground
f 5949 5950 5951 5952 5953 5954 5955 5956 5957 5958 5959 5960 5961 5962 5963 5964 5965 5966 5967 5968
o lod2_DEHHALKAJ0001053_roof
g roof
f 6013 6014 6015 6016
f 6017 6018 6019 6020
f 6050 6051 6052 6053 6054 6055 6056 6057 6058 6059 6060 6061 6062 6063
o lod2_DEHHALKAJ0001053_wall
g wall
f 6021 6022 6023 6024
f 6025 6026 6027 6028
f 6029 6030 6031 6032
f 6033 6034 6035 6036
f 6037 6038 6039
f 6064 6065 6066 6067 6068 6069
f 6070 6071 6072 6073 6074
f 6075 6076 6077 6078
f 6079 6080 6081 6082
f 6083 6084 6085 6086
f 6087 6088 6089 6090
f 6091 6092 6093 6094 6095 6096
f 6097 6098 6099 6100 6101 6102
o lod2_DEHHALKAJ0001053_ground
g ground
f 6040 6041 6042 6043 6044 6045 6046 6047 6048 6049
o lod2_DEHHALKAJ0000zvz_roof
g roof
f 6103 6104 6105 6106 6107
f 6108 6109 6110 6111 6112 6113 6114
o lod2_DEHHALKAJ0000zvz_wall
g wall
f 6115 6116 6117 6118
f 6119 6120 6121 6122
f 6123 6124 6125 6126
f 6127 6128 6129 6130
f 6131 6132 6133 6134
f 6135 6136 6137 6138 6139
f 6140 6141 6142 6143
f 6144 6145 6146 6147 6148
o lod2_DEHHALKAJ0000zvz_ground
g ground
f 6149 6150 6151 6152 6153 6154 6155 6156
o lod2_DEHHALKAJ0000zvd_wall
g wall
f 6157 6158 6159 6160
f 6161 6162 6163 6164
f 6165 6166 6167 6168
f 6169 6170 6171 6172
o lod2_DEHHALKAJ0000zvd_ground
g ground
f 6173 6174 6175 6176
o lod2_DEHHALKAJ0000zvd_roof
g roof
f 6177 6178 6179 6180
o lod2_DEHHALKAJ000103Q_roof
g roof
f 6181 6182 6183 6184 6185 6186 6187 6188 6189 6190 6191 6192 6193 6194 6195
f 6196 6197 6198 6199 6200
o lod2_DEHHALKAJ000103Q_wall
g wall
f 6201 6202 6203 6204
f 6205 6206 6207 6208
f 6209 6210 6211 6212
f 6213 6214 6215 6216
f 6217 6218 6219 6220
f 6221 6222 6223 6224
f 6225 6226 6227 6228
f 6229 6230 6231 6232
f 6233 6234 6235 6236
f 6237 6238 6239 6240
f 6241 6242 6243 6244
f 6245 6246 6247 6248
f 6249 6250 6251 6252
f 6253 6254 6255 6256
f 6257 6258 6259 6260 6261
f 6262 6263 6264 6265 6266
o lod2_DEHHALKAJ000103Q_ground
g ground
f 6267 6268 6269 6270 6271 6272 6273 6274 6275 6276 6277 6278 6279 6280 6281 6282
o lod2_DEHHALKAJ000105r_roof
g roof
f 6283 6284 6285 6286
f 6349 6350 6351 6352 6353 6354 6355 6356 6357 6358 6359 6360
o lod2_DEHHALKAJ000105r_wall
g wall
f 6287 6288 6289 6290
f 6291 6292 6293 6294
f 6295 6296 6297 6298
f 6299 6300 6301 6302
f 6303 6304 6305 6306
f 6307 6308 6309 6310
f 6311 6312 6313 6314
f 6315 6316 6317 6318
f 6331 6332 6333 6334 6335
f 6336 6337 6338 6339 6340
f 6341 6342 6343 6344
f 6345 6346 6347 6348
o lod2_DEHHALKAJ000105r_ground
g ground
f 6319 6320 6321 6322 6323 6324 6325 6326 6327 6328 6329 6330
o lod2_DEHHALKAJ0000zzG_wall
g wall
f 6361 6362 6363 6364
f 6365 6366 6367 6368
f 6369 6370 6371 6372
f 6373 6374 6375 6376
f 6377 6378 6379 6380
f 6381 6382 6383 6384
f 6385 6386 6387 6388
f 6389 6390 6391 6392
f 6393 6394 6395 6396
f 6397 6398 6399 6400
f 6401 6402 6403 6404
f 6405 6406 6407 6408
f 6409 6410 6411 6412
o lod2_DEHHALKAJ0000zzG_ground
g ground
f 6413 6414 6415 6416 6417 6418 6419 6420 6421 6422 6423 6424 6425
o lod2_DEHHALKAJ0000zzG_roof
g roof
f 6426 6427 6428 6429 6430 6431 6432 6433 6434 6435 6436 6437 6438
o lod2_DEHHALKAJ0000zQf_roof
g roof
f 6439 6440 6441 6442 6443 6444
f 6445 6446 6447 6448
o lod2_DEHHALKAJ0000zQf_wall
g wall
f 6449 6450 6451 6452
f 6453 6454 6455 6456
f 6457 6458 6459 6460
f 6461 6462 6463 6464
f 6465 6466 6467 6468 6469
f 6470 6471 6472 6473 6474
o lod2_DEHHALKAJ0000zQf_ground
g ground
f 6475 6476 6477 6478 6479 6480
o lod2_DEHHALKAJ0000zRv_roof
g roof
f 6481 6482 6483
f 6484 6485 6486
f 6487 6488 6489 6490 6491
f 6492 6493 6494 6495
f 6496 6497 6498 6499
f 6603 6604 6605 6606 6607 6608 6609 6610 6611 6612 6613 6614 6615 6616 6617 6618 6619
f 6659 6660 6661 6662 6663 6664 6665 6666 6667 6668 6669 6670 6671 6672 6673 6674 6675 6676 6677 6678 6679 6680 6681 6682 6683 6684 6685
f 6781 6782 6783 6784 6785 6786 6787 6788
f 6789 6790 6791 6792
o lod2_DEHHALKAJ0000zRv_wall
g wall
f 6500 6501 6502 6503
f 6504 6505 6506 6507
f 6508 6509 6510 6511
f 6512 6513 6514 6515
f 6516 6517 6518 6519
f 6520 6521 6522
f 6523 6524 6525 6526
f 6527 6528 6529 6530
f 6531 6532 6533 6534 6535
f 6536 6537 6538 6539
f 6540 6541 6542 6543
f 6544 6545 6546
f 6547 6548 6549 6550
f 6551 6552 6553 6554
f 6555 6556 6557 6558
f 6559 6560 6561 6562
f 6563 6564 6565 6566
f 6567 6568 6569 6570
f 6571 6572 6573 6574
f 6575 6576 6577 6578
f 6579 6580 6581 6582
f 6583 6584 6585 6586
f 6587 6588 6589 6590
f 6591 6592 6593 6594
f 6595 6596 6597 6598
f 6599 6600 6601 6602
f 6651 6652 6653 6654 6655 6656 6657 6658
f 6686 6687 6688 6689 6690 6691 6692 6693 6694 6695
f 6696 6697 6698 6699
f 6700 6701 6702 6703
f 6704 6705 6706 6707 6708 6709 6710 6711
f 6712 6713 6714 6715 6716 6717 6718 6719
f 6720 6721 6722 6723
f 6724 6725 6726 6727
f 6728 6729 6730 6731
f 6732 6733 6734 6735
f 6736 6737 6738 6739 6740 6741
f 6742 6743 6744 6745
f 6746 6747 6748 6749
f 6750 6751 6752 6753
f 6754 6755 6756 6757 6758
f 6759 6760 6761 6762
f 6763 6764 6765 6766
f 6767 6768 6769 6770 6771 6772
f 6773 6774 6775 6776
f 6777 6778 6779 6780
o lod2_DEHHALKAJ0000zRv_ground
g ground
f 6620 6621 6622 6623 6624 6625 6626 6627 6628 6629 6630 6631 6632 6633 6634 6635 6636 6637 6638 6639 6640 6641 6642 6643 6644 6645 6646 6647 6648 6649 6650
o lod2_DEHHALKAJ0005A5S_wall
g wall
f 6793 6794 6795 6796
f 6797 6798 6799 6800
f 6801 6802 6803 6804
f 6805 6806 6807 6808
o lod2_DEHHALKAJ0005A5S_ground
g ground
f 6809 6810 6811 6812
o lod2_DEHHALKAJ0005A5S_roof
g roof
f 6813 6814 6815 6816
o lod2_DEHHALKA3pt00000_wall
g wall
f 6817 6818 6819 6820
f 6821 6822 6823 6824
f 6825 6826 6827 6828
f 6829 6830 6831 6832
f 6833 6834 6835 6836
f 6837 6838 6839 6840
f 6841 6842 6843 6844
f 6845 6846 6847 6848
f 6849 6850 6851 6852
f 6853 6854 6855 6856
f 6857 6858 6859 6860
f 6861 6862 6863 6864
o lod2_DEHHALKA3pt00000_ground
g ground
f 6865 6866 6867 6868 6869 6870 6871 6872 6873 6874 6875 6876
o lod2_DEHHALKA3pt00000_roof
g roof
f 6877 6878 6879 6880 6881 6882 6883 6884 6885 6886 6887 6888
o lod2_DEHHALKAJ000100f_roof
g roof
f 6889 6890 6891 6892 6893
o lod2_DEHHALKAJ000100f_ground
g ground
f 6894 6895 6896 6897 6898
o lod2_DEHHALKAJ000100f_wall
g wall
f 6899 6900 6901 6902
f 6903 6904 6905 6906
f 6907 6908 6909 6910
f 6911 6912 6913 6914
f 6915 6916 6917 6918
o lod2_DEHHALKAJ0000zLZ_wall
g wall
f 6919 6920 6921 6922
f 6923 6924 6925 6926
f 6927 6928 6929 6930
f 6931 6932 6933 6934
f 6951 6952 6953 6954
f 6955 6956 6957 6958
f 6959 6960 6961 6962
f 6963 6964 6965 6966
o lod2_DEHHALKAJ0000zLZ_roof
g roof
f 6935 6936 6937 6938 6939 6940 6941 6942
o lod2_DEHHALKAJ0000zLZ_ground
g ground
f 6943 6944 6945 6946 6947 6948 6949 6950
o lod2_DEHHALKAJ0000ztk_roof
g roof
f 6967 6968 6969 6970 6971 6972 6973 6974
o lod2_DEHHALKAJ0000ztk_ground
g ground
f 6975 6976 6977 6978 6979 6980 6981 6982
o lod2_DEHHALKAJ0000ztk_wall
g wall
f 6983 6984 6985 6986
f 6987 6988 6989 6990
f 6991 6992 6993 6994
f 6995 6996 6997 6998
f 6999 7000 7001 7002
f 7003 7004 7005 7006
f 7007 7008 7009 7010
f 7011 7012 7013 7014
o lod2_DEHHALKAJ0000zr4_roof
g roof
f 7015 7016 7017 7018 7019 7020 7021
f 7059 7060 7061 7062
o lod2_DEHHALKAJ0000zr4_wall
g wall
f 7022 7023 7024 7025
f 7026 7027 7028 7029
f 7030 7031 7032 7033
f 7034 7035 7036 7037
f 7045 7046 7047 7048 7049
f 7050 7051 7052 7053 7054
f 7055 7056 7057 7058
o lod2_DEHHALKAJ0000zr4_ground
g ground
f 7038 7039 7040 7041 7042 7043 7044
o lod2_DEHHALKAJ0000zvj_wall
g wall
f 7063 7064 7065 7066
f 7067 7068 7069 7070
f 7071 7072 7073 7074
f 7075 7076 7077 7078
f 7079 7080 7081 7082
o lod2_DEHHALKAJ0000zvj_ground
g ground
f 7083 7084 7085 7086 7087
o lod2_DEHHALKAJ0000zvj_roof
g roof
f 7088 7089 7090 7091 7092
o lod2_DEHHALKAJ000102r_roof
g roof
f 7093 7094 7095 7096 7097
f 7098 7099 7100
f 7101 7102 7103 7104 7105 7106 7107 7108
f 7109 7110 7111 7112 7113 7114 7115
o lod2_DEHHALKAJ000102r_wall
g wall
f 7116 7117 7118 7119
f 7120 7121 7122
f 7123 7124 7125 7126
f 7127 7128 7129 7130
f 7131 7132 7133 7134
f 7135 7136 7137 7138
f 7139 7140 7141
f 7151 7152 7153 7154 7155 7156
f 7157 7158 7159 7160 7161 7162 7163
f 7164 7165 7166 7167 7168 7169
f 7170 7171 7172 7173 7174 7175
f 7176 7177 7178 7179 7180
o lod2_DEHHALKAJ000102r_ground
g ground
f 7142 7143 7144 7145 7146 7147 7148 7149 7150
o lod2_DEHHALKAJ0000zyO_wall
g wall
f 7181 7182 7183 7184
f 7185 7186 7187 7188
f 7189 7190 7191 7192
f 7193 7194 7195 7196
f 7197 7198 7199 7200
o lod2_DEHHALKAJ0000zyO_ground
g ground
f 7201 7202 7203 7204 7205
o lod2_DEHHALKAJ0000zyO_roof
g roof
f 7206 7207 7208 7209 7210
o lod2_DEHHALKAJ0000zLk_ground
g ground
f 7211 7212 7213 7214 7215 7216 7217 7218 7219 7220
o lod2_DEHHALKAJ0000zLk_roof
g roof
f 7221 7222 7223 7224 7225 7226 7227 7228 7229 7230
o lod2_DEHHALKAJ0000zLk_wall
g wall
f 7231 7232 7233 7234
f 7235 7236 7237 7238
f 7239 7240 7241 7242
f 7243 7244 7245 7246
f 7247 7248 7249 7250
f 7251 7252 7253 7254
f 7255 7256 7257 7258
f 7259 7260 7261 7262
f 7263 7264 7265 7266
f 7267 7268 7269 7270
o lod2_DEHHALKAJ0000zXQ_roof
g roof
f 7271 7272 7273 7274
o lod2_DEHHALKAJ0000zXQ_ground
g ground
f 7275 7276 7277 7278
o lod2_DEHHALKAJ0000zXQ_wall
g wall
f 7279 7280 7281 7282
f 7283 7284 7285 7286
f 7287 7288 7289 7290
f 7291 7292 7293 7294
o lod2_DEHHALKAJ0000zQJ_roof
g roof
f 7295 7296 7297 7298 7299
f 7300 7301 7302 7303
o lod2_DEHHALKAJ0000zQJ_wall
g wall
f 7304 7305 7306 7307
f 7308 7309 7310 7311
f 7312 7313 7314 7315 7316
f 7317 7318 7319 7320 7321
f 7322 7323 7324 7325
o lod2_DEHHALKAJ0000zQJ_ground
g ground
f 7326 7327 7328 7329 7330
o lod2_DEHHALKA6390000w_roof
g roof
f 7331 7332 7333 7334
f 7335 7336 7337 7338 7339
f 7340 7341 7342 7343 7344
f 7345 7346 7347 7348
f 7349 7350 7351 7352
f 7411 7412 7413 7414 7415 7416 7417 7418 7419 7420 7421 7422 7423 7424 7425 7426 7427 7428
o lod2_DEHHALKA6390000w_wall
g wall
f 7353 7354 7355 7356
f 7357 7358 7359
f 7360 7361 7362
f 7363 7364 7365 7366
f 7367 7368 7369 7370
f 7371 7372 7373 7374
f 7375 7376 7377 7378
f 7379 7380 7381 7382
f 7383 7384 7385 7386
f 7387 7388 7389 7390
f 7407 7408 7409 7410
f 7429 7430 7431 7432 7433 7434 7435
f 7436 7437 7438 7439
f 7440 7441 7442 7443 7444 7445 7446
f 7447 7448 7449 7450 7451 7452 7453
f 7454 7455 7456 7457
f 7458 7459 7460 7461
f 7462 7463 7464 7465
f 7466 7467 7468 7469 7470 7471
f 7472 7473 7474
o lod2_DEHHALKA6390000w_ground
g ground
f 7391 7392 7393 7394 7395 7396 7397 7398 7399 7400 7401 7402 7403 7404 7405 7406
o lod2_DEHHALKAJ0000zCk_wall
g wall
f 7475 7476 7477 7478
f 7479 7480 7481 7482
f 7483 7484 7485 7486
f 7495 7496 7497 7498
f 7499 7500 7501 7502 7503 7504
f 7505 7506 7507 7508 7509 7510
f 7511 7512 7513 7514 7515
f 7516 7517 7518 7519 7520
f 7521 7522 7523 7524
o lod2_DEHHALKAJ0000zCk_ground
g ground
f 7487 7488 7489 7490 7491 7492 7493 7494
o lod2_DEHHALKAJ0000zCk_roof
g roof
f 7525 7526 7527 7528 7529
f 7530 7531 7532 7533 7534 7535 7536
f 7537 7538 7539 7540
o lod2_DEHHALKA13y000X0_roof
g roof
f 7541 7542 7543 7544 7545 7546 7547 7548 7549 7550 7551 7552 7553 7554 7555 7556 7557 7558 7559 7560 7561 7562 7563 7564 7565 7566 7567 7568 7569
f 7763 7764 7765 7766 7767 7768 7769 7770 7771 7772 7773 7774
o lod2_DEHHALKA13y000X0_wall
g wall
f 7570 7571 7572 7573
f 7574 7575 7576 7577
f 7578 7579 7580 7581
f 7582 7583 7584 7585
f 7586 7587 7588 7589
f 7590 7591 7592 7593
f 7594 7595 7596 7597
f 7598 7599 7600 7601
f 7602 7603 7604 7605
f 7606 7607 7608 7609
f 7610 7611 7612 7613
f 7614 7615 7616 7617
f 7618 7619 7620 7621
f 7622 7623 7624 7625
f 7626 7627 7628 7629
f 7630 7631 7632 7633
f 7634 7635 7636 7637
f 7638 7639 7640 7641
f 7642 7643 7644 7645
f 7646 7647 7648 7649
f 7650 7651 7652 7653
f 7654 7655 7656 7657
f 7658 7659 7660 7661
f 7662 7663 7664 7665
f 7666 7667 7668 7669
f 7670 7671 7672 7673
f 7674 7675 7676 7677
f 7678 7679 7680 7681
f 7682 7683 7684 7685
f 7686 7687 7688 7689
f 7690 7691 7692 7693
f 7731 7732 7733 7734
f 7735 7736 7737 7738
f 7739 7740 7741 7742
f 7743 7744 7745 7746
f 7747 7748 7749 7750
f 7751 7752 7753 7754 7755 7756
f 7757 7758 7759 7760 7761 7762
o lod2_DEHHALKA13y000X0_ground
g ground
f 7694 7695 7696 7697 7698 7699 7700 7701 7702 7703 7704 7705 7706 7707 7708 7709 7710 7711 7712 7713 7714 7715 7716 7717 7718 7719 7720 7721 7722 7723 7724 7725 7726 7727 7728 7729 7730
o lod2_DEHHALKAJ0000zyc_wall
g wall
f 7775 7776 7777 7778
f 7779 7780 7781 7782
f 7783 7784 7785 7786
f 7787 7788 7789 7790
f 7791 7792 7793 7794
f 7795 7796 7797 7798
f 7799 7800 7801 7802
f 7803 7804 7805 7806
f 7807 7808 7809 7810
f 7811 7812 7813 7814
f 7815 7816 7817 7818
f 7853 7854 7855 7856 7857 7858
f 7859 7860 7861 7862 7863 7864
f 7865 7866 7867 7868 7869 7870
f 7871 7872 7873 7874 7875 7876
f 7877 7878 7879 7880 7881 7882
f 7883 7884 7885 7886 7887 7888
f 7889 7890 7891 7892 7893 7894
f 7895 7896 7897 7898 7899 7900
f 7901 7902 7903 7904 7905 7906
o lod2_DEHHALKAJ0000zyc_ground
g ground
f 7819 7820 7821 7822 7823 7824 7825 7826 7827 7828 7829 7830 7831 7832 7833 7834 7835
o lod2_DEHHALKAJ0000zyc_roof
g roof
f 7836 7837 7838 7839 7840 7841 7842 7843 7844 7845 7846 7847 7848 7849 7850 7851 7852
o lod2_DEHHALKAJ000100n_wall
g wall
f 7907 7908 7909 7910
f 7911 7912 7913 7914
f 7915 7916 7917 7918
f 7919 7920 7921 7922
f 7923 7924 7925 7926
f 7927 7928 7929 7930
f 7931 7932 7933 7934
o lod2_DEHHALKAJ000100n_ground
g ground
f 7935 7936 7937 7938 7939 7940 7941
o lod2_DEHHALKAJ000100n_roof
g roof
f 7942 7943 7944 7945 7946 7947 7948
o lod2_DEHHALKA52l0000U_wall
g wall
f 7949 7950 7951 7952
f 7953 7954 7955 7956
f 7957 7958 7959 7960
f 7961 7962 7963 7964
f 7965 7966 7967 7968
f 7969 7970 7971 7972
f 7973 7974 7975 7976
f 7977 7978 7979 7980
f 7981 7982 7983 7984
f 7985 7986 7987 7988
f 7989 7990 7991 7992
f 7993 7994 7995 7996
f 7997 7998 7999 8000
f 8018 8019 8020 8021
f 8022 8023 8024 8025 8026 8027
f 8028 8029 8030 8031 8032 8033
f 8034 8035 8036 8037
f 8038 8039 8040 8041
o lod2_DEHHALKA52l0000U_ground
g ground
f 8001 8002 8003 8004 8005 8006 8007 8008 8009 8010 8011 8012 8013 8014 8015 8016 8017
o lod2_DEHHALKA52l0000U_roof
g roof
f 8042 8043 8044 8045 8046 8047
f 8048 8049 8050 8051 8052 8053 8054 8055 8056 8057 8058 8059 8060 8061 8062
o lod2_DEHHALKAJ0000zWy_roof
g roof
f 8063 8064 8065 8066 8067 8068 8069 8070 8071 8072
f 8073 8074 8075 8076
o lod2_DEHHALKAJ0000zWy_wall
g wall
f 8077 8078 8079 8080
f 8081 8082 8083 8084
f 8085 8086 8087 8088
f 8089 8090 8091 8092
f 8093 8094 8095 8096
f 8097 8098 8099 8100
f 8101 8102 8103 8104
f 8105 8106 8107 8108
f 8109 8110 8111 8112 8113
f 8114 8115 8116 8117 8118
o lod2_DEHHALKAJ0000zWy_ground
g ground
f 8119 8120 8121 8122 8123 8124 8125 8126 8127 8128
o lod2_DEHHALKAJ0000z7n_roof
g roof
f 8129 8130 8131 8132 8133 8134
f 8135 8136 8137 8138 8139 8140
f 8141 8142 8143
f 8144 8145 8146 8147
f 8148 8149 8150 8151 8152
f 8293 8294 8295 8296 8297 8298
f 8299 8300 8301 8302 8303 8304 8305 8306 8307 8308 8309 8310 8311 8312 8313 8314 8315 8316
o lod2_DEHHALKAJ0000z7n_wall
g wall
f 8153 8154 8155 8156
f 8157 8158 8159 8160
f 8161 8162 8163 8164
f 8165 8166 8167 8168
f 8169 8170 8171 8172
f 8173 8174 8175 8176
f 8177 8178 8179 8180
f 8181 8182 8183 8184
f 8185 8186 8187
f 8188 8189 8190
f 8191 8192 8193 8194
f 8195 8196 8197 8198
f 8199 8200 8201 8202
f 8203 8204 8205 8206
f 8207 8208 8209 8210
f 8211 8212 8213 8214
f 8215 8216 8217 8218
f 8219 8220 8221 8222 8223 8224 8225 8226 8227
f 8251 8252 8253 8254 8255
f 8256 8257 8258
f 8259 8260 8261 8262 8263 8264
f 8265 8266 8267 8268
f 8269 8270 8271 8272
f 8273 8274 8275 8276
f 8277 8278 8279 8280
f 8281 8282 8283 8284 8285 8286
f 8287 8288 8289 8290 8291 8292
o lod2_DEHHALKAJ0000z7n_ground
g ground
f 8228 8229 8230 8231 8232 8233 8234 8235 8236 8237 8238 8239 8240 8241 8242 8243 8244 8245 8246 8247 8248 8249 8250
o lod2_DEHHALKAJ000102j_roof
g roof
f 8317 8318 8319 8320
f 8321 8322 8323 8324 8325
o lod2_DEHHALKAJ000102j_wall
g wall
f 8326 8327 8328 8329
f 8330 8331 8332 8333
f 8334 8335 8336 8337
f 8338 8339 8340 8341 8342
f 8343 8344 8345 8346 8347
o lod2_DEHHALKAJ000102j_ground
g ground
f 8348 8349 8350 8351 8352
o lod2_DEHHALKAJ0000zyo_roof
g roof
f 8353 8354 8355 8356 8357 8358
f 8359 8360 8361 8362 8363 8364
f 8365 8366 8367 8368
o lod2_DEHHALKAJ0000zyo_wall
g wall
f 8369 8370 8371 8372
f 8373 8374 8375 8376
f 8377 8378 8379 8380
f 8381 8382 8383 8384
f 8385 8386 8387 8388
f 8389 8390 8391 8392
f 8401 8402 8403 8404 8405 8406
f 8407 8408 8409 8410 8411 8412
f 8413 8414 8415 8416 8417 8418
f 8419 8420 8421 8422 8423 8424
o lod2_DEHHALKAJ0000zyo_ground
g ground
f 8393 8394 8395 8396 8397 8398 8399 8400
o lod2_DEHHALKA3pt00003_wall
g wall
f 8425 8426 8427 8428
f 8429 8430 8431 8432
f 8433 8434 8435 8436
f 8437 8438 8439 8440
f 8441 8442 8443 8444
f 8465 8466 8467 8468
f 8469 8470 8471 8472
f 8473 8474 8475 8476
f 8477 8478 8479 8480
f 8481 8482 8483 8484
o lod2_DEHHALKA3pt00003_roof
g roof
f 8445 8446 8447 8448 8449 8450 8451 8452 8453 8454
o lod2_DEHHALKA3pt00003_ground
g ground
f 8455 8456 8457 8458 8459 8460 8461 8462 8463 8464
o lod2_DEHHALKAJ0000zMv_roof
g roof
f 8485 8486 8487 8488
f 8526 8527 8528 8529 8530 8531 8532
o lod2_DEHHALKAJ0000zMv_wall
g wall
f 8489 8490 8491 8492
f 8493 8494 8495 8496
f 8497 8498 8499 8500
f 8508 8509 8510 8511
f 8512 8513 8514 8515
f 8516 8517 8518 8519 8520
f 8521 8522 8523 8524 8525
o lod2_DEHHALKAJ0000zMv_ground
g ground
f 8501 8502 8503 8504 8505 8506 8507
o lod2_DEHHALKAJ0000zC5_wall
g wall
f 8533 8534 8535 8536
f 8537 8538 8539 8540
f 8541 8542 8543 8544
f 8545 8546 8547 8548
f 8567 8568 8569 8570
f 8571 8572 8573 8574
f 8575 8576 8577 8578
f 8579 8580 8581 8582
f 8583 8584 8585 8586
o lod2_DEHHALKAJ0000zC5_roof
g roof
f 8549 8550 8551 8552 8553 8554 8555 8556 8557
o lod2_DEHHALKAJ0000zC5_ground
g ground
f 8558 8559 8560 8561 8562 8563 8564 8565 8566
