# Official Berlin LoD2 subset around Hansaplatz
# Source: https://gdi.berlin.de/data/a_lod2/atom/0.atom
# License: dl-de-zero-2.0
# Origin WGS84: 52.5178, 13.34216
# Origin EPSG:25833: 387510.248, 5819923.539
# Base height: 33.194
v 97.9101 3.4160 -40.5223
v 98.4081 3.4160 -40.5723
v 98.1471 3.4160 -43.1593
v 96.2571 3.4160 -42.9703
v 96.5171 3.4160 -40.3833
v 98.1471 3.4160 -43.1593
v 98.4081 3.4160 -40.5723
v 98.4081 1.0530 -40.5723
v 98.1471 1.0530 -43.1593
v 96.5171 1.0530 -40.3833
v 96.2571 1.0530 -42.9703
v 98.1471 1.0530 -43.1593
v 98.4081 1.0530 -40.5723
v 97.9101 1.0530 -40.5223
v 97.9101 3.4160 -40.5223
v 96.5171 3.4160 -40.3833
v 96.5171 1.0530 -40.3833
v 97.9101 1.0530 -40.5223
v 96.2571 3.4160 -42.9703
v 98.1471 3.4160 -43.1593
v 98.1471 1.0530 -43.1593
v 96.2571 1.0530 -42.9703
v 96.5171 3.4160 -40.3833
v 96.2571 3.4160 -42.9703
v 96.2571 1.0530 -42.9703
v 96.5171 1.0530 -40.3833
v 98.4081 3.4160 -40.5723
v 97.9101 3.4160 -40.5223
v 97.9101 1.0530 -40.5223
v 98.4081 1.0530 -40.5723
v -5.3889 8.7900 58.9237
v -4.0659 8.8070 58.8247
v -4.0659 4.5800 58.8247
v -4.0659 1.2320 58.8247
v -5.3889 1.2320 58.9237
v -4.0659 8.8070 58.8247
v -5.3889 8.7900 58.9237
v -4.6909 15.7630 65.6647
v -3.4349 15.7630 65.5547
v -3.9759 13.1660 72.5677
v -2.7889 13.1730 72.4467
v -3.4349 15.7630 65.5547
v -4.6909 15.7630 65.6647
v -2.7889 13.1730 72.4467
v -4.0659 8.8070 58.8247
v -3.4349 15.7630 65.5547
v -3.9759 13.1660 72.5677
v -5.3889 8.7900 58.9237
v -5.3889 1.2320 58.9237
v -3.9759 1.2320 72.5677
v -2.7889 4.5800 72.4467
v -4.0659 4.5800 58.8247
v -4.0659 8.8070 58.8247
v -2.7889 13.1730 72.4467
v -5.3889 8.7900 58.9237
v -3.9759 13.1660 72.5677
v -4.6909 15.7630 65.6647
v -2.7889 13.1730 72.4467
v -3.9759 13.1660 72.5677
v -3.9759 1.2320 72.5677
v -2.7889 1.2320 72.4467
v -2.7889 4.5800 72.4467
v -2.7889 1.2320 72.4467
v -3.9759 1.2320 72.5677
v -5.3889 1.2320 58.9237
v -4.0659 1.2320 58.8247
v -2.7889 4.5800 72.4467
v -2.7889 1.2320 72.4467
v -4.0659 1.2320 58.8247
v -4.0659 4.5800 58.8247
v -3.3699 4.5800 48.5217
v 3.1571 4.5800 47.8587
v 3.1571 1.2320 47.8587
v -3.3699 1.2320 48.5217
v -2.7889 1.2320 72.4467
v -4.0659 1.2320 58.8247
v -4.7689 1.2320 51.3257
v -5.2009 1.2320 51.3987
v -5.4639 1.2320 48.7337
v -3.3699 1.2320 48.5217
v 3.1571 1.2320 47.8587
v 3.6051 1.2320 47.8137
v 6.0431 1.2320 71.5477
v -5.2009 4.5800 51.3987
v -5.4639 4.5800 48.7337
v -5.4639 1.2320 48.7337
v -5.2009 1.2320 51.3987
v 3.6051 4.5800 47.8137
v 6.0431 4.5800 71.5477
v 6.0431 1.2320 71.5477
v 3.6051 1.2320 47.8137
v 6.0431 4.5800 71.5477
v 3.6051 4.5800 47.8137
v 3.1571 4.5800 47.8587
v -3.3699 4.5800 48.5217
v -5.4639 4.5800 48.7337
v -5.2009 4.5800 51.3987
v -4.7689 4.5800 51.3257
v -4.0659 4.5800 58.8247
v -2.7889 4.5800 72.4467
v -5.4639 4.5800 48.7337
v -3.3699 4.5800 48.5217
v -3.3699 1.2320 48.5217
v -5.4639 1.2320 48.7337
v 3.1571 4.5800 47.8587
v 3.6051 4.5800 47.8137
v 3.6051 1.2320 47.8137
v 3.1571 1.2320 47.8587
v 6.0431 4.5800 71.5477
v -2.7889 4.5800 72.4467
v -2.7889 1.2320 72.4467
v 6.0431 1.2320 71.5477
v -4.7689 4.5800 51.3257
v -5.2009 4.5800 51.3987
v -5.2009 1.2320 51.3987
v -4.7689 1.2320 51.3257
v -4.0659 4.5800 58.8247
v -4.7689 4.5800 51.3257
v -4.7689 1.2320 51.3257
v -4.0659 1.2320 58.8247
v -4.0659 1.2320 58.8247
v -2.7889 1.2320 72.4467
v -2.7889 4.5800 72.4467
v -4.0659 4.5800 58.8247
v -5.3889 8.7900 58.9237
v -4.0659 8.8070 58.8247
v -4.0659 4.5800 58.8247
v -4.0659 1.2320 58.8247
v -5.3889 1.2320 58.9237
v -4.0659 8.8070 58.8247
v -5.3889 8.7900 58.9237
v -4.6909 15.7630 65.6647
v -3.4349 15.7630 65.5547
v -3.9759 13.1660 72.5677
v -2.7889 13.1730 72.4467
v -3.4349 15.7630 65.5547
v -4.6909 15.7630 65.6647
v -2.7889 13.1730 72.4467
v -4.0659 8.8070 58.8247
v -3.4349 15.7630 65.5547
v -3.9759 13.1660 72.5677
v -5.3889 8.7900 58.9237
v -5.3889 1.2320 58.9237
v -3.9759 1.2320 72.5677
v -2.7889 4.5800 72.4467
v -4.0659 4.5800 58.8247
v -4.0659 8.8070 58.8247
v -2.7889 13.1730 72.4467
v -5.3889 8.7900 58.9237
v -3.9759 13.1660 72.5677
v -4.6909 15.7630 65.6647
v -2.7889 13.1730 72.4467
v -3.9759 13.1660 72.5677
v -3.9759 1.2320 72.5677
v -2.7889 1.2320 72.4467
v -2.7889 4.5800 72.4467
v -2.7889 1.2320 72.4467
v -3.9759 1.2320 72.5677
v -5.3889 1.2320 58.9237
v -4.0659 1.2320 58.8247
v -2.7889 4.5800 72.4467
v -2.7889 1.2320 72.4467
v -4.0659 1.2320 58.8247
v -4.0659 4.5800 58.8247
v -3.3699 4.5800 48.5217
v 3.1571 4.5800 47.8587
v 3.1571 1.2320 47.8587
v -3.3699 1.2320 48.5217
v -2.7889 1.2320 72.4467
v -4.0659 1.2320 58.8247
v -4.7689 1.2320 51.3257
v -5.2009 1.2320 51.3987
v -5.4639 1.2320 48.7337
v -3.3699 1.2320 48.5217
v 3.1571 1.2320 47.8587
v 3.6051 1.2320 47.8137
v 6.0431 1.2320 71.5477
v -5.2009 4.5800 51.3987
v -5.4639 4.5800 48.7337
v -5.4639 1.2320 48.7337
v -5.2009 1.2320 51.3987
v 3.6051 4.5800 47.8137
v 6.0431 4.5800 71.5477
v 6.0431 1.2320 71.5477
v 3.6051 1.2320 47.8137
v 6.0431 4.5800 71.5477
v 3.6051 4.5800 47.8137
v 3.1571 4.5800 47.8587
v -3.3699 4.5800 48.5217
v -5.4639 4.5800 48.7337
v -5.2009 4.5800 51.3987
v -4.7689 4.5800 51.3257
v -4.0659 4.5800 58.8247
v -2.7889 4.5800 72.4467
v -5.4639 4.5800 48.7337
v -3.3699 4.5800 48.5217
v -3.3699 1.2320 48.5217
v -5.4639 1.2320 48.7337
v 3.1571 4.5800 47.8587
v 3.6051 4.5800 47.8137
v 3.6051 1.2320 47.8137
v 3.1571 1.2320 47.8587
v 6.0431 4.5800 71.5477
v -2.7889 4.5800 72.4467
v -2.7889 1.2320 72.4467
v 6.0431 1.2320 71.5477
v -4.7689 4.5800 51.3257
v -5.2009 4.5800 51.3987
v -5.2009 1.2320 51.3987
v -4.7689 1.2320 51.3257
v -4.0659 4.5800 58.8247
v -4.7689 4.5800 51.3257
v -4.7689 1.2320 51.3257
v -4.0659 1.2320 58.8247
v -4.0659 1.2320 58.8247
v -2.7889 1.2320 72.4467
v -2.7889 4.5800 72.4467
v -4.0659 4.5800 58.8247
v -29.5439 27.0950 91.9267
v -29.3029 27.0950 94.5017
v -29.3029 0.4720 94.5017
v -29.5439 0.4720 91.9267
v -14.5349 27.0950 119.3677
v -18.9149 27.0950 119.7837
v -18.9149 0.4720 119.7837
v -14.5349 0.4720 119.3677
v -28.7679 27.0950 100.2197
v -24.6719 27.0950 99.8647
v -24.6719 0.4720 99.8647
v -28.7679 0.4720 100.2197
v -15.7499 27.0950 106.5857
v -15.4159 27.0950 110.1057
v -15.4159 0.4720 110.1057
v -15.7499 0.4720 106.5857
v -28.6539 27.0950 65.2057
v -27.8509 27.0950 68.7147
v -27.8509 0.4720 68.7147
v -28.6539 0.4720 65.2057
v -37.3179 27.0950 62.5807
v -29.0509 27.0950 60.7827
v -29.0509 0.4720 60.7827
v -37.3179 0.4720 62.5807
v -43.3779 27.0950 80.6527
v -44.1869 27.0950 77.1447
v -44.1869 0.4720 77.1447
v -43.3779 0.4720 80.6527
v -27.1089 27.0950 80.4777
v -29.2769 27.0950 80.9447
v -29.2769 0.4720 80.9447
v -27.1089 0.4720 80.4777
v -37.3029 27.0950 107.2577
v -36.0149 27.0950 120.8067
v -31.6349 27.0950 120.3907
v -31.6919 27.0950 119.7927
v -28.1079 27.0950 119.4527
v -25.3599 27.0950 119.1917
v -25.3039 27.0950 119.7887
v -22.5559 27.0950 119.5277
v -18.9719 27.0950 119.1867
v -18.9149 27.0950 119.7837
v -14.5349 27.0950 119.3677
v -14.9679 27.0950 114.8127
v -15.4159 27.0950 110.1057
v -15.7499 27.0950 106.5857
v -16.0909 27.0950 103.0017
v -15.4939 27.0950 102.9447
v -15.9099 27.0950 98.5647
v -24.7159 27.0950 99.3597
v -24.6719 27.0950 99.8647
v -28.7679 27.0950 100.2197
v -29.1069 27.0950 96.5967
v -29.1939 27.0950 95.6717
v -29.3029 27.0950 94.5017
v -29.5439 27.0950 91.9267
v -29.7469 27.0950 91.1867
v -30.3049 27.0950 88.3827
v -31.3399 27.0950 83.9267
v -28.7969 27.0950 83.4367
v -29.2769 27.0950 80.9447
v -27.1089 27.0950 80.4777
v -25.2489 27.0950 80.0777
v -27.8509 27.0950 68.7147
v -28.6539 27.0950 65.2057
v -28.0689 27.0950 65.0717
v -29.0509 27.0950 60.7827
v -37.3179 27.0950 62.5807
v -36.9309 27.0950 64.3597
v -37.4699 27.0950 64.4767
v -42.9529 27.0950 65.6707
v -47.6299 27.0950 66.6887
v -46.7479 27.0950 70.9997
v -46.1599 27.0950 70.8787
v -45.4339 27.0950 74.4047
v -44.7709 27.0950 77.2797
v -44.1869 27.0950 77.1447
v -43.3779 27.0950 80.6527
v -42.5119 27.0950 84.4117
v -42.0129 27.0950 86.5757
v -41.4289 27.0950 86.4407
v -40.6199 27.0950 89.9487
v -39.8119 27.0950 93.4567
v -39.6019 27.0950 95.6877
v -39.4739 27.0950 97.0407
v -38.8769 27.0950 96.9847
v -38.5389 27.0950 100.5687
v -38.2409 27.0950 103.7307
v -37.6439 27.0950 103.6737
v -38.5389 27.0950 100.5687
v -38.8769 27.0950 96.9847
v -38.8769 0.4720 96.9847
v -38.5389 0.4720 100.5687
v -31.6919 27.0950 119.7927
v -31.6349 27.0950 120.3907
v -31.6349 0.4720 120.3907
v -31.6919 0.4720 119.7927
v -15.4939 27.0950 102.9447
v -16.0909 27.0950 103.0017
v -16.0909 0.4720 103.0017
v -15.4939 0.4720 102.9447
v -16.0909 27.0950 103.0017
v -15.7499 27.0950 106.5857
v -15.7499 0.4720 106.5857
v -16.0909 0.4720 103.0017
v -46.7479 27.0950 70.9997
v -47.6299 27.0950 66.6887
v -47.6299 0.4720 66.6887
v -46.7479 0.4720 70.9997
v -15.4159 27.0950 110.1057
v -14.9679 27.0950 114.8127
v -14.9679 0.4720 114.8127
v -15.4159 0.4720 110.1057
v -39.6019 27.0950 95.6877
v -39.8119 27.0950 93.4567
v -39.8119 0.4720 93.4567
v -39.6019 0.4720 95.6877
v -29.0509 27.0950 60.7827
v -28.0689 27.0950 65.0717
v -28.0689 0.4720 65.0717
v -29.0509 0.4720 60.7827
v -25.3599 27.0950 119.1917
v -28.1079 27.0950 119.4527
v -28.1079 0.4720 119.4527
v -25.3599 0.4720 119.1917
v -40.6199 27.0950 89.9487
v -41.4289 27.0950 86.4407
v -41.4289 0.4720 86.4407
v -40.6199 0.4720 89.9487
v -29.7469 27.0950 91.1867
v -29.5439 27.0950 91.9267
v -29.5439 0.4720 91.9267
v -29.7469 0.4720 91.1867
v -25.2489 27.0950 80.0777
v -27.1089 27.0950 80.4777
v -27.1089 0.4720 80.4777
v -25.2489 0.4720 80.0777
v -31.6349 27.0950 120.3907
v -36.0149 27.0950 120.8067
v -36.0149 0.4720 120.8067
v -31.6349 0.4720 120.3907
v -37.6439 0.4720 103.6737
v -38.2409 0.4720 103.7307
v -38.5389 0.4720 100.5687
v -38.8769 0.4720 96.9847
v -39.4739 0.4720 97.0407
v -39.6019 0.4720 95.6877
v -39.8119 0.4720 93.4567
v -40.6199 0.4720 89.9487
v -41.4289 0.4720 86.4407
v -42.0129 0.4720 86.5757
v -42.5119 0.4720 84.4117
v -43.3779 0.4720 80.6527
v -44.1869 0.4720 77.1447
v -44.7709 0.4720 77.2797
v -45.4339 0.4720 74.4047
v -46.1599 0.4720 70.8787
v -46.7479 0.4720 70.9997
v -47.6299 0.4720 66.6887
v -42.9529 0.4720 65.6707
v -37.4699 0.4720 64.4767
v -36.9309 0.4720 64.3597
v -37.3179 0.4720 62.5807
v -29.0509 0.4720 60.7827
v -28.0689 0.4720 65.0717
v -28.6539 0.4720 65.2057
v -27.8509 0.4720 68.7147
v -25.2489 0.4720 80.0777
v -27.1089 0.4720 80.4777
v -29.2769 0.4720 80.9447
v -28.7969 0.4720 83.4367
v -31.3399 0.4720 83.9267
v -30.3049 0.4720 88.3827
v -29.7469 0.4720 91.1867
v -29.5439 0.4720 91.9267
v -29.3029 0.4720 94.5017
v -29.1939 0.4720 95.6717
v -29.1069 0.4720 96.5967
v -28.7679 0.4720 100.2197
v -24.6719 0.4720 99.8647
v -24.7159 0.4720 99.3597
v -15.9099 0.4720 98.5647
v -15.4939 0.4720 102.9447
v -16.0909 0.4720 103.0017
v -15.7499 0.4720 106.5857
v -15.4159 0.4720 110.1057
v -14.9679 0.4720 114.8127
v -14.5349 0.4720 119.3677
v -18.9149 0.4720 119.7837
v -18.9719 0.4720 119.1867
v -22.5559 0.4720 119.5277
v -25.3039 0.4720 119.7887
v -25.3599 0.4720 119.1917
v -28.1079 0.4720 119.4527
v -31.6919 0.4720 119.7927
v -31.6349 0.4720 120.3907
v -36.0149 0.4720 120.8067
v -37.3029 0.4720 107.2577
v -39.4739 27.0950 97.0407
v -39.6019 27.0950 95.6877
v -39.6019 0.4720 95.6877
v -39.4739 0.4720 97.0407
v -15.9099 27.0950 98.5647
v -15.4939 27.0950 102.9447
v -15.4939 0.4720 102.9447
v -15.9099 0.4720 98.5647
v -24.6719 27.0950 99.8647
v -24.7159 27.0950 99.3597
v -24.7159 0.4720 99.3597
v -24.6719 0.4720 99.8647
v -30.3049 27.0950 88.3827
v -29.7469 27.0950 91.1867
v -29.7469 0.4720 91.1867
v -30.3049 0.4720 88.3827
v -28.7969 27.0950 83.4367
v -31.3399 27.0950 83.9267
v -31.3399 0.4720 83.9267
v -28.7969 0.4720 83.4367
v -47.6299 27.0950 66.6887
v -42.9529 27.0950 65.6707
v -42.9529 0.4720 65.6707
v -47.6299 0.4720 66.6887
v -42.0129 27.0950 86.5757
v -42.5119 27.0950 84.4117
v -42.5119 0.4720 84.4117
v -42.0129 0.4720 86.5757
v -37.6439 27.0950 103.6737
v -38.2409 27.0950 103.7307
v -38.2409 0.4720 103.7307
v -37.6439 0.4720 103.6737
v -37.4699 27.0950 64.4767
v -36.9309 27.0950 64.3597
v -36.9309 0.4720 64.3597
v -37.4699 0.4720 64.4767
v -28.1079 27.0950 119.4527
v -31.6919 27.0950 119.7927
v -31.6919 0.4720 119.7927
v -28.1079 0.4720 119.4527
v -24.7159 27.0950 99.3597
v -15.9099 27.0950 98.5647
v -15.9099 0.4720 98.5647
v -24.7159 0.4720 99.3597
v -18.9719 27.0950 119.1867
v -22.5559 27.0950 119.5277
v -22.5559 0.4720 119.5277
v -18.9719 0.4720 119.1867
v -31.3399 27.0950 83.9267
v -30.3049 27.0950 88.3827
v -30.3049 0.4720 88.3827
v -31.3399 0.4720 83.9267
v -29.2769 27.0950 80.9447
v -28.7969 27.0950 83.4367
v -28.7969 0.4720 83.4367
v -29.2769 0.4720 80.9447
v -36.0149 27.0950 120.8067
v -37.3029 27.0950 107.2577
v -37.3029 0.4720 107.2577
v -36.0149 0.4720 120.8067
v -38.8769 27.0950 96.9847
v -39.4739 27.0950 97.0407
v -39.4739 0.4720 97.0407
v -38.8769 0.4720 96.9847
v -14.9679 27.0950 114.8127
v -14.5349 27.0950 119.3677
v -14.5349 0.4720 119.3677
v -14.9679 0.4720 114.8127
v -22.5559 27.0950 119.5277
v -25.3039 27.0950 119.7887
v -25.3039 0.4720 119.7887
v -22.5559 0.4720 119.5277
v -46.1599 27.0950 70.8787
v -46.7479 27.0950 70.9997
v -46.7479 0.4720 70.9997
v -46.1599 0.4720 70.8787
v -29.1939 27.0950 95.6717
v -29.1069 27.0950 96.5967
v -29.1069 0.4720 96.5967
v -29.1939 0.4720 95.6717
v -41.4289 27.0950 86.4407
v -42.0129 27.0950 86.5757
v -42.0129 0.4720 86.5757
v -41.4289 0.4720 86.4407
v -28.0689 27.0950 65.0717
v -28.6539 27.0950 65.2057
v -28.6539 0.4720 65.2057
v -28.0689 0.4720 65.0717
v -27.8509 27.0950 68.7147
v -25.2489 27.0950 80.0777
v -25.2489 0.4720 80.0777
v -27.8509 0.4720 68.7147
v -39.8119 27.0950 93.4567
v -40.6199 27.0950 89.9487
v -40.6199 0.4720 89.9487
v -39.8119 0.4720 93.4567
v -29.3029 27.0950 94.5017
v -29.1939 27.0950 95.6717
v -29.1939 0.4720 95.6717
v -29.3029 0.4720 94.5017
v -44.7709 27.0950 77.2797
v -45.4339 27.0950 74.4047
v -45.4339 0.4720 74.4047
v -44.7709 0.4720 77.2797
v -25.3039 27.0950 119.7887
v -25.3599 27.0950 119.1917
v -25.3599 0.4720 119.1917
v -25.3039 0.4720 119.7887
v -29.1069 27.0950 96.5967
v -28.7679 27.0950 100.2197
v -28.7679 0.4720 100.2197
v -29.1069 0.4720 96.5967
v -45.4339 27.0950 74.4047
v -46.1599 27.0950 70.8787
v -46.1599 0.4720 70.8787
v -45.4339 0.4720 74.4047
v -18.9149 27.0950 119.7837
v -18.9719 27.0950 119.1867
v -18.9719 0.4720 119.1867
v -18.9149 0.4720 119.7837
v -42.5119 27.0950 84.4117
v -43.3779 27.0950 80.6527
v -43.3779 0.4720 80.6527
v -42.5119 0.4720 84.4117
v -38.2409 27.0950 103.7307
v -38.5389 27.0950 100.5687
v -38.5389 0.4720 100.5687
v -38.2409 0.4720 103.7307
v -44.1869 27.0950 77.1447
v -44.7709 27.0950 77.2797
v -44.7709 0.4720 77.2797
v -44.1869 0.4720 77.1447
v -36.9309 27.0950 64.3597
v -37.3179 27.0950 62.5807
v -37.3179 0.4720 62.5807
v -36.9309 0.4720 64.3597
v -42.9529 27.0950 65.6707
v -37.4699 27.0950 64.4767
v -37.4699 0.4720 64.4767
v -42.9529 0.4720 65.6707
v -37.3029 27.0950 107.2577
v -37.6439 27.0950 103.6737
v -37.6439 0.4720 103.6737
v -37.3029 0.4720 107.2577
v 33.5721 4.9340 -90.0583
v 35.1091 4.9340 -75.6043
v 35.1091 1.4530 -75.6043
v 33.5721 1.4530 -90.0583
v 35.1091 4.9340 -75.6043
v 20.9501 4.9340 -74.3073
v 20.9501 1.4530 -74.3073
v 35.1091 1.4530 -75.6043
v 20.9501 4.9340 -74.3073
v 19.4911 4.9340 -88.6323
v 19.4911 1.4530 -88.6323
v 20.9501 1.4530 -74.3073
v 35.1091 1.4530 -75.6043
v 20.9501 1.4530 -74.3073
v 19.4911 1.4530 -88.6323
v 33.5721 1.4530 -90.0583
v 19.4911 4.9340 -88.6323
v 33.5721 4.9340 -90.0583
v 33.5721 1.4530 -90.0583
v 19.4911 1.4530 -88.6323
v 33.5721 4.9340 -90.0583
v 19.4911 4.9340 -88.6323
v 20.9501 4.9340 -74.3073
v 35.1091 4.9340 -75.6043
v -22.4989 4.3690 120.1247
v -22.5559 4.3690 119.5277
v -22.5559 1.3690 119.5277
v -22.4989 1.3690 120.1247
v -18.9719 4.3690 119.1867
v -22.5559 4.3690 119.5277
v -22.4989 4.3690 120.1247
v -18.9149 4.3690 119.7837
v -18.9149 4.3690 119.7837
v -22.4989 4.3690 120.1247
v -22.4989 1.3690 120.1247
v -18.9149 1.3690 119.7837
v -18.9719 4.3690 119.1867
v -18.9149 4.3690 119.7837
v -18.9149 1.3690 119.7837
v -18.9719 1.3690 119.1867
v -18.9149 1.3690 119.7837
v -22.4989 1.3690 120.1247
v -22.5559 1.3690 119.5277
v -18.9719 1.3690 119.1867
v -22.5559 4.3690 119.5277
v -18.9719 4.3690 119.1867
v -18.9719 1.3690 119.1867
v -22.5559 1.3690 119.5277
v -15.2549 4.9560 -89.8453
v -7.9909 4.9560 -90.6073
v -7.9909 1.5300 -90.6073
v -15.2549 1.5300 -89.8453
v -19.0089 4.9560 -80.6303
v -19.9309 4.9560 -89.5343
v -19.9309 1.5300 -89.5343
v -19.0089 1.5300 -80.6303
v -15.2709 4.9560 -90.0353
v -15.2549 4.9560 -89.8453
v -15.2549 1.5300 -89.8453
v -15.2709 1.5300 -90.0353
v -7.9909 4.9560 -90.6073
v -7.2269 4.9560 -83.4433
v -7.2269 1.5300 -83.4433
v -7.9909 1.5300 -90.6073
v -19.9309 4.9560 -89.5343
v -15.2709 4.9560 -90.0353
v -15.2709 1.5300 -90.0353
v -19.9309 1.5300 -89.5343
v -17.5989 1.5300 -67.0113
v -19.0089 1.5300 -80.6303
v -19.9309 1.5300 -89.5343
v -15.2709 1.5300 -90.0353
v -15.2549 1.5300 -89.8453
v -7.9909 1.5300 -90.6073
v -7.2269 1.5300 -83.4433
v -4.6729 1.5300 -83.6743
v -3.4729 1.5300 -72.1123
v -7.1399 1.5300 -71.7123
v -6.7779 1.5300 -68.1853
v -7.9209 1.5300 -68.0613
v -14.3819 1.5300 -67.3603
v -7.9209 4.9560 -68.0613
v -14.3819 4.9560 -67.3603
v -14.3819 1.5300 -67.3603
v -7.9209 1.5300 -68.0613
v -14.3819 4.9560 -67.3603
v -7.9209 4.9560 -68.0613
v -6.7779 4.9560 -68.1853
v -7.1399 4.9560 -71.7123
v -3.4729 4.9560 -72.1123
v -4.6729 4.9560 -83.6743
v -7.2269 4.9560 -83.4433
v -7.9909 4.9560 -90.6073
v -15.2549 4.9560 -89.8453
v -15.2709 4.9560 -90.0353
v -19.9309 4.9560 -89.5343
v -19.0089 4.9560 -80.6303
v -17.5989 4.9560 -67.0113
v -7.1399 4.9560 -71.7123
v -6.7779 4.9560 -68.1853
v -6.7779 1.5300 -68.1853
v -7.1399 1.5300 -71.7123
v -4.6729 4.9560 -83.6743
v -3.4729 4.9560 -72.1123
v -3.4729 1.5300 -72.1123
v -4.6729 1.5300 -83.6743
v -14.3819 4.9560 -67.3603
v -17.5989 4.9560 -67.0113
v -17.5989 1.5300 -67.0113
v -14.3819 1.5300 -67.3603
v -7.2269 4.9560 -83.4433
v -4.6729 4.9560 -83.6743
v -4.6729 1.5300 -83.6743
v -7.2269 1.5300 -83.4433
v -6.7779 4.9560 -68.1853
v -7.9209 4.9560 -68.0613
v -7.9209 1.5300 -68.0613
v -6.7779 1.5300 -68.1853
v -17.5989 4.9560 -67.0113
v -19.0089 4.9560 -80.6303
v -19.0089 1.5300 -80.6303
v -17.5989 1.5300 -67.0113
v -3.4729 4.9560 -72.1123
v -7.1399 4.9560 -71.7123
v -7.1399 1.5300 -71.7123
v -3.4729 1.5300 -72.1123
v -5.3889 4.6100 58.9237
v -6.4339 4.6100 48.8327
v -6.4339 1.2180 48.8327
v -5.3889 1.2180 58.9237
v -6.4339 4.6100 48.8327
v -5.4639 4.6100 48.7337
v -5.4639 1.2180 48.7337
v -6.4339 1.2180 48.8327
v -4.0659 4.6100 58.8247
v -5.3889 4.6100 58.9237
v -5.3889 1.2180 58.9237
v -4.0659 1.2180 58.8247
v -5.2009 4.6100 51.3987
v -4.7689 4.6100 51.3257
v -4.7689 1.2180 51.3257
v -5.2009 1.2180 51.3987
v -4.7689 4.6100 51.3257
v -4.0659 4.6100 58.8247
v -4.0659 1.2180 58.8247
v -4.7689 1.2180 51.3257
v -4.0659 4.6100 58.8247
v -4.7689 4.6100 51.3257
v -5.2009 4.6100 51.3987
v -5.4639 4.6100 48.7337
v -6.4339 4.6100 48.8327
v -5.3889 4.6100 58.9237
v -5.3889 1.2180 58.9237
v -6.4339 1.2180 48.8327
v -5.4639 1.2180 48.7337
v -5.2009 1.2180 51.3987
v -4.7689 1.2180 51.3257
v -4.0659 1.2180 58.8247
v -5.4639 4.6100 48.7337
v -5.2009 4.6100 51.3987
v -5.2009 1.2180 51.3987
v -5.4639 1.2180 48.7337
v -128.5219 5.2570 33.2737
v -128.9669 5.3660 35.4567
v -128.9669 1.9700 35.4567
v -128.5219 1.9700 33.2737
v -142.2819 5.2500 30.4217
v -130.6389 5.2500 32.7007
v -130.6389 1.9700 32.7007
v -142.2819 1.9700 30.4217
v -130.6389 5.2500 32.7007
v -130.4259 5.1980 31.6547
v -130.4259 1.9700 31.6547
v -130.6389 1.9700 32.7007
v -130.4259 5.1980 31.6547
v -130.6389 5.2500 32.7007
v -142.2819 5.2500 30.4217
v -142.7459 5.3660 32.7587
v -128.9669 5.3660 35.4567
v -128.5219 5.2570 33.2737
v -128.2749 5.1970 32.0597
v -142.7459 5.3660 32.7587
v -142.2819 5.2500 30.4217
v -142.2819 1.9700 30.4217
v -142.7459 1.9700 32.7587
v -128.2749 5.1970 32.0597
v -128.5219 5.2570 33.2737
v -128.5219 1.9700 33.2737
v -128.2749 1.9700 32.0597
v -128.2749 1.9700 32.0597
v -128.5219 1.9700 33.2737
v -128.9669 1.9700 35.4567
v -142.7459 1.9700 32.7587
v -142.2819 1.9700 30.4217
v -130.6389 1.9700 32.7007
v -130.4259 1.9700 31.6547
v -128.2749 5.1970 32.0597
v -128.2749 1.9700 32.0597
v -130.4259 1.9700 31.6547
v -130.4259 5.1980 31.6547
v -142.7459 1.9700 32.7587
v -128.9669 1.9700 35.4567
v -128.9669 5.3660 35.4567
v -142.7459 5.3660 32.7587
v -129.2549 5.3810 9.0587
v -114.4159 5.3810 11.9997
v -114.4159 1.9700 11.9997
v -129.2549 1.9700 9.0587
v -129.8009 5.3810 18.0137
v -128.6329 5.3810 12.2757
v -128.6329 1.9700 12.2757
v -129.8009 1.9700 18.0137
v -129.8009 5.3220 18.0137
v -128.6329 5.3810 12.2757
v -129.8409 5.3810 12.0377
v -129.8409 1.9700 12.0377
v -128.6329 1.9700 12.2757
v -131.1309 1.9700 24.5467
v -129.8009 1.9700 18.0137
v -128.6329 1.9700 12.2757
v -129.8409 1.9700 12.0377
v -129.2549 1.9700 9.0587
v -114.4159 1.9700 11.9997
v -117.4409 1.9700 27.2557
v -126.9149 1.9700 25.3737
v -126.9159 1.9700 25.3797
v -114.4159 5.3810 11.9997
v -117.4409 5.3810 27.2557
v -117.4409 1.9700 27.2557
v -114.4159 1.9700 11.9997
v -129.8009 5.3220 18.0137
v -131.1309 5.3220 24.5467
v -131.1309 5.3810 24.5467
v -129.8009 5.3810 18.0137
v -126.9159 5.3810 25.3797
v -126.9149 5.3810 25.3737
v -117.4409 5.3810 27.2557
v -114.4159 5.3810 11.9997
v -129.2549 5.3810 9.0587
v -129.8409 5.3810 12.0377
v -128.6329 5.3810 12.2757
v -129.8009 5.3810 18.0137
v -131.1309 5.3810 24.5467
v -117.4409 5.3810 27.2557
v -126.9149 5.3810 25.3737
v -126.9149 1.9700 25.3737
v -117.4409 1.9700 27.2557
v -129.8409 5.3810 12.0377
v -129.2549 5.3810 9.0587
v -129.2549 1.9700 9.0587
v -129.8409 1.9700 12.0377
v -126.9149 5.3810 25.3737
v -126.9159 5.3810 25.3797
v -126.9159 1.9700 25.3797
v -126.9149 1.9700 25.3737
v -129.8009 5.3220 18.0137
v -129.8009 1.9700 18.0137
v -131.1309 1.9700 24.5467
v -131.1309 5.3220 24.5467
v -131.1309 1.9700 24.5467
v -126.9159 1.9700 25.3797
v -126.9159 5.3810 25.3797
v -131.1309 5.3810 24.5467
v -131.1309 5.3220 24.5467
v -132.2409 5.3220 24.3277
v -132.2289 5.3220 24.2667
v -132.2289 1.9700 24.2667
v -132.2409 1.9700 24.3277
v -132.2289 5.3220 24.2667
v -130.9529 5.3220 17.7877
v -130.9529 1.9700 17.7877
v -132.2289 1.9700 24.2667
v -131.1309 1.9700 24.5467
v -132.2409 1.9700 24.3277
v -132.2289 1.9700 24.2667
v -130.9529 1.9700 17.7877
v -129.8009 1.9700 18.0137
v -129.8009 5.3220 18.0137
v -130.9529 5.3220 17.7877
v -132.2289 5.3220 24.2667
v -132.2409 5.3220 24.3277
v -131.1309 5.3220 24.5467
v -130.9529 5.3220 17.7877
v -129.8009 5.3220 18.0137
v -129.8009 1.9700 18.0137
v -130.9529 1.9700 17.7877
v -132.2409 1.9700 24.3277
v -131.1309 1.9700 24.5467
v -131.1309 5.3220 24.5467
v -132.2409 5.3220 24.3277
v -131.1309 1.9700 24.5467
v -129.8009 1.9700 18.0137
v -129.8009 5.3220 18.0137
v -131.1309 5.3220 24.5467
v -128.9669 5.4820 35.4567
v -142.7459 5.4820 32.7587
v -145.3639 5.4820 45.9357
v -127.6329 5.4820 49.4447
v -124.9889 5.4820 36.2357
v -127.6329 5.4820 49.4447
v -145.3639 5.4820 45.9357
v -145.3639 1.9700 45.9357
v -127.6329 1.9700 49.4447
v -145.3639 5.4820 45.9357
v -142.7459 5.4820 32.7587
v -142.7459 5.3660 32.7587
v -142.7459 1.9700 32.7587
v -145.3639 1.9700 45.9357
v -124.9889 1.9700 36.2357
v -127.6329 1.9700 49.4447
v -145.3639 1.9700 45.9357
v -142.7459 1.9700 32.7587
v -128.9669 1.9700 35.4567
v -128.9669 5.3660 35.4567
v -142.7459 5.3660 32.7587
v -142.7459 5.4820 32.7587
v -128.9669 5.4820 35.4567
v -124.9889 5.4820 36.2357
v -127.6329 5.4820 49.4447
v -127.6329 1.9700 49.4447
v -124.9889 1.9700 36.2357
v -128.9669 5.4820 35.4567
v -124.9889 5.4820 36.2357
v -124.9889 1.9700 36.2357
v -128.9669 1.9700 35.4567
v -128.9669 5.3660 35.4567
v -128.9669 5.3660 35.4567
v -128.9669 1.9700 35.4567
v -142.7459 1.9700 32.7587
v -142.7459 5.3660 32.7587
v -137.5829 5.4500 23.2717
v -132.3459 5.4500 24.2447
v -132.3459 1.9700 24.2447
v -137.5829 1.9700 23.2717
v -138.8649 5.4500 30.0647
v -130.4259 5.4500 31.6547
v -128.2759 5.4500 32.0597
v -126.9159 5.4500 25.3797
v -131.1309 5.4500 24.5467
v -132.2409 5.4500 24.3277
v -132.3579 5.4500 24.3047
v -132.3459 5.4500 24.2447
v -137.5829 5.4500 23.2717
v -138.8649 5.4500 30.0647
v -137.5829 5.4500 23.2717
v -137.5829 1.9700 23.2717
v -138.8649 1.9700 30.0647
v -132.3579 5.4500 24.3047
v -132.2409 5.4500 24.3277
v -132.2409 5.3220 24.3277
v -132.2409 1.9700 24.3277
v -132.3579 1.9700 24.3047
v -126.9159 5.4500 25.3797
v -128.2759 5.4500 32.0597
v -128.2749 5.1970 32.0597
v -128.2749 1.9700 32.0597
v -126.9159 1.9700 25.3797
v -126.9159 5.3810 25.3797
v -130.4259 5.4500 31.6547
v -138.8649 5.4500 30.0647
v -138.8649 1.9700 30.0647
v -130.4259 1.9700 31.6547
v -130.4259 5.1980 31.6547
v -131.1309 5.3220 24.5467
v -132.2409 5.3220 24.3277
v -132.2409 5.4500 24.3277
v -131.1309 5.4500 24.5467
v -131.1309 5.3810 24.5467
v -130.4259 5.1980 31.6547
v -128.2749 5.1970 32.0597
v -128.2759 5.4500 32.0597
v -130.4259 5.4500 31.6547
v -126.9159 5.3810 25.3797
v -131.1309 5.3810 24.5467
v -131.1309 5.4500 24.5467
v -126.9159 5.4500 25.3797
v -132.3459 5.4500 24.2447
v -132.3579 5.4500 24.3047
v -132.3579 1.9700 24.3047
v -132.3459 1.9700 24.2447
v -137.5829 1.9700 23.2717
v -132.3459 1.9700 24.2447
v -132.3579 1.9700 24.3047
v -132.2409 1.9700 24.3277
v -131.1309 1.9700 24.5467
v -126.9159 1.9700 25.3797
v -128.2749 1.9700 32.0597
v -130.4259 1.9700 31.6547
v -138.8649 1.9700 30.0647
v -130.4259 5.1980 31.6547
v -130.4259 1.9700 31.6547
v -128.2749 1.9700 32.0597
v -128.2749 5.1970 32.0597
v -126.9159 5.3810 25.3797
v -126.9159 1.9700 25.3797
v -131.1309 1.9700 24.5467
v -131.1309 5.3220 24.5467
v -131.1309 5.3810 24.5467
v -131.1309 5.3220 24.5467
v -131.1309 1.9700 24.5467
v -132.2409 1.9700 24.3277
v -132.2409 5.3220 24.3277
v -129.2549 5.3810 9.0587
v -114.4159 5.3810 11.9997
v -114.4159 1.9700 11.9997
v -129.2549 1.9700 9.0587
v -129.8009 5.3810 18.0137
v -128.6329 5.3810 12.2757
v -128.6329 1.9700 12.2757
v -129.8009 1.9700 18.0137
v -129.8009 5.3220 18.0137
v -128.6329 5.3810 12.2757
v -129.8409 5.3810 12.0377
v -129.8409 1.9700 12.0377
v -128.6329 1.9700 12.2757
v -131.1309 1.9700 24.5467
v -129.8009 1.9700 18.0137
v -128.6329 1.9700 12.2757
v -129.8409 1.9700 12.0377
v -129.2549 1.9700 9.0587
v -114.4159 1.9700 11.9997
v -117.4409 1.9700 27.2557
v -126.9149 1.9700 25.3737
v -126.9159 1.9700 25.3797
v -114.4159 5.3810 11.9997
v -117.4409 5.3810 27.2557
v -117.4409 1.9700 27.2557
v -114.4159 1.9700 11.9997
v -129.8009 5.3220 18.0137
v -131.1309 5.3220 24.5467
v -131.1309 5.3810 24.5467
v -129.8009 5.3810 18.0137
v -126.9159 5.3810 25.3797
v -126.9149 5.3810 25.3737
v -117.4409 5.3810 27.2557
v -114.4159 5.3810 11.9997
v -129.2549 5.3810 9.0587
v -129.8409 5.3810 12.0377
v -128.6329 5.3810 12.2757
v -129.8009 5.3810 18.0137
v -131.1309 5.3810 24.5467
v -117.4409 5.3810 27.2557
v -126.9149 5.3810 25.3737
v -126.9149 1.9700 25.3737
v -117.4409 1.9700 27.2557
v -129.8409 5.3810 12.0377
v -129.2549 5.3810 9.0587
v -129.2549 1.9700 9.0587
v -129.8409 1.9700 12.0377
v -126.9149 5.3810 25.3737
v -126.9159 5.3810 25.3797
v -126.9159 1.9700 25.3797
v -126.9149 1.9700 25.3737
v -129.8009 5.3220 18.0137
v -129.8009 1.9700 18.0137
v -131.1309 1.9700 24.5467
v -131.1309 5.3220 24.5467
v -131.1309 1.9700 24.5467
v -126.9159 1.9700 25.3797
v -126.9159 5.3810 25.3797
v -131.1309 5.3810 24.5467
v -131.1309 5.3220 24.5467
v -132.2409 5.3220 24.3277
v -132.2289 5.3220 24.2667
v -132.2289 1.9700 24.2667
v -132.2409 1.9700 24.3277
v -132.2289 5.3220 24.2667
v -130.9529 5.3220 17.7877
v -130.9529 1.9700 17.7877
v -132.2289 1.9700 24.2667
v -131.1309 1.9700 24.5467
v -132.2409 1.9700 24.3277
v -132.2289 1.9700 24.2667
v -130.9529 1.9700 17.7877
v -129.8009 1.9700 18.0137
v -129.8009 5.3220 18.0137
v -130.9529 5.3220 17.7877
v -132.2289 5.3220 24.2667
v -132.2409 5.3220 24.3277
v -131.1309 5.3220 24.5467
v -130.9529 5.3220 17.7877
v -129.8009 5.3220 18.0137
v -129.8009 1.9700 18.0137
v -130.9529 1.9700 17.7877
v -132.2409 1.9700 24.3277
v -131.1309 1.9700 24.5467
v -131.1309 5.3220 24.5467
v -132.2409 5.3220 24.3277
v -131.1309 1.9700 24.5467
v -129.8009 1.9700 18.0137
v -129.8009 5.3220 18.0137
v -131.1309 5.3220 24.5467
v -137.5829 5.4500 23.2717
v -132.3459 5.4500 24.2447
v -132.3459 1.9700 24.2447
v -137.5829 1.9700 23.2717
v -138.8649 5.4500 30.0647
v -130.4259 5.4500 31.6547
v -128.2759 5.4500 32.0597
v -126.9159 5.4500 25.3797
v -131.1309 5.4500 24.5467
v -132.2409 5.4500 24.3277
v -132.3579 5.4500 24.3047
v -132.3459 5.4500 24.2447
v -137.5829 5.4500 23.2717
v -138.8649 5.4500 30.0647
v -137.5829 5.4500 23.2717
v -137.5829 1.9700 23.2717
v -138.8649 1.9700 30.0647
v -132.3579 5.4500 24.3047
v -132.2409 5.4500 24.3277
v -132.2409 5.3220 24.3277
v -132.2409 1.9700 24.3277
v -132.3579 1.9700 24.3047
v -126.9159 5.4500 25.3797
v -128.2759 5.4500 32.0597
v -128.2749 5.1970 32.0597
v -128.2749 1.9700 32.0597
v -126.9159 1.9700 25.3797
v -126.9159 5.3810 25.3797
v -130.4259 5.4500 31.6547
v -138.8649 5.4500 30.0647
v -138.8649 1.9700 30.0647
v -130.4259 1.9700 31.6547
v -130.4259 5.1980 31.6547
v -131.1309 5.3220 24.5467
v -132.2409 5.3220 24.3277
v -132.2409 5.4500 24.3277
v -131.1309 5.4500 24.5467
v -131.1309 5.3810 24.5467
v -130.4259 5.1980 31.6547
v -128.2749 5.1970 32.0597
v -128.2759 5.4500 32.0597
v -130.4259 5.4500 31.6547
v -126.9159 5.3810 25.3797
v -131.1309 5.3810 24.5467
v -131.1309 5.4500 24.5467
v -126.9159 5.4500 25.3797
v -132.3459 5.4500 24.2447
v -132.3579 5.4500 24.3047
v -132.3579 1.9700 24.3047
v -132.3459 1.9700 24.2447
v -137.5829 1.9700 23.2717
v -132.3459 1.9700 24.2447
v -132.3579 1.9700 24.3047
v -132.2409 1.9700 24.3277
v -131.1309 1.9700 24.5467
v -126.9159 1.9700 25.3797
v -128.2749 1.9700 32.0597
v -130.4259 1.9700 31.6547
v -138.8649 1.9700 30.0647
v -130.4259 5.1980 31.6547
v -130.4259 1.9700 31.6547
v -128.2749 1.9700 32.0597
v -128.2749 5.1970 32.0597
v -126.9159 5.3810 25.3797
v -126.9159 1.9700 25.3797
v -131.1309 1.9700 24.5467
v -131.1309 5.3220 24.5467
v -131.1309 5.3810 24.5467
v -131.1309 5.3220 24.5467
v -131.1309 1.9700 24.5467
v -132.2409 1.9700 24.3277
v -132.2409 5.3220 24.3277
v -43.3779 1.6090 80.6527
v -43.9629 1.6090 80.7877
v -44.7709 1.6090 77.2797
v -44.1869 1.6090 77.1447
v -44.7709 4.6090 77.2797
v -44.1869 4.6090 77.1447
v -44.1869 1.6090 77.1447
v -44.7709 1.6090 77.2797
v -44.1869 4.6090 77.1447
v -44.7709 4.6090 77.2797
v -43.9629 4.6090 80.7877
v -43.3779 4.6090 80.6527
v -43.3779 4.6090 80.6527
v -43.9629 4.6090 80.7877
v -43.9629 1.6090 80.7877
v -43.3779 1.6090 80.6527
v -43.9629 4.6090 80.7877
v -44.7709 4.6090 77.2797
v -44.7709 1.6090 77.2797
v -43.9629 1.6090 80.7877
v -44.1869 4.6090 77.1447
v -43.3779 4.6090 80.6527
v -43.3779 1.6090 80.6527
v -44.1869 1.6090 77.1447
v -84.8349 17.8920 3.0547
v -83.7899 19.3160 0.2467
v -83.7899 2.5630 0.2467
v -84.8349 2.5630 3.0547
v -82.3719 19.4690 0.3977
v -83.4659 17.8830 3.5487
v -83.4659 2.5630 3.5487
v -82.3719 2.5630 0.3977
v -83.7899 19.3160 0.2467
v -82.9269 19.3970 0.3657
v -82.9269 2.5630 0.3657
v -83.7899 2.5630 0.2467
v -84.8349 2.5630 3.0547
v -83.7899 2.5630 0.2467
v -82.9269 2.5630 0.3657
v -82.3719 2.5630 0.3977
v -83.4659 2.5630 3.5487
v -83.4659 17.8830 3.5487
v -82.3719 19.4690 0.3977
v -82.9269 19.3970 0.3657
v -83.7899 19.3160 0.2467
v -84.8349 17.8920 3.0547
v -82.9269 19.3970 0.3657
v -82.3719 19.4690 0.3977
v -82.3719 2.5630 0.3977
v -82.9269 2.5630 0.3657
v -83.4659 17.8830 3.5487
v -84.8349 17.8920 3.0547
v -84.8349 2.5630 3.0547
v -83.4659 2.5630 3.5487
v -31.6349 4.4220 120.3907
v -31.6919 4.4220 119.7927
v -31.6919 1.4220 119.7927
v -31.6349 1.4220 120.3907
v -28.1079 4.4220 119.4527
v -31.6919 4.4220 119.7927
v -31.6349 4.4220 120.3907
v -28.0509 4.4220 120.0497
v -28.0509 4.4220 120.0497
v -31.6349 4.4220 120.3907
v -31.6349 1.4220 120.3907
v -28.0509 1.4220 120.0497
v -28.0509 1.4220 120.0497
v -31.6349 1.4220 120.3907
v -31.6919 1.4220 119.7927
v -28.1079 1.4220 119.4527
v -28.1079 4.4220 119.4527
v -28.0509 4.4220 120.0497
v -28.0509 1.4220 120.0497
v -28.1079 1.4220 119.4527
v -31.6919 4.4220 119.7927
v -28.1079 4.4220 119.4527
v -28.1079 1.4220 119.4527
v -31.6919 1.4220 119.7927
v -130.9529 5.3150 17.7877
v -129.8009 5.3720 18.0137
v -128.6329 5.3750 12.2757
v -129.8409 5.3150 12.0377
v -129.8409 5.3150 12.0377
v -128.6329 5.3750 12.2757
v -128.6329 2.0860 12.2757
v -129.8409 2.0860 12.0377
v -129.8009 5.3720 18.0137
v -130.9529 5.3150 17.7877
v -130.9529 2.0860 17.7877
v -129.8009 2.0860 18.0137
v -130.9529 5.3150 17.7877
v -129.8409 5.3150 12.0377
v -129.8409 2.0860 12.0377
v -130.9529 2.0860 17.7877
v -129.8409 2.0860 12.0377
v -128.6329 2.0860 12.2757
v -129.8009 2.0860 18.0137
v -130.9529 2.0860 17.7877
v -128.6329 5.3750 12.2757
v -129.8009 5.3720 18.0137
v -129.8009 2.0860 18.0137
v -128.6329 2.0860 12.2757
v -67.5909 5.8620 20.4197
v -58.6409 5.8620 23.6167
v -55.4069 6.5010 10.9157
v -68.7089 6.4410 7.4657
v -69.1549 6.3760 8.7157
v -72.6819 5.8620 18.6017
v -69.1549 6.3760 8.7157
v -68.7089 6.4410 7.4657
v -68.7089 0.0230 7.4657
v -69.1549 0.0230 8.7157
v -69.1549 5.8500 8.7157
v -69.1549 5.8500 8.7157
v -72.6819 5.8500 18.6017
v -72.6819 5.8620 18.6017
v -69.1549 6.3760 8.7157
v -68.7089 6.4410 7.4657
v -55.4069 6.5010 10.9157
v -55.4069 0.0230 10.9157
v -68.7089 0.0230 7.4657
v -67.5909 5.8620 20.4197
v -72.6819 5.8620 18.6017
v -72.6819 5.8500 18.6017
v -72.6819 0.0230 18.6017
v -67.5909 0.0230 20.4197
v -72.6819 0.0230 18.6017
v -69.1549 0.0230 8.7157
v -68.7089 0.0230 7.4657
v -55.4069 0.0230 10.9157
v -58.6409 0.0230 23.6167
v -67.5909 0.0230 20.4197
v -55.4069 6.5010 10.9157
v -58.6409 5.8620 23.6167
v -58.6409 0.0230 23.6167
v -55.4069 0.0230 10.9157
v -67.5909 0.0230 20.4197
v -58.6409 0.0230 23.6167
v -58.6409 5.8620 23.6167
v -67.5909 5.8620 20.4197
v -69.1549 5.8500 8.7157
v -69.1549 0.0230 8.7157
v -72.6819 0.0230 18.6017
v -72.6819 5.8500 18.6017
v -81.3959 5.2690 -7.4683
v -81.1209 5.2690 -8.8733
v -86.5009 5.2690 -8.8003
v -86.7189 5.2690 -7.5023
v -86.7189 5.2690 -7.5023
v -86.5009 5.2690 -8.8003
v -86.5009 0.0230 -8.8003
v -86.7189 0.0230 -7.5023
v -86.7189 0.0230 -7.5023
v -86.5009 0.0230 -8.8003
v -81.1209 0.0230 -8.8733
v -81.3959 0.0230 -7.4683
v -81.1209 5.2690 -8.8733
v -81.3959 5.2690 -7.4683
v -81.3959 0.0230 -7.4683
v -81.1209 0.0230 -8.8733
v -86.5009 5.2690 -8.8003
v -81.1209 5.2690 -8.8733
v -81.1209 0.0230 -8.8733
v -86.5009 0.0230 -8.8003
v -86.7189 0.0230 -7.5023
v -81.3959 0.0230 -7.4683
v -81.3959 5.2690 -7.4683
v -86.7189 5.2690 -7.5023
v -78.7819 0.0230 16.4227
v -75.5109 0.0230 7.4337
v -75.1849 0.0230 6.5387
v -69.1549 0.0230 8.7157
v -72.6819 0.0230 18.6017
v -75.1849 5.2390 6.5387
v -75.5109 5.2330 7.4337
v -75.5109 5.8500 7.4337
v -75.1849 5.8500 6.5387
v -75.1849 5.8500 6.5387
v -69.1549 5.8500 8.7157
v -69.1549 0.0230 8.7157
v -75.1849 0.0230 6.5387
v -75.1849 5.2390 6.5387
v -72.6819 5.8500 18.6017
v -69.1549 5.8500 8.7157
v -75.1849 5.8500 6.5387
v -75.5109 5.8500 7.4337
v -78.7819 5.8500 16.4227
v -72.6819 5.8500 18.6017
v -78.7819 5.8500 16.4227
v -78.7819 0.0230 16.4227
v -72.6819 0.0230 18.6017
v -75.5109 0.0230 7.4337
v -78.7819 0.0230 16.4227
v -78.7819 5.8500 16.4227
v -75.5109 5.8500 7.4337
v -75.5109 5.2330 7.4337
v -75.1849 5.2390 6.5387
v -75.1849 0.0230 6.5387
v -75.5109 0.0230 7.4337
v -75.5109 5.2330 7.4337
v -72.6819 0.0230 18.6017
v -69.1549 0.0230 8.7157
v -69.1549 5.8500 8.7157
v -72.6819 5.8500 18.6017
v -92.4779 20.5820 -0.9513
v -92.4779 24.1100 -0.9513
v -91.9359 24.2460 -0.8763
v -88.1499 20.0390 -0.3543
v -84.8349 15.1960 3.0547
v -84.8349 15.3950 3.0547
v -85.1819 15.4600 3.9867
v -85.1819 15.1960 3.9867
v -92.8989 24.1700 1.2357
v -92.6129 24.2460 1.3377
v -91.9359 24.2460 -0.8763
v -92.4779 24.1100 -0.9513
v -92.8989 15.1960 1.2357
v -92.4779 15.1960 -0.9513
v -92.4779 0.0230 -0.9513
v -92.8989 0.0230 1.2357
v -92.8989 8.8510 1.2357
v -92.8989 8.8510 1.2357
v -85.1819 8.8510 3.9867
v -85.1819 15.1960 3.9867
v -92.8989 15.1960 1.2357
v -92.8989 15.1960 1.2357
v -92.8989 24.1700 1.2357
v -92.4779 24.1100 -0.9513
v -92.4779 20.5820 -0.9513
v -92.4779 19.3840 -0.9513
v -92.4779 15.1960 -0.9513
v -85.1819 15.1960 3.9867
v -85.1819 15.4600 3.9867
v -92.6129 24.2460 1.3377
v -92.8989 24.1700 1.2357
v -92.8989 15.1960 1.2357
v -83.7899 15.1960 0.2467
v -84.8349 15.3950 3.0547
v -84.8349 15.1960 3.0547
v -92.4779 0.0230 -0.9513
v -83.7899 0.0230 0.2467
v -84.8349 0.0230 3.0547
v -85.1819 0.0230 3.9867
v -92.8989 0.0230 1.2357
v -85.1819 3.5010 3.9867
v -84.8349 3.5100 3.0547
v -84.8349 15.1960 3.0547
v -85.1819 15.1960 3.9867
v -85.1819 8.8510 3.9867
v -83.7899 15.1960 0.2467
v -84.8349 15.1960 3.0547
v -84.8349 3.5100 3.0547
v -84.8349 0.0230 3.0547
v -83.7899 0.0230 0.2467
v -84.8349 15.3950 3.0547
v -83.7899 15.1960 0.2467
v -87.5599 19.3840 -0.2733
v -88.1499 20.0390 -0.3543
v -91.9359 24.2460 -0.8763
v -92.6129 24.2460 1.3377
v -85.1819 15.4600 3.9867
v -92.4779 15.1960 -0.9513
v -83.7899 15.1960 0.2467
v -83.7899 0.0230 0.2467
v -92.4779 0.0230 -0.9513
v -92.4779 19.3840 -0.9513
v -92.4779 20.5820 -0.9513
v -88.1499 20.0390 -0.3543
v -87.5599 19.3840 -0.2733
v -92.4779 15.1960 -0.9513
v -92.4779 19.3840 -0.9513
v -87.5599 19.3840 -0.2733
v -83.7899 15.1960 0.2467
v -85.1819 0.0230 3.9867
v -85.1819 3.5010 3.9867
v -85.1819 8.8510 3.9867
v -92.8989 8.8510 1.2357
v -92.8989 0.0230 1.2357
v -85.1819 3.5010 3.9867
v -85.1819 0.0230 3.9867
v -84.8349 0.0230 3.0547
v -84.8349 3.5100 3.0547
v -58.6409 5.9310 23.6167
v -58.6409 5.8620 23.6167
v -67.5909 5.8620 20.4197
v -67.5909 5.9880 20.4197
v -58.6409 5.9310 23.6167
v -59.7159 5.7020 27.8387
v -59.7159 0.0230 27.8387
v -58.6409 0.0230 23.6167
v -58.6409 5.8620 23.6167
v -68.9459 5.7020 25.6957
v -67.5909 5.9880 20.4197
v -67.5909 5.8620 20.4197
v -67.5909 0.0230 20.4197
v -68.9459 0.0230 25.6957
v -68.9459 0.0230 25.6957
v -67.5909 0.0230 20.4197
v -58.6409 0.0230 23.6167
v -59.7159 0.0230 27.8387
v -59.7159 5.7020 27.8387
v -68.9459 5.7020 25.6957
v -68.9459 0.0230 25.6957
v -59.7159 0.0230 27.8387
v -59.7159 5.7020 27.8387
v -58.6409 5.9310 23.6167
v -67.5909 5.9880 20.4197
v -68.9459 5.7020 25.6957
v -58.6409 5.8620 23.6167
v -58.6409 0.0230 23.6167
v -67.5909 0.0230 20.4197
v -67.5909 5.8620 20.4197
v -87.5599 19.3840 -0.2733
v -83.7899 19.3840 0.2467
v -83.7899 19.4930 0.2467
v -88.1499 20.0390 -0.3543
v -81.3959 0.0230 -7.4683
v -82.9269 0.0230 0.3657
v -83.7899 0.0230 0.2467
v -92.4779 0.0230 -0.9513
v -91.2109 0.0230 -7.5313
v -89.7139 0.0230 -7.5003
v -86.7189 0.0230 -7.5023
v -82.9269 19.3840 0.3657
v -83.7899 19.4930 0.2467
v -83.7899 19.3840 0.2467
v -81.3959 19.3840 -7.4683
v -82.9269 19.3840 0.3657
v -82.9269 0.0230 0.3657
v -81.3959 0.0230 -7.4683
v -81.3959 5.2690 -7.4683
v -91.2109 19.3840 -7.5313
v -91.2109 23.1620 -7.5313
v -89.7139 23.0800 -7.5003
v -89.7139 19.3840 -7.5003
v -82.9269 19.3840 0.3657
v -83.7899 19.3840 0.2467
v -83.7899 15.1960 0.2467
v -83.7899 0.0230 0.2467
v -82.9269 0.0230 0.3657
v -89.7139 19.3840 -7.5003
v -89.7139 23.0800 -7.5003
v -86.7189 22.8480 -7.5023
v -86.7189 19.3840 -7.5023
v -87.5599 19.3840 -0.2733
v -83.7899 15.1960 0.2467
v -83.7899 19.3840 0.2467
v -89.7139 19.3840 -7.5003
v -86.7189 19.3840 -7.5023
v -86.7189 5.2690 -7.5023
v -86.7189 0.0230 -7.5023
v -89.7139 0.0230 -7.5003
v -91.2109 23.1620 -7.5313
v -92.4779 20.5820 -0.9513
v -88.7019 26.7920 -3.9803
v -81.3959 19.3840 -7.4683
v -81.3959 22.4770 -7.4683
v -82.9269 19.3840 0.3657
v -91.2109 19.3840 -7.5313
v -89.7139 19.3840 -7.5003
v -89.7139 0.0230 -7.5003
v -91.2109 0.0230 -7.5313
v -92.4779 19.3840 -0.9513
v -92.4779 20.5820 -0.9513
v -91.2109 23.1620 -7.5313
v -91.2109 19.3840 -7.5313
v -81.3959 5.2690 -7.4683
v -86.7189 5.2690 -7.5023
v -86.7189 19.3840 -7.5023
v -81.3959 19.3840 -7.4683
v -92.4779 20.5820 -0.9513
v -88.1499 20.0390 -0.3543
v -83.7899 19.4930 0.2467
v -82.9269 19.3840 0.3657
v -86.6589 26.7920 -3.8343
v -88.7019 26.7920 -3.9803
v -86.7189 22.8480 -7.5023
v -89.7139 23.0800 -7.5003
v -91.2109 23.1620 -7.5313
v -88.7019 26.7920 -3.9803
v -86.6589 26.7920 -3.8343
v -81.3959 22.4770 -7.4683
v -92.4779 19.3840 -0.9513
v -91.2109 19.3840 -7.5313
v -91.2109 0.0230 -7.5313
v -92.4779 0.0230 -0.9513
v -92.4779 15.1960 -0.9513
v -86.7189 19.3840 -7.5023
v -86.7189 22.8480 -7.5023
v -81.3959 22.4770 -7.4683
v -81.3959 19.3840 -7.4683
v -82.9269 19.3840 0.3657
v -81.3959 22.4770 -7.4683
v -86.6589 26.7920 -3.8343
v -92.4779 15.1960 -0.9513
v -83.7899 15.1960 0.2467
v -87.5599 19.3840 -0.2733
v -92.4779 19.3840 -0.9513
v -92.4779 0.0230 -0.9513
v -83.7899 0.0230 0.2467
v -83.7899 15.1960 0.2467
v -92.4779 15.1960 -0.9513
v -92.4779 19.3840 -0.9513
v -87.5599 19.3840 -0.2733
v -88.1499 20.0390 -0.3543
v -92.4779 20.5820 -0.9513
v -81.3959 5.2690 -7.4683
v -81.3959 0.0230 -7.4683
v -86.7189 0.0230 -7.5023
v -86.7189 5.2690 -7.5023
v -75.5109 5.2330 7.4337
v -75.1849 5.2390 6.5387
v -80.6619 15.6000 4.5617
v -80.9989 15.6000 5.4777
v -77.4259 8.8510 6.7507
v -75.1849 5.2390 6.5387
v -84.8349 3.5100 3.0547
v -80.6619 15.6000 4.5617
v -85.1819 0.0230 3.9867
v -84.8349 0.0230 3.0547
v -75.1849 0.0230 6.5387
v -75.5109 0.0230 7.4337
v -83.3319 8.8510 4.6457
v -77.4259 8.8510 6.7507
v -80.9989 15.6000 5.4777
v -84.8349 3.5100 3.0547
v -75.1849 5.2390 6.5387
v -75.1849 0.0230 6.5387
v -84.8349 0.0230 3.0547
v -84.8349 3.5100 3.0547
v -85.1819 3.5010 3.9867
v -83.3319 8.8510 4.6457
v -80.9989 15.6000 5.4777
v -80.6619 15.6000 4.5617
v -85.1819 3.5010 3.9867
v -85.1819 0.0230 3.9867
v -75.5109 0.0230 7.4337
v -75.5109 5.2330 7.4337
v -85.1819 3.5010 3.9867
v -75.5109 5.2330 7.4337
v -77.4259 8.8510 6.7507
v -83.3319 8.8510 4.6457
v -75.1849 0.0230 6.5387
v -75.1849 5.2390 6.5387
v -75.5109 5.2330 7.4337
v -75.5109 0.0230 7.4337
v -84.8349 0.0230 3.0547
v -85.1819 0.0230 3.9867
v -85.1819 3.5010 3.9867
v -84.8349 3.5100 3.0547
v -78.7819 5.8500 16.4227
v -75.5109 5.8500 7.4337
v -75.5109 8.8510 7.4337
v -78.7819 8.8510 16.4227
v -79.1879 8.8510 17.5387
v -98.3549 8.8510 10.5657
v -98.3549 0.0230 10.5657
v -79.1879 0.0230 17.5387
v -98.3549 8.8510 10.5657
v -94.6249 8.8510 0.6377
v -94.6249 0.0230 0.6377
v -98.3549 0.0230 10.5657
v -78.7819 8.8510 16.4227
v -79.1879 8.8510 17.5387
v -79.1879 0.0230 17.5387
v -78.7819 0.0230 16.4227
v -78.7819 5.8500 16.4227
v -85.1819 3.5010 3.9867
v -85.1819 8.8510 3.9867
v -83.3319 8.8510 4.6457
v -75.5109 5.2330 7.4337
v -77.4259 8.8510 6.7507
v -75.5109 8.8510 7.4337
v -75.5109 5.8500 7.4337
v -78.7819 8.8510 16.4227
v -75.5109 8.8510 7.4337
v -77.4259 8.8510 6.7507
v -83.3319 8.8510 4.6457
v -85.1819 8.8510 3.9867
v -92.8989 8.8510 1.2357
v -94.6249 8.8510 0.6377
v -98.3549 8.8510 10.5657
v -79.1879 8.8510 17.5387
v -79.1879 0.0230 17.5387
v -98.3549 0.0230 10.5657
v -94.6249 0.0230 0.6377
v -92.8989 0.0230 1.2357
v -85.1819 0.0230 3.9867
v -75.5109 0.0230 7.4337
v -78.7819 0.0230 16.4227
v -94.6249 8.8510 0.6377
v -92.8989 8.8510 1.2357
v -92.8989 0.0230 1.2357
v -94.6249 0.0230 0.6377
v -78.7819 0.0230 16.4227
v -75.5109 0.0230 7.4337
v -75.5109 5.2330 7.4337
v -75.5109 5.8500 7.4337
v -78.7819 5.8500 16.4227
v -75.5109 5.2330 7.4337
v -75.5109 0.0230 7.4337
v -85.1819 0.0230 3.9867
v -85.1819 3.5010 3.9867
v -75.5109 5.2330 7.4337
v -85.1819 3.5010 3.9867
v -83.3319 8.8510 4.6457
v -77.4259 8.8510 6.7507
v -85.1819 0.0230 3.9867
v -92.8989 0.0230 1.2357
v -92.8989 8.8510 1.2357
v -85.1819 8.8510 3.9867
v -85.1819 3.5010 3.9867
v -67.5909 5.8620 20.4197
v -58.6409 5.8620 23.6167
v -55.4069 6.5010 10.9157
v -68.7089 6.4410 7.4657
v -69.1549 6.3760 8.7157
v -72.6819 5.8620 18.6017
v -69.1549 6.3760 8.7157
v -68.7089 6.4410 7.4657
v -68.7089 0.0230 7.4657
v -69.1549 0.0230 8.7157
v -69.1549 5.8500 8.7157
v -69.1549 5.8500 8.7157
v -72.6819 5.8500 18.6017
v -72.6819 5.8620 18.6017
v -69.1549 6.3760 8.7157
v -68.7089 6.4410 7.4657
v -55.4069 6.5010 10.9157
v -55.4069 0.0230 10.9157
v -68.7089 0.0230 7.4657
v -67.5909 5.8620 20.4197
v -72.6819 5.8620 18.6017
v -72.6819 5.8500 18.6017
v -72.6819 0.0230 18.6017
v -67.5909 0.0230 20.4197
v -72.6819 0.0230 18.6017
v -69.1549 0.0230 8.7157
v -68.7089 0.0230 7.4657
v -55.4069 0.0230 10.9157
v -58.6409 0.0230 23.6167
v -67.5909 0.0230 20.4197
v -55.4069 6.5010 10.9157
v -58.6409 5.8620 23.6167
v -58.6409 0.0230 23.6167
v -55.4069 0.0230 10.9157
v -67.5909 0.0230 20.4197
v -58.6409 0.0230 23.6167
v -58.6409 5.8620 23.6167
v -67.5909 5.8620 20.4197
v -69.1549 5.8500 8.7157
v -69.1549 0.0230 8.7157
v -72.6819 0.0230 18.6017
v -72.6819 5.8500 18.6017
v -81.3959 5.2690 -7.4683
v -81.1209 5.2690 -8.8733
v -86.5009 5.2690 -8.8003
v -86.7189 5.2690 -7.5023
v -86.7189 5.2690 -7.5023
v -86.5009 5.2690 -8.8003
v -86.5009 0.0230 -8.8003
v -86.7189 0.0230 -7.5023
v -86.7189 0.0230 -7.5023
v -86.5009 0.0230 -8.8003
v -81.1209 0.0230 -8.8733
v -81.3959 0.0230 -7.4683
v -81.1209 5.2690 -8.8733
v -81.3959 5.2690 -7.4683
v -81.3959 0.0230 -7.4683
v -81.1209 0.0230 -8.8733
v -86.5009 5.2690 -8.8003
v -81.1209 5.2690 -8.8733
v -81.1209 0.0230 -8.8733
v -86.5009 0.0230 -8.8003
v -86.7189 0.0230 -7.5023
v -81.3959 0.0230 -7.4683
v -81.3959 5.2690 -7.4683
v -86.7189 5.2690 -7.5023
v -78.7819 0.0230 16.4227
v -75.5109 0.0230 7.4337
v -75.1849 0.0230 6.5387
v -69.1549 0.0230 8.7157
v -72.6819 0.0230 18.6017
v -75.1849 5.2390 6.5387
v -75.5109 5.2330 7.4337
v -75.5109 5.8500 7.4337
v -75.1849 5.8500 6.5387
v -75.1849 5.8500 6.5387
v -69.1549 5.8500 8.7157
v -69.1549 0.0230 8.7157
v -75.1849 0.0230 6.5387
v -75.1849 5.2390 6.5387
v -72.6819 5.8500 18.6017
v -69.1549 5.8500 8.7157
v -75.1849 5.8500 6.5387
v -75.5109 5.8500 7.4337
v -78.7819 5.8500 16.4227
v -72.6819 5.8500 18.6017
v -78.7819 5.8500 16.4227
v -78.7819 0.0230 16.4227
v -72.6819 0.0230 18.6017
v -75.5109 0.0230 7.4337
v -78.7819 0.0230 16.4227
v -78.7819 5.8500 16.4227
v -75.5109 5.8500 7.4337
v -75.5109 5.2330 7.4337
v -75.1849 5.2390 6.5387
v -75.1849 0.0230 6.5387
v -75.5109 0.0230 7.4337
v -75.5109 5.2330 7.4337
v -72.6819 0.0230 18.6017
v -69.1549 0.0230 8.7157
v -69.1549 5.8500 8.7157
v -72.6819 5.8500 18.6017
v -92.4779 20.5820 -0.9513
v -92.4779 24.1100 -0.9513
v -91.9359 24.2460 -0.8763
v -88.1499 20.0390 -0.3543
v -84.8349 15.1960 3.0547
v -84.8349 15.3950 3.0547
v -85.1819 15.4600 3.9867
v -85.1819 15.1960 3.9867
v -92.8989 24.1700 1.2357
v -92.6129 24.2460 1.3377
v -91.9359 24.2460 -0.8763
v -92.4779 24.1100 -0.9513
v -92.8989 15.1960 1.2357
v -92.4779 15.1960 -0.9513
v -92.4779 0.0230 -0.9513
v -92.8989 0.0230 1.2357
v -92.8989 8.8510 1.2357
v -92.8989 8.8510 1.2357
v -85.1819 8.8510 3.9867
v -85.1819 15.1960 3.9867
v -92.8989 15.1960 1.2357
v -92.8989 15.1960 1.2357
v -92.8989 24.1700 1.2357
v -92.4779 24.1100 -0.9513
v -92.4779 20.5820 -0.9513
v -92.4779 19.3840 -0.9513
v -92.4779 15.1960 -0.9513
v -85.1819 15.1960 3.9867
v -85.1819 15.4600 3.9867
v -92.6129 24.2460 1.3377
v -92.8989 24.1700 1.2357
v -92.8989 15.1960 1.2357
v -83.7899 15.1960 0.2467
v -84.8349 15.3950 3.0547
v -84.8349 15.1960 3.0547
v -92.4779 0.0230 -0.9513
v -83.7899 0.0230 0.2467
v -84.8349 0.0230 3.0547
v -85.1819 0.0230 3.9867
v -92.8989 0.0230 1.2357
v -85.1819 3.5010 3.9867
v -84.8349 3.5100 3.0547
v -84.8349 15.1960 3.0547
v -85.1819 15.1960 3.9867
v -85.1819 8.8510 3.9867
v -83.7899 15.1960 0.2467
v -84.8349 15.1960 3.0547
v -84.8349 3.5100 3.0547
v -84.8349 0.0230 3.0547
v -83.7899 0.0230 0.2467
v -84.8349 15.3950 3.0547
v -83.7899 15.1960 0.2467
v -87.5599 19.3840 -0.2733
v -88.1499 20.0390 -0.3543
v -91.9359 24.2460 -0.8763
v -92.6129 24.2460 1.3377
v -85.1819 15.4600 3.9867
v -92.4779 15.1960 -0.9513
v -83.7899 15.1960 0.2467
v -83.7899 0.0230 0.2467
v -92.4779 0.0230 -0.9513
v -92.4779 19.3840 -0.9513
v -92.4779 20.5820 -0.9513
v -88.1499 20.0390 -0.3543
v -87.5599 19.3840 -0.2733
v -92.4779 15.1960 -0.9513
v -92.4779 19.3840 -0.9513
v -87.5599 19.3840 -0.2733
v -83.7899 15.1960 0.2467
v -85.1819 0.0230 3.9867
v -85.1819 3.5010 3.9867
v -85.1819 8.8510 3.9867
v -92.8989 8.8510 1.2357
v -92.8989 0.0230 1.2357
v -85.1819 3.5010 3.9867
v -85.1819 0.0230 3.9867
v -84.8349 0.0230 3.0547
v -84.8349 3.5100 3.0547
v -58.6409 5.9310 23.6167
v -58.6409 5.8620 23.6167
v -67.5909 5.8620 20.4197
v -67.5909 5.9880 20.4197
v -58.6409 5.9310 23.6167
v -59.7159 5.7020 27.8387
v -59.7159 0.0230 27.8387
v -58.6409 0.0230 23.6167
v -58.6409 5.8620 23.6167
v -68.9459 5.7020 25.6957
v -67.5909 5.9880 20.4197
v -67.5909 5.8620 20.4197
v -67.5909 0.0230 20.4197
v -68.9459 0.0230 25.6957
v -68.9459 0.0230 25.6957
v -67.5909 0.0230 20.4197
v -58.6409 0.0230 23.6167
v -59.7159 0.0230 27.8387
v -59.7159 5.7020 27.8387
v -68.9459 5.7020 25.6957
v -68.9459 0.0230 25.6957
v -59.7159 0.0230 27.8387
v -59.7159 5.7020 27.8387
v -58.6409 5.9310 23.6167
v -67.5909 5.9880 20.4197
v -68.9459 5.7020 25.6957
v -58.6409 5.8620 23.6167
v -58.6409 0.0230 23.6167
v -67.5909 0.0230 20.4197
v -67.5909 5.8620 20.4197
v -87.5599 19.3840 -0.2733
v -83.7899 19.3840 0.2467
v -83.7899 19.4930 0.2467
v -88.1499 20.0390 -0.3543
v -81.3959 0.0230 -7.4683
v -82.9269 0.0230 0.3657
v -83.7899 0.0230 0.2467
v -92.4779 0.0230 -0.9513
v -91.2109 0.0230 -7.5313
v -89.7139 0.0230 -7.5003
v -86.7189 0.0230 -7.5023
v -82.9269 19.3840 0.3657
v -83.7899 19.4930 0.2467
v -83.7899 19.3840 0.2467
v -81.3959 19.3840 -7.4683
v -82.9269 19.3840 0.3657
v -82.9269 0.0230 0.3657
v -81.3959 0.0230 -7.4683
v -81.3959 5.2690 -7.4683
v -91.2109 19.3840 -7.5313
v -91.2109 23.1620 -7.5313
v -89.7139 23.0800 -7.5003
v -89.7139 19.3840 -7.5003
v -82.9269 19.3840 0.3657
v -83.7899 19.3840 0.2467
v -83.7899 15.1960 0.2467
v -83.7899 0.0230 0.2467
v -82.9269 0.0230 0.3657
v -89.7139 19.3840 -7.5003
v -89.7139 23.0800 -7.5003
v -86.7189 22.8480 -7.5023
v -86.7189 19.3840 -7.5023
v -87.5599 19.3840 -0.2733
v -83.7899 15.1960 0.2467
v -83.7899 19.3840 0.2467
v -89.7139 19.3840 -7.5003
v -86.7189 19.3840 -7.5023
v -86.7189 5.2690 -7.5023
v -86.7189 0.0230 -7.5023
v -89.7139 0.0230 -7.5003
v -91.2109 23.1620 -7.5313
v -92.4779 20.5820 -0.9513
v -88.7019 26.7920 -3.9803
v -81.3959 19.3840 -7.4683
v -81.3959 22.4770 -7.4683
v -82.9269 19.3840 0.3657
v -91.2109 19.3840 -7.5313
v -89.7139 19.3840 -7.5003
v -89.7139 0.0230 -7.5003
v -91.2109 0.0230 -7.5313
v -92.4779 19.3840 -0.9513
v -92.4779 20.5820 -0.9513
v -91.2109 23.1620 -7.5313
v -91.2109 19.3840 -7.5313
v -81.3959 5.2690 -7.4683
v -86.7189 5.2690 -7.5023
v -86.7189 19.3840 -7.5023
v -81.3959 19.3840 -7.4683
v -92.4779 20.5820 -0.9513
v -88.1499 20.0390 -0.3543
v -83.7899 19.4930 0.2467
v -82.9269 19.3840 0.3657
v -86.6589 26.7920 -3.8343
v -88.7019 26.7920 -3.9803
v -86.7189 22.8480 -7.5023
v -89.7139 23.0800 -7.5003
v -91.2109 23.1620 -7.5313
v -88.7019 26.7920 -3.9803
v -86.6589 26.7920 -3.8343
v -81.3959 22.4770 -7.4683
v -92.4779 19.3840 -0.9513
v -91.2109 19.3840 -7.5313
v -91.2109 0.0230 -7.5313
v -92.4779 0.0230 -0.9513
v -92.4779 15.1960 -0.9513
v -86.7189 19.3840 -7.5023
v -86.7189 22.8480 -7.5023
v -81.3959 22.4770 -7.4683
v -81.3959 19.3840 -7.4683
v -82.9269 19.3840 0.3657
v -81.3959 22.4770 -7.4683
v -86.6589 26.7920 -3.8343
v -92.4779 15.1960 -0.9513
v -83.7899 15.1960 0.2467
v -87.5599 19.3840 -0.2733
v -92.4779 19.3840 -0.9513
v -92.4779 0.0230 -0.9513
v -83.7899 0.0230 0.2467
v -83.7899 15.1960 0.2467
v -92.4779 15.1960 -0.9513
v -92.4779 19.3840 -0.9513
v -87.5599 19.3840 -0.2733
v -88.1499 20.0390 -0.3543
v -92.4779 20.5820 -0.9513
v -81.3959 5.2690 -7.4683
v -81.3959 0.0230 -7.4683
v -86.7189 0.0230 -7.5023
v -86.7189 5.2690 -7.5023
v -75.5109 5.2330 7.4337
v -75.1849 5.2390 6.5387
v -80.6619 15.6000 4.5617
v -80.9989 15.6000 5.4777
v -77.4259 8.8510 6.7507
v -75.1849 5.2390 6.5387
v -84.8349 3.5100 3.0547
v -80.6619 15.6000 4.5617
v -85.1819 0.0230 3.9867
v -84.8349 0.0230 3.0547
v -75.1849 0.0230 6.5387
v -75.5109 0.0230 7.4337
v -83.3319 8.8510 4.6457
v -77.4259 8.8510 6.7507
v -80.9989 15.6000 5.4777
v -84.8349 3.5100 3.0547
v -75.1849 5.2390 6.5387
v -75.1849 0.0230 6.5387
v -84.8349 0.0230 3.0547
v -84.8349 3.5100 3.0547
v -85.1819 3.5010 3.9867
v -83.3319 8.8510 4.6457
v -80.9989 15.6000 5.4777
v -80.6619 15.6000 4.5617
v -85.1819 3.5010 3.9867
v -85.1819 0.0230 3.9867
v -75.5109 0.0230 7.4337
v -75.5109 5.2330 7.4337
v -85.1819 3.5010 3.9867
v -75.5109 5.2330 7.4337
v -77.4259 8.8510 6.7507
v -83.3319 8.8510 4.6457
v -75.1849 0.0230 6.5387
v -75.1849 5.2390 6.5387
v -75.5109 5.2330 7.4337
v -75.5109 0.0230 7.4337
v -84.8349 0.0230 3.0547
v -85.1819 0.0230 3.9867
v -85.1819 3.5010 3.9867
v -84.8349 3.5100 3.0547
v -78.7819 5.8500 16.4227
v -75.5109 5.8500 7.4337
v -75.5109 8.8510 7.4337
v -78.7819 8.8510 16.4227
v -79.1879 8.8510 17.5387
v -98.3549 8.8510 10.5657
v -98.3549 0.0230 10.5657
v -79.1879 0.0230 17.5387
v -98.3549 8.8510 10.5657
v -94.6249 8.8510 0.6377
v -94.6249 0.0230 0.6377
v -98.3549 0.0230 10.5657
v -78.7819 8.8510 16.4227
v -79.1879 8.8510 17.5387
v -79.1879 0.0230 17.5387
v -78.7819 0.0230 16.4227
v -78.7819 5.8500 16.4227
v -85.1819 3.5010 3.9867
v -85.1819 8.8510 3.9867
v -83.3319 8.8510 4.6457
v -75.5109 5.2330 7.4337
v -77.4259 8.8510 6.7507
v -75.5109 8.8510 7.4337
v -75.5109 5.8500 7.4337
v -78.7819 8.8510 16.4227
v -75.5109 8.8510 7.4337
v -77.4259 8.8510 6.7507
v -83.3319 8.8510 4.6457
v -85.1819 8.8510 3.9867
v -92.8989 8.8510 1.2357
v -94.6249 8.8510 0.6377
v -98.3549 8.8510 10.5657
v -79.1879 8.8510 17.5387
v -79.1879 0.0230 17.5387
v -98.3549 0.0230 10.5657
v -94.6249 0.0230 0.6377
v -92.8989 0.0230 1.2357
v -85.1819 0.0230 3.9867
v -75.5109 0.0230 7.4337
v -78.7819 0.0230 16.4227
v -94.6249 8.8510 0.6377
v -92.8989 8.8510 1.2357
v -92.8989 0.0230 1.2357
v -94.6249 0.0230 0.6377
v -78.7819 0.0230 16.4227
v -75.5109 0.0230 7.4337
v -75.5109 5.2330 7.4337
v -75.5109 5.8500 7.4337
v -78.7819 5.8500 16.4227
v -75.5109 5.2330 7.4337
v -75.5109 0.0230 7.4337
v -85.1819 0.0230 3.9867
v -85.1819 3.5010 3.9867
v -75.5109 5.2330 7.4337
v -85.1819 3.5010 3.9867
v -83.3319 8.8510 4.6457
v -77.4259 8.8510 6.7507
v -85.1819 0.0230 3.9867
v -92.8989 0.0230 1.2357
v -92.8989 8.8510 1.2357
v -85.1819 8.8510 3.9867
v -85.1819 3.5010 3.9867
v 12.8981 4.9310 -75.1703
v 12.4931 4.9310 -79.7983
v 12.4931 1.4650 -79.7983
v 12.8981 1.4650 -75.1703
v 13.4001 4.9310 -89.4773
v 19.3361 4.9310 -90.1673
v 19.3361 1.4650 -90.1673
v 13.4001 1.4650 -89.4773
v 13.1661 4.9310 -79.8563
v 12.7761 4.9310 -84.3083
v 12.7761 1.4650 -84.3083
v 13.1661 1.4650 -79.8563
v 12.4931 4.9310 -79.7983
v 13.1661 4.9310 -79.8563
v 13.1661 1.4650 -79.8563
v 12.4931 1.4650 -79.7983
v 13.8441 4.9310 -84.4023
v 13.4001 4.9310 -89.4773
v 13.4001 1.4650 -89.4773
v 13.8441 1.4650 -84.4023
v 19.4221 4.9310 -89.3053
v 19.4911 4.9310 -88.6323
v 19.4911 1.4650 -88.6323
v 19.4221 1.4650 -89.3053
v 21.2711 4.9310 -71.1523
v 12.3791 4.9310 -70.3203
v 12.3791 1.4650 -70.3203
v 21.2711 1.4650 -71.1523
v 21.2711 4.9310 -71.1523
v 20.9501 4.9310 -74.3073
v 19.4911 4.9310 -88.6323
v 19.4221 4.9310 -89.3053
v 19.3361 4.9310 -90.1673
v 13.4001 4.9310 -89.4773
v 13.8441 4.9310 -84.4023
v 12.7761 4.9310 -84.3083
v 13.1661 4.9310 -79.8563
v 12.4931 4.9310 -79.7983
v 12.8981 4.9310 -75.1703
v 11.9601 4.9310 -75.0883
v 12.3791 4.9310 -70.3203
v 11.9601 4.9310 -75.0883
v 12.8981 4.9310 -75.1703
v 12.8981 1.4650 -75.1703
v 11.9601 1.4650 -75.0883
v 12.3791 1.4650 -70.3203
v 11.9601 1.4650 -75.0883
v 12.8981 1.4650 -75.1703
v 12.4931 1.4650 -79.7983
v 13.1661 1.4650 -79.8563
v 12.7761 1.4650 -84.3083
v 13.8441 1.4650 -84.4023
v 13.4001 1.4650 -89.4773
v 19.3361 1.4650 -90.1673
v 19.4221 1.4650 -89.3053
v 19.4911 1.4650 -88.6323
v 20.9501 1.4650 -74.3073
v 21.2711 1.4650 -71.1523
v 19.3361 4.9310 -90.1673
v 19.4221 4.9310 -89.3053
v 19.4221 1.4650 -89.3053
v 19.3361 1.4650 -90.1673
v 19.4911 4.9310 -88.6323
v 20.9501 4.9310 -74.3073
v 20.9501 1.4650 -74.3073
v 19.4911 1.4650 -88.6323
v 12.7761 4.9310 -84.3083
v 13.8441 4.9310 -84.4023
v 13.8441 1.4650 -84.4023
v 12.7761 1.4650 -84.3083
v 12.3791 4.9310 -70.3203
v 11.9601 4.9310 -75.0883
v 11.9601 1.4650 -75.0883
v 12.3791 1.4650 -70.3203
v 20.9501 4.9310 -74.3073
v 21.2711 4.9310 -71.1523
v 21.2711 1.4650 -71.1523
v 20.9501 1.4650 -74.3073
v 49.5661 4.9010 81.2337
v 47.6171 4.8010 81.4027
v 47.6171 1.1800 81.4027
v 49.5661 1.1800 81.2337
v 46.3801 4.8010 69.1057
v 46.4291 4.7760 69.5887
v 46.4291 4.8010 69.5887
v 46.4291 4.8010 69.5887
v 47.6171 4.8010 81.4027
v 49.5661 4.9010 81.2337
v 54.2561 5.1420 80.8267
v 55.1961 5.1900 80.7447
v 53.1691 5.1860 61.4017
v 45.6821 4.8010 62.1637
v 46.3801 4.8010 69.1057
v 47.6171 4.8010 81.4027
v 46.4291 4.8010 69.5887
v 46.4291 4.7760 69.5887
v 46.4291 1.1800 69.5887
v 47.6171 1.1800 81.4027
v 45.6821 1.1800 62.1637
v 53.1691 1.1800 61.4017
v 55.1961 1.1800 80.7447
v 54.2561 1.1800 80.8267
v 49.5661 1.1800 81.2337
v 47.6171 1.1800 81.4027
v 46.4291 1.1800 69.5887
v 54.2561 5.1420 80.8267
v 49.5661 4.9010 81.2337
v 49.5661 1.1800 81.2337
v 54.2561 1.1800 80.8267
v 45.6821 4.8010 62.1637
v 53.1691 5.1860 61.4017
v 53.1691 1.1800 61.4017
v 45.6821 1.1800 62.1637
v 55.1961 5.1900 80.7447
v 54.2561 5.1420 80.8267
v 54.2561 1.1800 80.8267
v 55.1961 1.1800 80.7447
v 53.1691 5.1860 61.4017
v 55.1961 5.1900 80.7447
v 55.1961 1.1800 80.7447
v 53.1691 1.1800 61.4017
v 45.6821 1.1800 62.1637
v 46.4291 1.1800 69.5887
v 46.4291 4.7760 69.5887
v 46.3801 4.8010 69.1057
v 45.6821 4.8010 62.1637
v 34.7161 5.1860 96.8087
v 32.5271 5.1870 97.0097
v 32.5271 1.1800 97.0097
v 34.7161 1.1800 96.8087
v 31.9801 5.0040 93.7177
v 32.2701 5.0040 97.0337
v 32.2701 5.1870 97.0337
v 46.1231 4.7810 88.4507
v 31.6271 4.7810 89.6777
v 31.9801 5.0040 93.7177
v 32.2701 5.1870 97.0337
v 32.5271 5.1870 97.0097
v 34.7161 5.1860 96.8087
v 37.4381 5.1850 96.5577
v 46.9951 5.1810 95.6747
v 46.1231 4.7810 88.4507
v 46.9951 5.1810 95.6747
v 46.9951 1.1800 95.6747
v 46.1231 1.1800 88.4507
v 31.6271 4.7810 89.6777
v 46.1231 4.7810 88.4507
v 46.1231 1.1800 88.4507
v 31.6271 1.1800 89.6777
v 32.5271 5.1870 97.0097
v 32.2701 5.1870 97.0337
v 32.2701 5.0040 97.0337
v 32.2701 1.1800 97.0337
v 32.5271 1.1800 97.0097
v 37.4381 5.1850 96.5577
v 34.7161 5.1860 96.8087
v 34.7161 1.1800 96.8087
v 37.4381 1.1800 96.5577
v 46.9951 5.1810 95.6747
v 37.4381 5.1850 96.5577
v 37.4381 1.1800 96.5577
v 46.9951 1.1800 95.6747
v 46.9951 1.1800 95.6747
v 37.4381 1.1800 96.5577
v 34.7161 1.1800 96.8087
v 32.5271 1.1800 97.0097
v 32.2701 1.1800 97.0337
v 31.6271 1.1800 89.6777
v 46.1231 1.1800 88.4507
v 31.6271 4.7810 89.6777
v 31.6271 1.1800 89.6777
v 32.2701 1.1800 97.0337
v 32.2701 5.0040 97.0337
v 31.9801 5.0040 93.7177
v 29.3671 5.0040 63.8237
v 29.6291 5.0040 66.8227
v 29.3671 5.1590 63.8237
v 46.4291 4.7760 69.5887
v 46.3801 4.8010 69.1057
v 45.6821 5.1600 62.1637
v 29.3671 5.1590 63.8237
v 29.6291 5.0040 66.8227
v 30.0151 4.7760 71.2337
v 30.0151 1.1800 71.2337
v 29.3671 1.1800 63.8237
v 45.6821 1.1800 62.1637
v 46.4291 1.1800 69.5887
v 46.4291 4.7760 69.5887
v 30.0151 4.7760 71.2337
v 30.0151 1.1800 71.2337
v 46.4291 1.1800 69.5887
v 29.3671 5.1590 63.8237
v 45.6821 5.1600 62.1637
v 45.6821 4.8010 62.1637
v 45.6821 1.1800 62.1637
v 29.3671 1.1800 63.8237
v 29.3671 5.0040 63.8237
v 46.3801 4.8010 69.1057
v 45.6821 4.8010 62.1637
v 45.6821 5.1600 62.1637
v 46.4291 4.7760 69.5887
v 46.4291 1.1800 69.5887
v 45.6821 1.1800 62.1637
v 45.6821 4.8010 62.1637
v 46.3801 4.8010 69.1057
v 29.3671 1.1800 63.8237
v 30.0151 1.1800 71.2337
v 30.0151 4.7760 71.2337
v 29.6291 5.0040 66.8227
v 29.3671 5.0040 63.8237
v 30.1491 5.0040 73.4777
v 31.3981 5.0040 87.1777
v 31.3981 1.1800 87.1777
v 30.1491 1.1800 73.4777
v 30.0151 5.0040 71.2337
v 30.1491 5.0040 73.4777
v 30.1491 1.1800 73.4777
v 30.0151 1.1800 71.2337
v 30.0151 4.7760 71.2337
v 29.3671 1.1800 63.8237
v 30.0151 1.1800 71.2337
v 30.1491 1.1800 73.4777
v 31.3981 1.1800 87.1777
v 31.6271 1.1800 89.6777
v 32.2701 1.1800 97.0337
v 31.0031 1.1800 97.1547
v 22.8581 1.1800 97.9277
v 21.9571 1.1800 88.7537
v 20.5151 1.1800 74.0907
v 20.1971 1.1800 70.0727
v 19.6941 1.1800 64.8077
v 31.0031 5.0040 97.1547
v 22.8581 5.0040 97.9277
v 22.8581 1.1800 97.9277
v 31.0031 1.1800 97.1547
v 20.5151 5.0040 74.0907
v 20.1971 5.0040 70.0727
v 20.1971 1.1800 70.0727
v 20.5151 1.1800 74.0907
v 32.2701 5.0040 97.0337
v 31.0031 5.0040 97.1547
v 31.0031 1.1800 97.1547
v 32.2701 1.1800 97.0337
v 19.6941 5.0040 64.8077
v 29.3671 5.0040 63.8237
v 29.3671 1.1800 63.8237
v 19.6941 1.1800 64.8077
v 20.1971 5.0040 70.0727
v 19.6941 5.0040 64.8077
v 19.6941 1.1800 64.8077
v 20.1971 1.1800 70.0727
v 30.0151 4.7760 71.2337
v 29.6291 5.0040 66.8227
v 30.0151 5.0040 71.2337
v 31.3981 5.0040 87.1777
v 31.6271 5.0040 89.6777
v 31.6271 4.7810 89.6777
v 31.6271 1.1800 89.6777
v 31.3981 1.1800 87.1777
v 19.6941 5.0040 64.8077
v 20.1971 5.0040 70.0727
v 20.5151 5.0040 74.0907
v 21.9571 5.0040 88.7537
v 22.8581 5.0040 97.9277
v 31.0031 5.0040 97.1547
v 32.2701 5.0040 97.0337
v 31.9801 5.0040 93.7177
v 31.6271 5.0040 89.6777
v 31.3981 5.0040 87.1777
v 30.1491 5.0040 73.4777
v 30.0151 5.0040 71.2337
v 29.6291 5.0040 66.8227
v 29.3671 5.0040 63.8237
v 21.9571 5.0040 88.7537
v 20.5151 5.0040 74.0907
v 20.5151 1.1800 74.0907
v 21.9571 1.1800 88.7537
v 22.8581 5.0040 97.9277
v 21.9571 5.0040 88.7537
v 21.9571 1.1800 88.7537
v 22.8581 1.1800 97.9277
v 31.9801 5.0040 93.7177
v 31.6271 4.7810 89.6777
v 31.6271 5.0040 89.6777
v 30.0151 1.1800 71.2337
v 29.3671 1.1800 63.8237
v 29.3671 5.0040 63.8237
v 29.6291 5.0040 66.8227
v 30.0151 4.7760 71.2337
v 32.2701 1.1800 97.0337
v 31.6271 1.1800 89.6777
v 31.6271 4.7810 89.6777
v 31.9801 5.0040 93.7177
v 32.2701 5.0040 97.0337
v 49.5661 4.9010 81.2337
v 47.6171 4.8010 81.4027
v 47.6171 1.1800 81.4027
v 49.5661 1.1800 81.2337
v 46.3801 4.8010 69.1057
v 46.4291 4.7760 69.5887
v 46.4291 4.8010 69.5887
v 46.4291 4.8010 69.5887
v 47.6171 4.8010 81.4027
v 49.5661 4.9010 81.2337
v 54.2561 5.1420 80.8267
v 55.1961 5.1900 80.7447
v 53.1691 5.1860 61.4017
v 45.6821 4.8010 62.1637
v 46.3801 4.8010 69.1057
v 47.6171 4.8010 81.4027
v 46.4291 4.8010 69.5887
v 46.4291 4.7760 69.5887
v 46.4291 1.1800 69.5887
v 47.6171 1.1800 81.4027
v 45.6821 1.1800 62.1637
v 53.1691 1.1800 61.4017
v 55.1961 1.1800 80.7447
v 54.2561 1.1800 80.8267
v 49.5661 1.1800 81.2337
v 47.6171 1.1800 81.4027
v 46.4291 1.1800 69.5887
v 54.2561 5.1420 80.8267
v 49.5661 4.9010 81.2337
v 49.5661 1.1800 81.2337
v 54.2561 1.1800 80.8267
v 45.6821 4.8010 62.1637
v 53.1691 5.1860 61.4017
v 53.1691 1.1800 61.4017
v 45.6821 1.1800 62.1637
v 55.1961 5.1900 80.7447
v 54.2561 5.1420 80.8267
v 54.2561 1.1800 80.8267
v 55.1961 1.1800 80.7447
v 53.1691 5.1860 61.4017
v 55.1961 5.1900 80.7447
v 55.1961 1.1800 80.7447
v 53.1691 1.1800 61.4017
v 45.6821 1.1800 62.1637
v 46.4291 1.1800 69.5887
v 46.4291 4.7760 69.5887
v 46.3801 4.8010 69.1057
v 45.6821 4.8010 62.1637
v 34.7161 5.1860 96.8087
v 32.5271 5.1870 97.0097
v 32.5271 1.1800 97.0097
v 34.7161 1.1800 96.8087
v 31.9801 5.0040 93.7177
v 32.2701 5.0040 97.0337
v 32.2701 5.1870 97.0337
v 46.1231 4.7810 88.4507
v 31.6271 4.7810 89.6777
v 31.9801 5.0040 93.7177
v 32.2701 5.1870 97.0337
v 32.5271 5.1870 97.0097
v 34.7161 5.1860 96.8087
v 37.4381 5.1850 96.5577
v 46.9951 5.1810 95.6747
v 46.1231 4.7810 88.4507
v 46.9951 5.1810 95.6747
v 46.9951 1.1800 95.6747
v 46.1231 1.1800 88.4507
v 31.6271 4.7810 89.6777
v 46.1231 4.7810 88.4507
v 46.1231 1.1800 88.4507
v 31.6271 1.1800 89.6777
v 32.5271 5.1870 97.0097
v 32.2701 5.1870 97.0337
v 32.2701 5.0040 97.0337
v 32.2701 1.1800 97.0337
v 32.5271 1.1800 97.0097
v 37.4381 5.1850 96.5577
v 34.7161 5.1860 96.8087
v 34.7161 1.1800 96.8087
v 37.4381 1.1800 96.5577
v 46.9951 5.1810 95.6747
v 37.4381 5.1850 96.5577
v 37.4381 1.1800 96.5577
v 46.9951 1.1800 95.6747
v 46.9951 1.1800 95.6747
v 37.4381 1.1800 96.5577
v 34.7161 1.1800 96.8087
v 32.5271 1.1800 97.0097
v 32.2701 1.1800 97.0337
v 31.6271 1.1800 89.6777
v 46.1231 1.1800 88.4507
v 31.6271 4.7810 89.6777
v 31.6271 1.1800 89.6777
v 32.2701 1.1800 97.0337
v 32.2701 5.0040 97.0337
v 31.9801 5.0040 93.7177
v 29.3671 5.0040 63.8237
v 29.6291 5.0040 66.8227
v 29.3671 5.1590 63.8237
v 46.4291 4.7760 69.5887
v 46.3801 4.8010 69.1057
v 45.6821 5.1600 62.1637
v 29.3671 5.1590 63.8237
v 29.6291 5.0040 66.8227
v 30.0151 4.7760 71.2337
v 30.0151 1.1800 71.2337
v 29.3671 1.1800 63.8237
v 45.6821 1.1800 62.1637
v 46.4291 1.1800 69.5887
v 46.4291 4.7760 69.5887
v 30.0151 4.7760 71.2337
v 30.0151 1.1800 71.2337
v 46.4291 1.1800 69.5887
v 29.3671 5.1590 63.8237
v 45.6821 5.1600 62.1637
v 45.6821 4.8010 62.1637
v 45.6821 1.1800 62.1637
v 29.3671 1.1800 63.8237
v 29.3671 5.0040 63.8237
v 46.3801 4.8010 69.1057
v 45.6821 4.8010 62.1637
v 45.6821 5.1600 62.1637
v 46.4291 4.7760 69.5887
v 46.4291 1.1800 69.5887
v 45.6821 1.1800 62.1637
v 45.6821 4.8010 62.1637
v 46.3801 4.8010 69.1057
v 29.3671 1.1800 63.8237
v 30.0151 1.1800 71.2337
v 30.0151 4.7760 71.2337
v 29.6291 5.0040 66.8227
v 29.3671 5.0040 63.8237
v 30.1491 5.0040 73.4777
v 31.3981 5.0040 87.1777
v 31.3981 1.1800 87.1777
v 30.1491 1.1800 73.4777
v 30.0151 5.0040 71.2337
v 30.1491 5.0040 73.4777
v 30.1491 1.1800 73.4777
v 30.0151 1.1800 71.2337
v 30.0151 4.7760 71.2337
v 29.3671 1.1800 63.8237
v 30.0151 1.1800 71.2337
v 30.1491 1.1800 73.4777
v 31.3981 1.1800 87.1777
v 31.6271 1.1800 89.6777
v 32.2701 1.1800 97.0337
v 31.0031 1.1800 97.1547
v 22.8581 1.1800 97.9277
v 21.9571 1.1800 88.7537
v 20.5151 1.1800 74.0907
v 20.1971 1.1800 70.0727
v 19.6941 1.1800 64.8077
v 31.0031 5.0040 97.1547
v 22.8581 5.0040 97.9277
v 22.8581 1.1800 97.9277
v 31.0031 1.1800 97.1547
v 20.5151 5.0040 74.0907
v 20.1971 5.0040 70.0727
v 20.1971 1.1800 70.0727
v 20.5151 1.1800 74.0907
v 32.2701 5.0040 97.0337
v 31.0031 5.0040 97.1547
v 31.0031 1.1800 97.1547
v 32.2701 1.1800 97.0337
v 19.6941 5.0040 64.8077
v 29.3671 5.0040 63.8237
v 29.3671 1.1800 63.8237
v 19.6941 1.1800 64.8077
v 20.1971 5.0040 70.0727
v 19.6941 5.0040 64.8077
v 19.6941 1.1800 64.8077
v 20.1971 1.1800 70.0727
v 30.0151 4.7760 71.2337
v 29.6291 5.0040 66.8227
v 30.0151 5.0040 71.2337
v 31.3981 5.0040 87.1777
v 31.6271 5.0040 89.6777
v 31.6271 4.7810 89.6777
v 31.6271 1.1800 89.6777
v 31.3981 1.1800 87.1777
v 19.6941 5.0040 64.8077
v 20.1971 5.0040 70.0727
v 20.5151 5.0040 74.0907
v 21.9571 5.0040 88.7537
v 22.8581 5.0040 97.9277
v 31.0031 5.0040 97.1547
v 32.2701 5.0040 97.0337
v 31.9801 5.0040 93.7177
v 31.6271 5.0040 89.6777
v 31.3981 5.0040 87.1777
v 30.1491 5.0040 73.4777
v 30.0151 5.0040 71.2337
v 29.6291 5.0040 66.8227
v 29.3671 5.0040 63.8237
v 21.9571 5.0040 88.7537
v 20.5151 5.0040 74.0907
v 20.5151 1.1800 74.0907
v 21.9571 1.1800 88.7537
v 22.8581 5.0040 97.9277
v 21.9571 5.0040 88.7537
v 21.9571 1.1800 88.7537
v 22.8581 1.1800 97.9277
v 31.9801 5.0040 93.7177
v 31.6271 4.7810 89.6777
v 31.6271 5.0040 89.6777
v 30.0151 1.1800 71.2337
v 29.3671 1.1800 63.8237
v 29.3671 5.0040 63.8237
v 29.6291 5.0040 66.8227
v 30.0151 4.7760 71.2337
v 32.2701 1.1800 97.0337
v 31.6271 1.1800 89.6777
v 31.6271 4.7810 89.6777
v 31.9801 5.0040 93.7177
v 32.2701 5.0040 97.0337
v -37.3029 27.2610 107.2577
v -37.9009 27.2610 107.3147
v -37.9009 1.6640 107.3147
v -37.3029 1.6640 107.2577
v -37.3029 1.6640 107.2577
v -37.9009 1.6640 107.3147
v -38.2409 1.6640 103.7307
v -37.6439 1.6640 103.6737
v -37.9009 27.2610 107.3147
v -38.2409 27.2610 103.7307
v -38.2409 1.6640 103.7307
v -37.9009 1.6640 107.3147
v -37.6439 27.2610 103.6737
v -38.2409 27.2610 103.7307
v -37.9009 27.2610 107.3147
v -37.3029 27.2610 107.2577
v -38.2409 27.2610 103.7307
v -37.6439 27.2610 103.6737
v -37.6439 1.6640 103.6737
v -38.2409 1.6640 103.7307
v -37.6439 27.2610 103.6737
v -37.3029 27.2610 107.2577
v -37.3029 1.6640 107.2577
v -37.6439 1.6640 103.6737
v -41.4289 5.0060 86.4407
v -40.6199 5.0060 89.9487
v -40.6199 2.0060 89.9487
v -41.4289 2.0060 86.4407
v -40.6199 2.0060 89.9487
v -41.2049 2.0060 90.0837
v -42.0129 2.0060 86.5757
v -41.4289 2.0060 86.4407
v -42.0129 5.0060 86.5757
v -41.4289 5.0060 86.4407
v -41.4289 2.0060 86.4407
v -42.0129 2.0060 86.5757
v -40.6199 5.0060 89.9487
v -41.2049 5.0060 90.0837
v -41.2049 2.0060 90.0837
v -40.6199 2.0060 89.9487
v -41.2049 5.0060 90.0837
v -42.0129 5.0060 86.5757
v -42.0129 2.0060 86.5757
v -41.2049 2.0060 90.0837
v -41.4289 5.0060 86.4407
v -42.0129 5.0060 86.5757
v -41.2049 5.0060 90.0837
v -40.6199 5.0060 89.9487
v -124.5569 5.2640 34.0787
v -124.9889 5.2640 36.2357
v -124.9889 2.0190 36.2357
v -124.5569 2.0190 34.0787
v -128.9669 5.2640 35.4567
v -128.5219 5.2640 33.2737
v -128.5219 2.0190 33.2737
v -128.9669 2.0190 35.4567
v -128.5219 5.2640 33.2737
v -124.5569 5.2640 34.0787
v -124.5569 2.0190 34.0787
v -128.5219 2.0190 33.2737
v -128.5219 5.2640 33.2737
v -128.9669 5.2640 35.4567
v -124.9889 5.2640 36.2357
v -124.5569 5.2640 34.0787
v -124.9889 5.2640 36.2357
v -128.9669 5.2640 35.4567
v -128.9669 2.0190 35.4567
v -124.9889 2.0190 36.2357
v -124.5569 2.0190 34.0787
v -124.9889 2.0190 36.2357
v -128.9669 2.0190 35.4567
v -128.5219 2.0190 33.2737
v -25.6379 5.1260 -77.5953
v -56.2219 5.1260 -74.6153
v -56.2219 1.4680 -74.6153
v -25.6379 1.4680 -77.5953
v -25.8979 5.1260 -80.1223
v -25.6379 5.1260 -77.5953
v -25.6379 1.4680 -77.5953
v -25.8979 1.4680 -80.1223
v -57.2669 5.1260 -84.5763
v -57.2969 5.1260 -84.8653
v -57.2969 1.4680 -84.8653
v -57.2669 1.4680 -84.5763
v -56.2219 1.4680 -74.6153
v -57.2669 1.4680 -84.5763
v -57.2969 1.4680 -84.8653
v -26.7089 1.4680 -88.0033
v -25.8979 1.4680 -80.1223
v -25.6379 1.4680 -77.5953
v -25.6379 5.1260 -77.5953
v -25.8979 5.1260 -80.1223
v -26.7089 5.1260 -88.0033
v -57.2969 5.1260 -84.8653
v -57.2669 5.1260 -84.5763
v -56.2219 5.1260 -74.6153
v -56.2219 5.1260 -74.6153
v -57.2669 5.1260 -84.5763
v -57.2669 1.4680 -84.5763
v -56.2219 1.4680 -74.6153
v -57.2969 5.1260 -84.8653
v -26.7089 5.1260 -88.0033
v -26.7089 1.4680 -88.0033
v -57.2969 1.4680 -84.8653
v -26.7089 5.1260 -88.0033
v -25.8979 5.1260 -80.1223
v -25.8979 1.4680 -80.1223
v -26.7089 1.4680 -88.0033
v -75.0619 34.1740 -37.1373
v -74.3699 33.6560 -38.1083
v -76.2399 33.6560 -36.9713
v -74.8499 34.4260 -35.7823
v -75.0619 34.1740 -37.1373
v -76.2399 33.6560 -36.9713
v -77.4459 33.6560 -32.1793
v -76.2399 33.6560 -36.9713
v -74.3699 33.6560 -38.1083
v -74.3699 1.4870 -38.1083
v -76.2399 1.4870 -36.9713
v -72.6019 33.6560 -35.2753
v -73.6059 33.6560 -34.6333
v -73.6059 1.4870 -34.6333
v -72.6019 1.4870 -35.2753
v -77.4459 33.6560 -32.1793
v -76.2399 33.6560 -36.9713
v -76.2399 1.4870 -36.9713
v -77.4459 1.4870 -32.1793
v -75.0619 34.1740 -37.1373
v -74.8499 34.4260 -35.7823
v -72.6019 33.6560 -35.2753
v -74.3699 33.6560 -38.1083
v -74.8499 34.4260 -35.7823
v -73.6059 33.6560 -34.6333
v -72.6019 33.6560 -35.2753
v -73.6059 33.6560 -34.6333
v -77.4459 33.6560 -32.1793
v -77.4459 1.4870 -32.1793
v -73.6059 1.4870 -34.6333
v -77.4459 1.4870 -32.1793
v -76.2399 1.4870 -36.9713
v -74.3699 1.4870 -38.1083
v -72.6019 1.4870 -35.2753
v -73.6059 1.4870 -34.6333
v -73.6059 33.6560 -34.6333
v -74.8499 34.4260 -35.7823
v -77.4459 33.6560 -32.1793
v -74.3699 33.6560 -38.1083
v -72.6019 33.6560 -35.2753
v -72.6019 1.4870 -35.2753
v -74.3699 1.4870 -38.1083
v -27.2659 1.6540 68.5807
v -27.8499 1.6540 68.7147
v -28.6539 1.6540 65.2057
v -28.0689 1.6540 65.0717
v -27.8499 4.6540 68.7147
v -28.6539 4.6540 65.2057
v -28.6539 1.6540 65.2057
v -27.8499 1.6540 68.7147
v -27.2659 4.6540 68.5807
v -27.8499 4.6540 68.7147
v -27.8499 1.6540 68.7147
v -27.2659 1.6540 68.5807
v -28.0689 4.6540 65.0717
v -27.2659 4.6540 68.5807
v -27.2659 1.6540 68.5807
v -28.0689 1.6540 65.0717
v -28.0689 4.6540 65.0717
v -28.6539 4.6540 65.2057
v -27.8499 4.6540 68.7147
v -27.2659 4.6540 68.5807
v -28.6539 4.6540 65.2057
v -28.0689 4.6540 65.0717
v -28.0689 1.6540 65.0717
v -28.6539 1.6540 65.2057
v -97.4259 9.7940 -11.8353
v -97.4919 9.8390 -12.5743
v -97.4919 1.5400 -12.5743
v -97.4259 1.5400 -11.8353
v -94.3239 9.8620 -7.9443
v -94.9889 9.8110 -8.2743
v -94.9889 1.5400 -8.2743
v -94.3239 1.5400 -7.9443
v -69.1319 14.0220 -27.1803
v -70.5969 13.7900 -26.1993
v -70.5969 1.5400 -26.1993
v -69.1319 1.5400 -27.1803
v -73.1709 12.4550 -11.4033
v -73.4909 12.3310 -10.1533
v -73.4909 1.5400 -10.1533
v -73.1709 1.5400 -11.4033
v -96.2779 10.2930 -17.0813
v -95.7469 10.4110 -17.9193
v -95.7469 1.5400 -17.9193
v -96.2779 1.5400 -17.0813
v -77.4459 13.4540 -32.1793
v -73.6059 14.0540 -34.6333
v -73.6059 1.5400 -34.6333
v -77.4459 1.5400 -32.1793
v -78.9879 11.6320 -8.9023
v -81.1209 11.3930 -8.8733
v -81.1209 1.5400 -8.8733
v -78.9879 1.5400 -8.9023
v -95.1299 10.5350 -18.6983
v -94.4359 10.6620 -19.4073
v -94.4359 1.5400 -19.4073
v -95.1299 1.5400 -18.6983
v -68.3459 13.6540 -20.7563
v -70.0649 13.4060 -19.9503
v -70.0649 1.5400 -19.9503
v -68.3459 1.5400 -20.7563
v -70.1949 12.9590 -13.8483
v -70.0789 12.8400 -11.9933
v -70.0789 1.5400 -11.9933
v -70.1949 1.5400 -13.8483
v -89.7139 10.3420 -7.5003
v -91.2109 10.1780 -7.5313
v -91.2109 1.5400 -7.5313
v -89.7139 1.5400 -7.5003
v -73.6059 14.0540 -34.6333
v -69.1319 14.0220 -27.1803
v -69.1319 1.5400 -27.1803
v -73.6059 1.5400 -34.6333
v -80.2559 13.0090 -30.3013
v -77.4459 13.4540 -32.1793
v -77.4459 1.5400 -32.1793
v -80.2559 1.5400 -30.3013
v -68.2959 13.2070 -14.3763
v -70.1949 12.9590 -13.8483
v -70.1949 1.5400 -13.8483
v -68.2959 1.5400 -14.3763
v -91.2109 10.1780 -7.5313
v -92.8869 9.9960 -7.5913
v -92.8869 1.5400 -7.5913
v -91.2109 1.5400 -7.5313
v -97.4499 9.8960 -13.3153
v -97.3069 9.9810 -14.2973
v -97.3069 1.5400 -14.2973
v -97.4499 1.5400 -13.3153
v -70.0649 13.4060 -19.9503
v -68.2959 13.2070 -14.3763
v -68.2959 1.5400 -14.3763
v -70.0649 1.5400 -19.9503
v -70.5969 13.7900 -26.1993
v -68.3459 13.6540 -20.7563
v -68.3459 1.5400 -20.7563
v -70.5969 1.5400 -26.1993
v -95.7469 10.4110 -17.9193
v -95.1299 10.5350 -18.6983
v -95.1299 1.5400 -18.6983
v -95.7469 1.5400 -17.9193
v -68.3459 1.5400 -20.7563
v -70.0649 1.5400 -19.9503
v -68.2959 1.5400 -14.3763
v -70.1949 1.5400 -13.8483
v -70.0789 1.5400 -11.9933
v -73.1709 1.5400 -11.4033
v -73.4909 1.5400 -10.1533
v -78.7679 1.5400 -9.8193
v -78.9879 1.5400 -8.9023
v -81.1209 1.5400 -8.8733
v -86.5009 1.5400 -8.8003
v -86.7189 1.5400 -7.5023
v -89.7139 1.5400 -7.5003
v -91.2109 1.5400 -7.5313
v -92.8869 1.5400 -7.5913
v -93.6189 1.5400 -7.7153
v -94.3239 1.5400 -7.9443
v -94.9889 1.5400 -8.2743
v -95.5989 1.5400 -8.6963
v -96.1409 1.5400 -9.2033
v -96.6039 1.5400 -9.7833
v -96.9769 1.5400 -10.4253
v -97.2529 1.5400 -11.1143
v -97.4259 1.5400 -11.8353
v -97.4919 1.5400 -12.5743
v -97.4499 1.5400 -13.3153
v -97.3069 1.5400 -14.2973
v -97.0619 1.5400 -15.2603
v -96.7179 1.5400 -16.1913
v -96.2779 1.5400 -17.0813
v -95.7469 1.5400 -17.9193
v -95.1299 1.5400 -18.6983
v -94.4359 1.5400 -19.4073
v -91.0759 1.5400 -22.2053
v -88.4359 1.5400 -24.3153
v -85.7519 1.5400 -26.3683
v -83.0249 1.5400 -28.3643
v -80.2559 1.5400 -30.3013
v -77.4459 1.5400 -32.1793
v -73.6059 1.5400 -34.6333
v -69.1319 1.5400 -27.1803
v -70.5969 1.5400 -26.1993
v -97.4919 9.8390 -12.5743
v -97.4499 9.8960 -13.3153
v -97.4499 1.5400 -13.3153
v -97.4919 1.5400 -12.5743
v -85.7519 12.1200 -26.3683
v -83.0249 12.5640 -28.3643
v -83.0249 1.5400 -28.3643
v -85.7519 1.5400 -26.3683
v -86.5009 10.7910 -8.8003
v -86.7189 10.6750 -7.5023
v -86.7189 1.5400 -7.5023
v -86.5009 1.5400 -8.8003
v -96.6039 9.7390 -9.7833
v -96.9769 9.7430 -10.4253
v -96.9769 1.5400 -10.4253
v -96.6039 1.5400 -9.7833
v -81.1209 11.3930 -8.8733
v -86.5009 10.7910 -8.8003
v -86.5009 1.5400 -8.8003
v -81.1209 1.5400 -8.8733
v -86.7189 10.6750 -7.5023
v -89.7139 10.3420 -7.5003
v -89.7139 1.5400 -7.5003
v -86.7189 1.5400 -7.5023
v -96.1409 9.7490 -9.2033
v -96.6039 9.7390 -9.7833
v -96.6039 1.5400 -9.7833
v -96.1409 1.5400 -9.2033
v -97.3069 9.9810 -14.2973
v -97.0619 10.0770 -15.2603
v -97.0619 1.5400 -15.2603
v -97.3069 1.5400 -14.2973
v -93.6189 9.9240 -7.7153
v -94.3239 9.8620 -7.9443
v -94.3239 1.5400 -7.9443
v -93.6189 1.5400 -7.7153
v -83.0249 12.5640 -28.3643
v -80.2559 13.0090 -30.3013
v -80.2559 1.5400 -30.3013
v -83.0249 1.5400 -28.3643
v -70.0789 12.8400 -11.9933
v -73.1709 12.4550 -11.4033
v -73.1709 1.5400 -11.4033
v -70.0789 1.5400 -11.9933
v -91.0759 11.2340 -22.2053
v -88.4359 11.6770 -24.3153
v -88.4359 1.5400 -24.3153
v -91.0759 1.5400 -22.2053
v -97.2529 9.7620 -11.1143
v -97.4259 9.7940 -11.8353
v -97.4259 1.5400 -11.8353
v -97.2529 1.5400 -11.1143
v -96.7179 10.1810 -16.1913
v -96.2779 10.2930 -17.0813
v -96.2779 1.5400 -17.0813
v -96.7179 1.5400 -16.1913
v -97.0619 10.0770 -15.2603
v -96.7179 10.1810 -16.1913
v -96.7179 1.5400 -16.1913
v -97.0619 1.5400 -15.2603
v -94.9889 9.8110 -8.2743
v -95.5989 9.7740 -8.6963
v -95.5989 1.5400 -8.6963
v -94.9889 1.5400 -8.2743
v -92.8869 9.9960 -7.5913
v -93.6189 9.9240 -7.7153
v -93.6189 1.5400 -7.7153
v -92.8869 1.5400 -7.5913
v -94.4359 10.6620 -19.4073
v -91.0759 11.2340 -22.2053
v -91.0759 1.5400 -22.2053
v -94.4359 1.5400 -19.4073
v -73.4909 12.3310 -10.1533
v -78.7679 11.7210 -9.8193
v -78.7679 1.5400 -9.8193
v -73.4909 1.5400 -10.1533
v -78.7679 11.7210 -9.8193
v -78.9879 11.6320 -8.9023
v -78.9879 1.5400 -8.9023
v -78.7679 1.5400 -9.8193
v -88.4359 11.6770 -24.3153
v -85.7519 12.1200 -26.3683
v -85.7519 1.5400 -26.3683
v -88.4359 1.5400 -24.3153
v -70.5969 13.7900 -26.1993
v -69.1319 14.0220 -27.1803
v -73.6059 14.0540 -34.6333
v -77.4459 13.4540 -32.1793
v -80.2559 13.0090 -30.3013
v -83.0249 12.5640 -28.3643
v -85.7519 12.1200 -26.3683
v -88.4359 11.6770 -24.3153
v -91.0759 11.2340 -22.2053
v -94.4359 10.6620 -19.4073
v -95.1299 10.5350 -18.6983
v -95.7469 10.4110 -17.9193
v -96.2779 10.2930 -17.0813
v -96.7179 10.1810 -16.1913
v -97.0619 10.0770 -15.2603
v -97.3069 9.9810 -14.2973
v -97.4499 9.8960 -13.3153
v -97.4919 9.8390 -12.5743
v -97.4259 9.7940 -11.8353
v -97.2529 9.7620 -11.1143
v -96.9769 9.7430 -10.4253
v -96.6039 9.7390 -9.7833
v -96.1409 9.7490 -9.2033
v -95.5989 9.7740 -8.6963
v -94.9889 9.8110 -8.2743
v -94.3239 9.8620 -7.9443
v -93.6189 9.9240 -7.7153
v -92.8869 9.9960 -7.5913
v -91.2109 10.1780 -7.5313
v -89.7139 10.3420 -7.5003
v -86.7189 10.6750 -7.5023
v -86.5009 10.7910 -8.8003
v -81.1209 11.3930 -8.8733
v -78.9879 11.6320 -8.9023
v -78.7679 11.7210 -9.8193
v -73.4909 12.3310 -10.1533
v -73.1709 12.4550 -11.4033
v -70.0789 12.8400 -11.9933
v -70.1949 12.9590 -13.8483
v -68.2959 13.2070 -14.3763
v -70.0649 13.4060 -19.9503
v -68.3459 13.6540 -20.7563
v -96.9769 9.7430 -10.4253
v -97.2529 9.7620 -11.1143
v -97.2529 1.5400 -11.1143
v -96.9769 1.5400 -10.4253
v -95.5989 9.7740 -8.6963
v -96.1409 9.7490 -9.2033
v -96.1409 1.5400 -9.2033
v -95.5989 1.5400 -8.6963
v -15.4939 27.2410 102.9447
v -16.0909 27.2410 103.0017
v -15.7499 27.2410 106.5857
v -15.1529 27.2410 106.5287
v -15.1529 27.2410 106.5287
v -15.7499 27.2410 106.5857
v -15.7499 1.5370 106.5857
v -15.1529 1.5370 106.5287
v -15.4939 27.2410 102.9447
v -15.1529 27.2410 106.5287
v -15.1529 1.5370 106.5287
v -15.4939 1.5370 102.9447
v -15.1529 1.5370 106.5287
v -15.7499 1.5370 106.5857
v -16.0909 1.5370 103.0017
v -15.4939 1.5370 102.9447
v -15.7499 27.2410 106.5857
v -16.0909 27.2410 103.0017
v -16.0909 1.5370 103.0017
v -15.7499 1.5370 106.5857
v -16.0909 27.2410 103.0017
v -15.4939 27.2410 102.9447
v -15.4939 1.5370 102.9447
v -16.0909 1.5370 103.0017
v 44.4161 4.5260 72.1437
v 30.1491 4.5260 73.4777
v 30.1491 1.2360 73.4777
v 44.4161 1.2360 72.1437
v 45.2441 4.5260 81.5317
v 44.4161 4.5260 72.1437
v 44.4161 1.2360 72.1437
v 45.2441 1.2360 81.5317
v 47.6171 4.5260 81.4027
v 45.2441 4.5260 81.5317
v 45.2441 1.2360 81.5317
v 47.6171 1.2360 81.4027
v 45.3781 4.8050 70.8747
v 45.4351 4.7920 70.9207
v 46.3191 4.8060 80.2917
v 47.6171 4.5260 81.4027
v 46.4291 4.5260 69.5887
v 46.3191 4.8060 80.2917
v 45.2441 4.5260 81.5317
v 47.6171 4.5260 81.4027
v 46.4291 4.5260 69.5887
v 47.6171 4.5260 81.4027
v 47.6171 1.2360 81.4027
v 46.4291 1.2360 69.5887
v 46.3191 4.8060 80.2917
v 45.4351 4.7920 70.9207
v 44.4161 4.5260 72.1437
v 45.2441 4.5260 81.5317
v 45.4351 4.7920 70.9207
v 45.3781 4.8050 70.8747
v 31.2041 4.7930 72.2467
v 30.1491 4.5260 73.4777
v 44.4161 4.5260 72.1437
v 31.2041 4.7930 72.2467
v 30.0151 4.5260 71.2337
v 30.1491 4.5260 73.4777
v 30.0151 4.5260 71.2337
v 46.4291 4.5260 69.5887
v 46.4291 1.2360 69.5887
v 30.0151 1.2360 71.2337
v 31.2041 4.7930 72.2467
v 45.3781 4.8050 70.8747
v 46.4291 4.5260 69.5887
v 30.0151 4.5260 71.2337
v 30.1491 4.5260 73.4777
v 30.0151 4.5260 71.2337
v 30.0151 1.2360 71.2337
v 30.1491 1.2360 73.4777
v 46.4291 1.2360 69.5887
v 47.6171 1.2360 81.4027
v 45.2441 1.2360 81.5317
v 44.4161 1.2360 72.1437
v 30.1491 1.2360 73.4777
v 30.0151 1.2360 71.2337
v -38.5389 27.3210 100.5687
v -39.1359 27.3210 100.6247
v -39.1359 2.0790 100.6247
v -38.5389 2.0790 100.5687
v -38.5389 2.0790 100.5687
v -39.1359 2.0790 100.6247
v -39.4739 2.0790 97.0407
v -38.8769 2.0790 96.9847
v -39.1359 27.3210 100.6247
v -39.4739 27.3210 97.0407
v -39.4739 2.0790 97.0407
v -39.1359 2.0790 100.6247
v -39.4739 27.3210 97.0407
v -38.8769 27.3210 96.9847
v -38.8769 2.0790 96.9847
v -39.4739 2.0790 97.0407
v -38.8769 27.3210 96.9847
v -38.5389 27.3210 100.5687
v -38.5389 2.0790 100.5687
v -38.8769 2.0790 96.9847
v -38.8769 27.3210 96.9847
v -39.4739 27.3210 97.0407
v -39.1359 27.3210 100.6247
v -38.5389 27.3210 100.5687
v -45.4339 4.3380 74.4047
v -46.0259 4.3380 74.5267
v -46.0259 1.3380 74.5267
v -45.4339 1.3380 74.4047
v -46.7479 4.3380 70.9997
v -46.1599 4.3380 70.8787
v -46.1599 1.3380 70.8787
v -46.7479 1.3380 70.9997
v -45.4339 1.3380 74.4047
v -46.0259 1.3380 74.5267
v -46.7479 1.3380 70.9997
v -46.1599 1.3380 70.8787
v -46.1599 4.3380 70.8787
v -46.7479 4.3380 70.9997
v -46.0259 4.3380 74.5267
v -45.4339 4.3380 74.4047
v -46.1599 4.3380 70.8787
v -45.4339 4.3380 74.4047
v -45.4339 1.3380 74.4047
v -46.1599 1.3380 70.8787
v -46.0259 4.3380 74.5267
v -46.7479 4.3380 70.9997
v -46.7479 1.3380 70.9997
v -46.0259 1.3380 74.5267
v 69.0771 7.7260 106.4647
v 72.1301 7.7260 106.1407
v 72.1301 0.4900 106.1407
v 69.0771 0.4900 106.4647
v 72.1301 7.7260 106.1407
v 72.7141 7.7260 111.6987
v 72.7141 0.4900 111.6987
v 72.1301 0.4900 106.1407
v 69.0771 7.7260 106.4647
v 69.6541 7.7260 112.0127
v 69.6571 7.7280 112.0127
v 71.1201 8.6260 111.2447
v 70.7631 8.6250 107.8307
v 70.7631 8.6250 107.8307
v 72.1301 7.7260 106.1407
v 69.0771 7.7260 106.4647
v 72.7141 7.7260 111.6987
v 72.7111 7.7280 111.6987
v 69.6571 7.7280 112.0127
v 69.6541 7.7260 112.0127
v 69.6571 7.7280 112.0127
v 72.7111 7.7280 111.6987
v 71.1201 8.6260 111.2447
v 69.0771 0.4900 106.4647
v 72.1301 0.4900 106.1407
v 72.7141 0.4900 111.6987
v 69.6541 0.4900 112.0137
v 72.7111 7.7280 111.6987
v 72.7141 7.7260 111.6987
v 72.1301 7.7260 106.1407
v 70.7631 8.6250 107.8307
v 71.1201 8.6260 111.2447
v 69.6541 7.7260 112.0127
v 69.0771 7.7260 106.4647
v 69.0771 0.4900 106.4647
v 69.6541 0.4900 112.0137
v 69.6541 0.4900 112.0137
v 72.7141 0.4900 111.6987
v 72.7141 7.7260 111.6987
v 69.6541 7.7260 112.0127
v 48.0231 0.4900 108.6047
v 51.0801 0.4900 108.3407
v 51.6461 0.4900 113.8607
v 48.5951 0.4900 114.1737
v 51.0801 32.5370 108.3407
v 51.6461 32.2300 113.8607
v 51.6461 32.0310 113.8607
v 51.6461 0.4900 113.8607
v 51.0801 0.4900 108.3407
v 48.0231 32.5400 108.6047
v 51.0801 32.5370 108.3407
v 51.0801 0.4900 108.3407
v 48.0231 0.4900 108.6047
v 48.5951 32.2300 114.1737
v 48.0231 32.5400 108.6047
v 48.0231 0.4900 108.6047
v 48.5951 0.4900 114.1737
v 48.5951 32.0310 114.1737
v 48.5951 32.0310 114.1737
v 51.6461 32.0310 113.8607
v 51.6461 32.2300 113.8607
v 48.5951 32.2300 114.1737
v 48.5951 32.2300 114.1737
v 51.6461 32.2300 113.8607
v 51.0801 32.5370 108.3407
v 48.0231 32.5400 108.6047
v 48.5951 32.0310 114.1737
v 48.5951 0.4900 114.1737
v 51.6461 0.4900 113.8607
v 51.6461 32.0310 113.8607
v 19.1861 4.6210 74.2177
v 18.0041 4.6210 74.3307
v 18.0041 1.2150 74.3307
v 19.1861 1.2150 74.2177
v -3.5219 1.2150 76.3897
v -3.9759 1.2150 72.5677
v 6.0431 1.2150 71.5477
v 20.1971 1.2150 70.0727
v 20.5151 1.2150 74.0907
v 19.1861 1.2150 74.2177
v 18.0041 1.2150 74.3307
v 16.3251 1.2150 74.4917
v 16.3251 4.6210 74.4917
v -3.5219 4.6210 76.3897
v -3.5219 1.2150 76.3897
v 16.3251 1.2150 74.4917
v 18.0041 4.6210 74.3307
v 16.3251 4.6210 74.4917
v 16.3251 1.2150 74.4917
v 18.0041 1.2150 74.3307
v 6.0431 4.6210 71.5477
v 20.1971 4.6210 70.0727
v 20.1971 1.2150 70.0727
v 6.0431 1.2150 71.5477
v 20.1971 4.6210 70.0727
v 20.5151 4.6210 74.0907
v 20.5151 1.2150 74.0907
v 20.1971 1.2150 70.0727
v -3.5219 4.6210 76.3897
v -3.9759 4.6210 72.5677
v -3.9759 1.2150 72.5677
v -3.5219 1.2150 76.3897
v -3.9759 4.6210 72.5677
v 6.0431 4.6210 71.5477
v 6.0431 1.2150 71.5477
v -3.9759 1.2150 72.5677
v 16.3251 4.6210 74.4917
v 18.0041 4.6210 74.3307
v 19.1861 4.6210 74.2177
v 20.5151 4.6210 74.0907
v 20.1971 4.6210 70.0727
v 6.0431 4.6210 71.5477
v -3.9759 4.6210 72.5677
v -3.5219 4.6210 76.3897
v 20.5151 4.6210 74.0907
v 19.1861 4.6210 74.2177
v 19.1861 1.2150 74.2177
v 20.5151 1.2150 74.0907
v 98.1251 28.1560 -38.3833
v 97.9101 28.1560 -40.5223
v 97.9101 1.0120 -40.5223
v 98.1251 1.0120 -38.3833
v 98.1251 1.0120 -38.3833
v 97.9101 1.0120 -40.5223
v 98.4081 1.0120 -40.5723
v 104.2391 1.0120 -41.1523
v 104.7361 1.0120 -41.2023
v 104.9521 1.0120 -39.0633
v 104.7361 28.1560 -41.2023
v 104.9521 28.1560 -39.0633
v 104.9521 1.0120 -39.0633
v 104.7361 1.0120 -41.2023
v 104.9521 28.1560 -39.0633
v 104.7361 28.1560 -41.2023
v 104.2391 28.1560 -41.1523
v 98.4081 28.1560 -40.5723
v 97.9101 28.1560 -40.5223
v 98.1251 28.1560 -38.3833
v 104.2391 28.1560 -41.1523
v 104.7361 28.1560 -41.2023
v 104.7361 1.0120 -41.2023
v 104.2391 1.0120 -41.1523
v 104.2391 24.0900 -41.1523
v 97.9101 28.1560 -40.5223
v 98.4081 28.1560 -40.5723
v 98.4081 24.0900 -40.5723
v 98.4081 1.0120 -40.5723
v 97.9101 1.0120 -40.5223
v 104.2391 24.0900 -41.1533
v 98.4081 24.0900 -40.5723
v 98.4081 28.1560 -40.5723
v 104.2391 28.1560 -41.1523
v 104.9521 28.1560 -39.0633
v 98.1251 28.1560 -38.3833
v 98.1251 1.0120 -38.3833
v 104.9521 1.0120 -39.0633
v 104.2391 24.0900 -41.1533
v 104.2391 1.0120 -41.1533
v 98.4081 1.0120 -40.5723
v 98.4081 24.0900 -40.5723
v 90.4851 26.9980 -42.3953
v 91.8881 26.9980 -42.5353
v 96.2571 26.9980 -42.9703
v 98.1471 26.9980 -43.1593
v 103.9781 26.9980 -43.7403
v 106.4661 26.9980 -43.9883
v 105.9941 26.9980 -48.6853
v 104.7901 26.9980 -60.6433
v 103.9131 26.9980 -69.3583
v 102.9961 26.9980 -78.4653
v 102.5991 26.9980 -82.4193
v 102.2071 26.9980 -86.3163
v 101.2731 26.9980 -95.3793
v 98.8071 26.9980 -95.1323
v 97.2521 26.9980 -94.9763
v 94.6771 26.9980 -94.7183
v 92.9761 26.9980 -94.5483
v 91.0881 26.9980 -94.3593
v 86.7171 26.9980 -93.9213
v 85.3141 26.9980 -93.7803
v 85.6181 26.9980 -90.7563
v 85.7451 26.9980 -89.5023
v 85.7681 26.9980 -89.2643
v 86.1751 26.9980 -85.2203
v 86.6061 26.9980 -80.9373
v 87.0371 26.9980 -76.6553
v 87.4681 26.9980 -72.3723
v 87.8991 26.9980 -68.0893
v 88.3301 26.9980 -63.8073
v 88.7611 26.9980 -59.5243
v 89.1921 26.9980 -55.2423
v 89.6231 26.9980 -50.9593
v 90.0541 26.9980 -46.6773
v 90.1511 26.9980 -45.7133
v 90.2461 26.9980 -44.7723
v 90.4851 26.9980 -42.3953
v 90.2461 26.9980 -44.7723
v 90.2461 1.0120 -44.7723
v 90.4851 1.0120 -42.3953
v 88.3301 26.9980 -63.8073
v 87.8991 26.9980 -68.0893
v 87.8991 1.0120 -68.0893
v 88.3301 1.0120 -63.8073
v 91.0881 26.9980 -94.3593
v 92.9761 26.9980 -94.5483
v 92.9761 24.0120 -94.5483
v 92.9761 1.0120 -94.5483
v 91.0881 1.0120 -94.3593
v 85.7681 26.9980 -89.2643
v 85.7451 26.9980 -89.5023
v 85.7451 1.0120 -89.5023
v 85.7681 1.0120 -89.2643
v 103.9131 26.9980 -69.3583
v 104.7901 26.9980 -60.6433
v 104.7901 1.0120 -60.6433
v 103.9131 1.0120 -69.3583
v 106.4661 26.9980 -43.9883
v 103.9781 26.9980 -43.7403
v 103.9781 24.7110 -43.7403
v 103.9781 1.0120 -43.7403
v 106.4661 1.0120 -43.9883
v 88.7611 26.9980 -59.5243
v 88.3301 26.9980 -63.8073
v 88.3301 1.0120 -63.8073
v 88.7611 1.0120 -59.5243
v 96.2571 26.9980 -42.9703
v 91.8881 26.9980 -42.5353
v 91.8881 1.0120 -42.5353
v 96.2571 1.0120 -42.9703
v 101.2731 26.9980 -95.3793
v 102.2071 26.9980 -86.3163
v 102.2071 1.0120 -86.3163
v 101.2731 1.0120 -95.3793
v 87.8991 26.9980 -68.0893
v 87.4681 26.9980 -72.3723
v 87.4681 1.0120 -72.3723
v 87.8991 1.0120 -68.0893
v 86.7171 26.9980 -93.9213
v 91.0881 26.9980 -94.3593
v 91.0881 1.0120 -94.3593
v 86.7171 1.0120 -93.9213
v 85.7451 26.9980 -89.5023
v 85.6181 26.9980 -90.7563
v 85.6181 1.0120 -90.7563
v 85.7451 1.0120 -89.5023
v 90.0541 26.9980 -46.6773
v 89.6231 26.9980 -50.9593
v 89.6231 1.0120 -50.9593
v 90.0541 1.0120 -46.6773
v 91.8881 26.9980 -42.5353
v 90.4851 26.9980 -42.3953
v 90.4851 1.0120 -42.3953
v 91.8881 1.0120 -42.5353
v 98.1471 26.9980 -43.1593
v 96.2571 26.9980 -42.9703
v 96.2571 1.0120 -42.9703
v 98.1471 1.0120 -43.1593
v 98.1471 24.7110 -43.1593
v 102.5991 26.9980 -82.4193
v 102.9961 26.9980 -78.4653
v 102.9961 1.0120 -78.4653
v 102.5991 1.0120 -82.4193
v 98.8071 23.7900 -95.1323
v 97.2521 26.9980 -94.9763
v 98.8071 26.9980 -95.1323
v 94.6771 26.9980 -94.7183
v 92.9761 24.0120 -94.5483
v 92.9761 26.9980 -94.5483
v 90.1511 26.9980 -45.7133
v 90.0541 26.9980 -46.6773
v 90.0541 1.0120 -46.6773
v 90.1511 1.0120 -45.7133
v 87.4681 26.9980 -72.3723
v 87.0371 26.9980 -76.6553
v 87.0371 1.0120 -76.6553
v 87.4681 1.0120 -72.3723
v 89.6231 26.9980 -50.9593
v 89.1921 26.9980 -55.2423
v 89.1921 1.0120 -55.2423
v 89.6231 1.0120 -50.9593
v 90.2461 1.0120 -44.7723
v 90.1511 1.0120 -45.7133
v 90.0541 1.0120 -46.6773
v 89.6231 1.0120 -50.9593
v 89.1921 1.0120 -55.2423
v 88.7611 1.0120 -59.5243
v 88.3301 1.0120 -63.8073
v 87.8991 1.0120 -68.0893
v 87.4681 1.0120 -72.3723
v 87.0371 1.0120 -76.6553
v 86.6061 1.0120 -80.9373
v 86.1751 1.0120 -85.2203
v 85.7681 1.0120 -89.2643
v 85.7451 1.0120 -89.5023
v 85.6181 1.0120 -90.7563
v 85.3141 1.0120 -93.7803
v 86.7171 1.0120 -93.9213
v 91.0881 1.0120 -94.3593
v 92.9761 1.0120 -94.5483
v 98.8071 1.0120 -95.1323
v 101.2731 1.0120 -95.3793
v 102.2071 1.0120 -86.3163
v 102.5991 1.0120 -82.4193
v 102.9961 1.0120 -78.4653
v 103.9131 1.0120 -69.3583
v 104.7901 1.0120 -60.6433
v 105.9941 1.0120 -48.6853
v 106.4661 1.0120 -43.9883
v 103.9781 1.0120 -43.7403
v 98.1471 1.0120 -43.1593
v 96.2571 1.0120 -42.9703
v 91.8881 1.0120 -42.5353
v 90.4851 1.0120 -42.3953
v 85.3141 26.9980 -93.7803
v 86.7171 26.9980 -93.9213
v 86.7171 1.0120 -93.9213
v 85.3141 1.0120 -93.7803
v 98.1471 24.7110 -43.1593
v 103.9781 24.7110 -43.7403
v 103.9781 26.9980 -43.7403
v 98.1471 26.9980 -43.1593
v 105.9941 26.9980 -48.6853
v 106.4661 26.9980 -43.9883
v 106.4661 1.0120 -43.9883
v 105.9941 1.0120 -48.6853
v 85.6181 26.9980 -90.7563
v 85.3141 26.9980 -93.7803
v 85.3141 1.0120 -93.7803
v 85.6181 1.0120 -90.7563
v 87.0371 26.9980 -76.6553
v 86.6061 26.9980 -80.9373
v 86.6061 1.0120 -80.9373
v 87.0371 1.0120 -76.6553
v 86.6061 26.9980 -80.9373
v 86.1751 26.9980 -85.2203
v 86.1751 1.0120 -85.2203
v 86.6061 1.0120 -80.9373
v 90.2461 26.9980 -44.7723
v 90.1511 26.9980 -45.7133
v 90.1511 1.0120 -45.7133
v 90.2461 1.0120 -44.7723
v 98.8071 26.9980 -95.1323
v 101.2731 26.9980 -95.3793
v 101.2731 1.0120 -95.3793
v 98.8071 1.0120 -95.1323
v 98.8071 23.7900 -95.1323
v 104.7901 26.9980 -60.6433
v 105.9941 26.9980 -48.6853
v 105.9941 1.0120 -48.6853
v 104.7901 1.0120 -60.6433
v 86.1751 26.9980 -85.2203
v 85.7681 26.9980 -89.2643
v 85.7681 1.0120 -89.2643
v 86.1751 1.0120 -85.2203
v 89.1921 26.9980 -55.2423
v 88.7611 26.9980 -59.5243
v 88.7611 1.0120 -59.5243
v 89.1921 1.0120 -55.2423
v 102.2071 26.9980 -86.3163
v 102.5991 26.9980 -82.4193
v 102.5991 1.0120 -82.4193
v 102.2071 1.0120 -86.3163
v 102.9961 26.9980 -78.4653
v 103.9131 26.9980 -69.3583
v 103.9131 1.0120 -69.3583
v 102.9961 1.0120 -78.4653
v 98.8071 23.7900 -95.1323
v 98.8071 1.0120 -95.1323
v 92.9761 1.0120 -94.5483
v 92.9761 24.0120 -94.5483
v 98.8071 23.7900 -95.1323
v 92.9761 24.0120 -94.5483
v 94.6771 26.9980 -94.7183
v 97.2521 26.9980 -94.9763
v 98.1471 24.7110 -43.1593
v 98.1471 1.0120 -43.1593
v 103.9781 1.0120 -43.7403
v 103.9781 24.7110 -43.7403
v 92.9761 1.0120 -94.5483
v 92.7151 1.0120 -97.1363
v 92.2181 1.0120 -97.0873
v 92.0031 1.0120 -99.2263
v 98.8291 1.0120 -99.9063
v 99.0441 1.0120 -97.7673
v 98.5471 1.0120 -97.7173
v 98.8071 1.0120 -95.1323
v 92.9761 24.0120 -94.5483
v 92.7151 24.0090 -97.1363
v 92.7151 1.0120 -97.1363
v 92.9761 1.0120 -94.5483
v 98.5471 23.7920 -97.7173
v 99.0441 22.7670 -97.7673
v 98.8291 22.7690 -99.9063
v 95.5941 29.4400 -99.5843
v 96.0681 29.4400 -94.8583
v 97.2521 26.9980 -94.9763
v 98.8071 23.7900 -95.1323
v 92.0031 23.1350 -99.2263
v 98.8291 22.7690 -99.9063
v 98.8291 1.0120 -99.9063
v 92.0031 1.0120 -99.2263
v 92.7151 24.0090 -97.1363
v 92.2181 23.1360 -97.0873
v 92.2181 1.0120 -97.0873
v 92.7151 1.0120 -97.1363
v 92.2181 23.1360 -97.0873
v 92.0031 23.1350 -99.2263
v 92.0031 1.0120 -99.2263
v 92.2181 1.0120 -97.0873
v 98.8291 22.7690 -99.9063
v 92.0031 23.1350 -99.2263
v 95.5941 29.4400 -99.5843
v 92.9761 24.0120 -94.5483
v 94.6771 26.9980 -94.7183
v 96.0681 29.4400 -94.8583
v 95.5941 29.4400 -99.5843
v 92.0031 23.1350 -99.2263
v 92.2181 23.1360 -97.0873
v 92.7151 24.0090 -97.1363
v 94.6771 26.9980 -94.7183
v 97.2521 26.9980 -94.9763
v 96.0681 29.4400 -94.8583
v 98.8291 22.7690 -99.9063
v 99.0441 22.7670 -97.7673
v 99.0441 1.0120 -97.7673
v 98.8291 1.0120 -99.9063
v 99.0441 22.7670 -97.7673
v 98.5471 23.7920 -97.7173
v 98.5471 1.0120 -97.7173
v 99.0441 1.0120 -97.7673
v 98.5471 23.7920 -97.7173
v 98.8071 23.7900 -95.1323
v 98.8071 1.0120 -95.1323
v 98.5471 1.0120 -97.7173
v 92.9761 1.0120 -94.5483
v 98.8071 1.0120 -95.1323
v 98.8071 23.7900 -95.1323
v 92.9761 24.0120 -94.5483
v 92.9761 24.0120 -94.5483
v 98.8071 23.7900 -95.1323
v 97.2521 26.9980 -94.9763
v 94.6771 26.9980 -94.7183
v 98.4081 24.0900 -40.5723
v 98.1471 24.7110 -43.1593
v 98.1471 1.0120 -43.1593
v 98.4081 1.0120 -40.5723
v 103.9781 24.7110 -43.7403
v 104.2391 24.0900 -41.1533
v 104.2391 1.0120 -41.1533
v 103.9781 1.0120 -43.7403
v 98.1471 1.0120 -43.1593
v 103.9781 1.0120 -43.7403
v 104.2391 1.0120 -41.1533
v 98.4081 1.0120 -40.5723
v 98.4081 24.0900 -40.5723
v 104.2391 24.0900 -41.1533
v 103.9781 24.7110 -43.7403
v 98.1471 24.7110 -43.1593
v 103.9781 1.0120 -43.7403
v 98.1471 1.0120 -43.1593
v 98.1471 24.7110 -43.1593
v 103.9781 24.7110 -43.7403
v 98.4081 1.0120 -40.5723
v 104.2391 1.0120 -41.1533
v 104.2391 24.0900 -41.1533
v 98.4081 24.0900 -40.5723
v 98.1251 28.1560 -38.3833
v 97.9101 28.1560 -40.5223
v 97.9101 1.0120 -40.5223
v 98.1251 1.0120 -38.3833
v 98.1251 1.0120 -38.3833
v 97.9101 1.0120 -40.5223
v 98.4081 1.0120 -40.5723
v 104.2391 1.0120 -41.1523
v 104.7361 1.0120 -41.2023
v 104.9521 1.0120 -39.0633
v 104.7361 28.1560 -41.2023
v 104.9521 28.1560 -39.0633
v 104.9521 1.0120 -39.0633
v 104.7361 1.0120 -41.2023
v 104.9521 28.1560 -39.0633
v 104.7361 28.1560 -41.2023
v 104.2391 28.1560 -41.1523
v 98.4081 28.1560 -40.5723
v 97.9101 28.1560 -40.5223
v 98.1251 28.1560 -38.3833
v 104.2391 28.1560 -41.1523
v 104.7361 28.1560 -41.2023
v 104.7361 1.0120 -41.2023
v 104.2391 1.0120 -41.1523
v 104.2391 24.0900 -41.1523
v 97.9101 28.1560 -40.5223
v 98.4081 28.1560 -40.5723
v 98.4081 24.0900 -40.5723
v 98.4081 1.0120 -40.5723
v 97.9101 1.0120 -40.5223
v 104.2391 24.0900 -41.1533
v 98.4081 24.0900 -40.5723
v 98.4081 28.1560 -40.5723
v 104.2391 28.1560 -41.1523
v 104.9521 28.1560 -39.0633
v 98.1251 28.1560 -38.3833
v 98.1251 1.0120 -38.3833
v 104.9521 1.0120 -39.0633
v 104.2391 24.0900 -41.1533
v 104.2391 1.0120 -41.1533
v 98.4081 1.0120 -40.5723
v 98.4081 24.0900 -40.5723
v 90.4851 26.9980 -42.3953
v 91.8881 26.9980 -42.5353
v 96.2571 26.9980 -42.9703
v 98.1471 26.9980 -43.1593
v 103.9781 26.9980 -43.7403
v 106.4661 26.9980 -43.9883
v 105.9941 26.9980 -48.6853
v 104.7901 26.9980 -60.6433
v 103.9131 26.9980 -69.3583
v 102.9961 26.9980 -78.4653
v 102.5991 26.9980 -82.4193
v 102.2071 26.9980 -86.3163
v 101.2731 26.9980 -95.3793
v 98.8071 26.9980 -95.1323
v 97.2521 26.9980 -94.9763
v 94.6771 26.9980 -94.7183
v 92.9761 26.9980 -94.5483
v 91.0881 26.9980 -94.3593
v 86.7171 26.9980 -93.9213
v 85.3141 26.9980 -93.7803
v 85.6181 26.9980 -90.7563
v 85.7451 26.9980 -89.5023
v 85.7681 26.9980 -89.2643
v 86.1751 26.9980 -85.2203
v 86.6061 26.9980 -80.9373
v 87.0371 26.9980 -76.6553
v 87.4681 26.9980 -72.3723
v 87.8991 26.9980 -68.0893
v 88.3301 26.9980 -63.8073
v 88.7611 26.9980 -59.5243
v 89.1921 26.9980 -55.2423
v 89.6231 26.9980 -50.9593
v 90.0541 26.9980 -46.6773
v 90.1511 26.9980 -45.7133
v 90.2461 26.9980 -44.7723
v 90.4851 26.9980 -42.3953
v 90.2461 26.9980 -44.7723
v 90.2461 1.0120 -44.7723
v 90.4851 1.0120 -42.3953
v 88.3301 26.9980 -63.8073
v 87.8991 26.9980 -68.0893
v 87.8991 1.0120 -68.0893
v 88.3301 1.0120 -63.8073
v 91.0881 26.9980 -94.3593
v 92.9761 26.9980 -94.5483
v 92.9761 24.0120 -94.5483
v 92.9761 1.0120 -94.5483
v 91.0881 1.0120 -94.3593
v 85.7681 26.9980 -89.2643
v 85.7451 26.9980 -89.5023
v 85.7451 1.0120 -89.5023
v 85.7681 1.0120 -89.2643
v 103.9131 26.9980 -69.3583
v 104.7901 26.9980 -60.6433
v 104.7901 1.0120 -60.6433
v 103.9131 1.0120 -69.3583
v 106.4661 26.9980 -43.9883
v 103.9781 26.9980 -43.7403
v 103.9781 24.7110 -43.7403
v 103.9781 1.0120 -43.7403
v 106.4661 1.0120 -43.9883
v 88.7611 26.9980 -59.5243
v 88.3301 26.9980 -63.8073
v 88.3301 1.0120 -63.8073
v 88.7611 1.0120 -59.5243
v 96.2571 26.9980 -42.9703
v 91.8881 26.9980 -42.5353
v 91.8881 1.0120 -42.5353
v 96.2571 1.0120 -42.9703
v 101.2731 26.9980 -95.3793
v 102.2071 26.9980 -86.3163
v 102.2071 1.0120 -86.3163
v 101.2731 1.0120 -95.3793
v 87.8991 26.9980 -68.0893
v 87.4681 26.9980 -72.3723
v 87.4681 1.0120 -72.3723
v 87.8991 1.0120 -68.0893
v 86.7171 26.9980 -93.9213
v 91.0881 26.9980 -94.3593
v 91.0881 1.0120 -94.3593
v 86.7171 1.0120 -93.9213
v 85.7451 26.9980 -89.5023
v 85.6181 26.9980 -90.7563
v 85.6181 1.0120 -90.7563
v 85.7451 1.0120 -89.5023
v 90.0541 26.9980 -46.6773
v 89.6231 26.9980 -50.9593
v 89.6231 1.0120 -50.9593
v 90.0541 1.0120 -46.6773
v 91.8881 26.9980 -42.5353
v 90.4851 26.9980 -42.3953
v 90.4851 1.0120 -42.3953
v 91.8881 1.0120 -42.5353
v 98.1471 26.9980 -43.1593
v 96.2571 26.9980 -42.9703
v 96.2571 1.0120 -42.9703
v 98.1471 1.0120 -43.1593
v 98.1471 24.7110 -43.1593
v 102.5991 26.9980 -82.4193
v 102.9961 26.9980 -78.4653
v 102.9961 1.0120 -78.4653
v 102.5991 1.0120 -82.4193
v 98.8071 23.7900 -95.1323
v 97.2521 26.9980 -94.9763
v 98.8071 26.9980 -95.1323
v 94.6771 26.9980 -94.7183
v 92.9761 24.0120 -94.5483
v 92.9761 26.9980 -94.5483
v 90.1511 26.9980 -45.7133
v 90.0541 26.9980 -46.6773
v 90.0541 1.0120 -46.6773
v 90.1511 1.0120 -45.7133
v 87.4681 26.9980 -72.3723
v 87.0371 26.9980 -76.6553
v 87.0371 1.0120 -76.6553
v 87.4681 1.0120 -72.3723
v 89.6231 26.9980 -50.9593
v 89.1921 26.9980 -55.2423
v 89.1921 1.0120 -55.2423
v 89.6231 1.0120 -50.9593
v 90.2461 1.0120 -44.7723
v 90.1511 1.0120 -45.7133
v 90.0541 1.0120 -46.6773
v 89.6231 1.0120 -50.9593
v 89.1921 1.0120 -55.2423
v 88.7611 1.0120 -59.5243
v 88.3301 1.0120 -63.8073
v 87.8991 1.0120 -68.0893
v 87.4681 1.0120 -72.3723
v 87.0371 1.0120 -76.6553
v 86.6061 1.0120 -80.9373
v 86.1751 1.0120 -85.2203
v 85.7681 1.0120 -89.2643
v 85.7451 1.0120 -89.5023
v 85.6181 1.0120 -90.7563
v 85.3141 1.0120 -93.7803
v 86.7171 1.0120 -93.9213
v 91.0881 1.0120 -94.3593
v 92.9761 1.0120 -94.5483
v 98.8071 1.0120 -95.1323
v 101.2731 1.0120 -95.3793
v 102.2071 1.0120 -86.3163
v 102.5991 1.0120 -82.4193
v 102.9961 1.0120 -78.4653
v 103.9131 1.0120 -69.3583
v 104.7901 1.0120 -60.6433
v 105.9941 1.0120 -48.6853
v 106.4661 1.0120 -43.9883
v 103.9781 1.0120 -43.7403
v 98.1471 1.0120 -43.1593
v 96.2571 1.0120 -42.9703
v 91.8881 1.0120 -42.5353
v 90.4851 1.0120 -42.3953
v 85.3141 26.9980 -93.7803
v 86.7171 26.9980 -93.9213
v 86.7171 1.0120 -93.9213
v 85.3141 1.0120 -93.7803
v 98.1471 24.7110 -43.1593
v 103.9781 24.7110 -43.7403
v 103.9781 26.9980 -43.7403
v 98.1471 26.9980 -43.1593
v 105.9941 26.9980 -48.6853
v 106.4661 26.9980 -43.9883
v 106.4661 1.0120 -43.9883
v 105.9941 1.0120 -48.6853
v 85.6181 26.9980 -90.7563
v 85.3141 26.9980 -93.7803
v 85.3141 1.0120 -93.7803
v 85.6181 1.0120 -90.7563
v 87.0371 26.9980 -76.6553
v 86.6061 26.9980 -80.9373
v 86.6061 1.0120 -80.9373
v 87.0371 1.0120 -76.6553
v 86.6061 26.9980 -80.9373
v 86.1751 26.9980 -85.2203
v 86.1751 1.0120 -85.2203
v 86.6061 1.0120 -80.9373
v 90.2461 26.9980 -44.7723
v 90.1511 26.9980 -45.7133
v 90.1511 1.0120 -45.7133
v 90.2461 1.0120 -44.7723
v 98.8071 26.9980 -95.1323
v 101.2731 26.9980 -95.3793
v 101.2731 1.0120 -95.3793
v 98.8071 1.0120 -95.1323
v 98.8071 23.7900 -95.1323
v 104.7901 26.9980 -60.6433
v 105.9941 26.9980 -48.6853
v 105.9941 1.0120 -48.6853
v 104.7901 1.0120 -60.6433
v 86.1751 26.9980 -85.2203
v 85.7681 26.9980 -89.2643
v 85.7681 1.0120 -89.2643
v 86.1751 1.0120 -85.2203
v 89.1921 26.9980 -55.2423
v 88.7611 26.9980 -59.5243
v 88.7611 1.0120 -59.5243
v 89.1921 1.0120 -55.2423
v 102.2071 26.9980 -86.3163
v 102.5991 26.9980 -82.4193
v 102.5991 1.0120 -82.4193
v 102.2071 1.0120 -86.3163
v 102.9961 26.9980 -78.4653
v 103.9131 26.9980 -69.3583
v 103.9131 1.0120 -69.3583
v 102.9961 1.0120 -78.4653
v 98.8071 23.7900 -95.1323
v 98.8071 1.0120 -95.1323
v 92.9761 1.0120 -94.5483
v 92.9761 24.0120 -94.5483
v 98.8071 23.7900 -95.1323
v 92.9761 24.0120 -94.5483
v 94.6771 26.9980 -94.7183
v 97.2521 26.9980 -94.9763
v 98.1471 24.7110 -43.1593
v 98.1471 1.0120 -43.1593
v 103.9781 1.0120 -43.7403
v 103.9781 24.7110 -43.7403
v 98.4081 24.0900 -40.5723
v 98.1471 24.7110 -43.1593
v 98.1471 1.0120 -43.1593
v 98.4081 1.0120 -40.5723
v 103.9781 24.7110 -43.7403
v 104.2391 24.0900 -41.1533
v 104.2391 1.0120 -41.1533
v 103.9781 1.0120 -43.7403
v 98.1471 1.0120 -43.1593
v 103.9781 1.0120 -43.7403
v 104.2391 1.0120 -41.1533
v 98.4081 1.0120 -40.5723
v 98.4081 24.0900 -40.5723
v 104.2391 24.0900 -41.1533
v 103.9781 24.7110 -43.7403
v 98.1471 24.7110 -43.1593
v 103.9781 1.0120 -43.7403
v 98.1471 1.0120 -43.1593
v 98.1471 24.7110 -43.1593
v 103.9781 24.7110 -43.7403
v 98.4081 1.0120 -40.5723
v 104.2391 1.0120 -41.1533
v 104.2391 24.0900 -41.1533
v 98.4081 24.0900 -40.5723
v 31.3981 4.6790 87.1777
v 45.8191 4.6790 85.9397
v 45.8191 0.4890 85.9397
v 31.3981 0.4890 87.1777
v 46.9951 5.1810 95.6747
v 46.1231 4.8080 88.4507
v 46.1231 0.4890 88.4507
v 46.9951 0.4890 95.6747
v 46.1231 4.8080 88.4507
v 31.6271 4.8070 89.6777
v 31.6271 0.4890 89.6777
v 46.1231 0.4890 88.4507
v 51.5371 5.1210 94.1167
v 51.6401 5.1790 95.2367
v 51.6401 0.4890 95.2367
v 51.5371 0.4890 94.1167
v 50.7421 4.6790 85.5167
v 51.5371 5.1210 94.1167
v 51.5371 0.4890 94.1167
v 50.7421 0.4890 85.5167
v 45.8191 4.6790 85.9397
v 49.9801 4.6790 85.5817
v 49.9801 0.4890 85.5817
v 45.8191 0.4890 85.9397
v 49.9801 4.6790 85.5817
v 50.7421 4.6790 85.5167
v 50.7421 0.4890 85.5167
v 49.9801 0.4890 85.5817
v 31.6271 4.8070 89.6777
v 31.3981 4.6790 87.1777
v 31.3981 0.4890 87.1777
v 31.6271 0.4890 89.6777
v 46.1231 4.8080 88.4507
v 46.9951 5.1810 95.6747
v 51.6401 5.1790 95.2367
v 51.5371 5.1210 94.1167
v 50.7421 4.6790 85.5167
v 49.9801 4.6790 85.5817
v 45.8191 4.6790 85.9397
v 31.3981 4.6790 87.1777
v 31.6271 4.8070 89.6777
v 31.6271 0.4890 89.6777
v 31.3981 0.4890 87.1777
v 45.8191 0.4890 85.9397
v 49.9801 0.4890 85.5817
v 50.7421 0.4890 85.5167
v 51.5371 0.4890 94.1167
v 51.6401 0.4890 95.2367
v 46.9951 0.4890 95.6747
v 46.1231 0.4890 88.4507
v 51.6401 5.1790 95.2367
v 46.9951 5.1810 95.6747
v 46.9951 0.4890 95.6747
v 51.6401 0.4890 95.2367
v 19.4911 4.9550 -88.6323
v 19.4221 4.9550 -89.3053
v 19.4221 1.0180 -89.3053
v 19.4911 1.0180 -88.6323
v 18.9851 4.9550 -93.6633
v 27.5101 4.9550 -94.4573
v 27.5101 1.0180 -94.4573
v 18.9851 1.0180 -93.6633
v 18.9851 4.9460 -93.6633
v 19.4221 4.9550 -89.3053
v 19.3351 4.9550 -90.1673
v 19.3351 1.0180 -90.1673
v 19.4221 1.0180 -89.3053
v 27.5381 4.9550 -89.4473
v 19.4911 4.9550 -88.6323
v 19.4911 1.0180 -88.6323
v 27.5381 1.0180 -89.4473
v 27.5381 4.4340 -89.4473
v 18.9851 4.9460 -93.6633
v 19.3371 4.9460 -90.1673
v 19.3371 4.9550 -90.1673
v 18.9851 4.9550 -93.6633
v 27.5381 4.4340 -89.4473
v 27.5231 4.9550 -92.2123
v 27.5381 4.9550 -89.4473
v 19.4221 4.9550 -89.3053
v 19.4911 4.9550 -88.6323
v 27.5381 4.9550 -89.4473
v 27.5231 4.9550 -92.2123
v 27.5101 4.9550 -94.4573
v 18.9851 4.9550 -93.6633
v 19.3371 4.9550 -90.1673
v 19.3351 4.9550 -90.1673
v 19.3351 1.0180 -90.1673
v 19.3371 1.0180 -90.1673
v 18.9851 1.0180 -93.6633
v 27.5101 1.0180 -94.4573
v 27.5381 1.0180 -89.4473
v 19.4911 1.0180 -88.6323
v 19.4221 1.0180 -89.3053
v 19.3351 4.9550 -90.1673
v 19.3371 4.9550 -90.1673
v 19.3371 4.9460 -90.1673
v 19.3371 1.0180 -90.1673
v 19.3351 1.0180 -90.1673
v 18.9851 4.9460 -93.6633
v 18.9851 1.0180 -93.6633
v 19.3371 1.0180 -90.1673
v 19.3371 4.9460 -90.1673
v 27.5381 1.0180 -89.4473
v 27.5101 1.0180 -94.4573
v 27.5101 4.9550 -94.4573
v 27.5231 4.9550 -92.2123
v 27.5381 4.4340 -89.4473
v 39.0961 1.0180 -90.6173
v 39.1021 1.0180 -90.6183
v 39.1021 4.9130 -90.6183
v 39.0961 4.9130 -90.6173
v 37.9651 4.9130 -101.1803
v 37.9381 4.9130 -101.1773
v 36.8001 4.9130 -112.0533
v 32.0201 4.9130 -111.4393
v 33.0311 4.9130 -99.6963
v 33.1951 4.9130 -97.7933
v 33.6491 4.9130 -92.5173
v 33.8581 4.9130 -90.0873
v 39.0961 4.9130 -90.6173
v 39.1021 4.9130 -90.6183
v 38.5021 4.9130 -96.2843
v 38.4891 4.9130 -96.2833
v 33.6491 4.9130 -92.5173
v 33.8581 4.4520 -90.0873
v 33.8581 4.9130 -90.0873
v 37.9381 4.9130 -101.1773
v 37.9651 4.9130 -101.1803
v 37.9651 1.0180 -101.1803
v 37.9381 1.0180 -101.1773
v 32.0201 4.9130 -111.4393
v 36.8001 4.9130 -112.0533
v 36.8001 1.0180 -112.0533
v 32.0201 1.0180 -111.4393
v 38.4891 1.0180 -96.2833
v 38.5021 1.0180 -96.2843
v 39.1021 1.0180 -90.6183
v 39.0961 1.0180 -90.6173
v 33.8581 1.0180 -90.0873
v 33.1951 1.0180 -97.7933
v 33.0311 1.0180 -99.6963
v 32.0201 1.0180 -111.4393
v 36.8001 1.0180 -112.0533
v 37.9381 1.0180 -101.1773
v 37.9651 1.0180 -101.1803
v 38.5021 4.9130 -96.2843
v 39.1021 4.9130 -90.6183
v 39.1021 1.0180 -90.6183
v 38.5021 1.0180 -96.2843
v 33.0311 4.9130 -99.6963
v 32.0201 4.9130 -111.4393
v 32.0201 1.0180 -111.4393
v 33.0311 1.0180 -99.6963
v 36.8001 4.9130 -112.0533
v 37.9381 4.9130 -101.1773
v 37.9381 1.0180 -101.1773
v 36.8001 1.0180 -112.0533
v 38.4891 4.9130 -96.2833
v 38.5021 4.9130 -96.2843
v 38.5021 1.0180 -96.2843
v 38.4891 1.0180 -96.2833
v 33.0311 1.0180 -99.6963
v 33.1951 1.0180 -97.7933
v 33.1951 4.9130 -97.7933
v 33.0311 4.9130 -99.6963
v 33.1951 1.0180 -97.7933
v 33.8581 1.0180 -90.0873
v 33.8581 4.4520 -90.0873
v 33.6491 4.9130 -92.5173
v 33.1951 4.9130 -97.7933
v 33.8581 1.0180 -90.0873
v 39.0961 1.0180 -90.6173
v 39.0961 4.9130 -90.6173
v 33.8581 4.9130 -90.0873
v 33.8581 4.4520 -90.0873
v 38.4891 1.0180 -96.2833
v 37.9651 1.0180 -101.1803
v 37.9651 4.9130 -101.1803
v 38.4891 4.9130 -96.2833
v 8.0791 4.9090 -74.7493
v 11.9601 4.9090 -75.0883
v 11.9601 4.9300 -75.0883
v 8.0791 4.9300 -74.7493
v 12.4931 4.9210 -79.7983
v 7.5621 4.9210 -79.3733
v 7.5621 4.9300 -79.3733
v 12.4931 4.9300 -79.7983
v 7.5621 4.9300 -79.3733
v 8.0791 4.9300 -74.7493
v 11.9601 4.9300 -75.0883
v 12.8981 4.9300 -75.1703
v 12.4931 4.9300 -79.7983
v 12.4931 4.9300 -79.7983
v 12.8981 4.9300 -75.1703
v 12.8981 1.0180 -75.1703
v 12.4931 1.0180 -79.7983
v 12.4931 4.9210 -79.7983
v 12.4931 1.0180 -79.7983
v 12.8981 1.0180 -75.1703
v 11.9601 1.0180 -75.0883
v 8.0791 1.0180 -74.7493
v 7.5621 1.0180 -79.3733
v 12.8981 4.9300 -75.1703
v 11.9601 4.9300 -75.0883
v 11.9601 4.9090 -75.0883
v 11.9601 1.0180 -75.0883
v 12.8981 1.0180 -75.1703
v 8.0791 4.9300 -74.7493
v 7.5621 4.9300 -79.3733
v 7.5621 4.9210 -79.3733
v 7.5621 1.0180 -79.3733
v 8.0791 1.0180 -74.7493
v 8.0791 4.9090 -74.7493
v 12.4931 4.9210 -79.7983
v 12.4931 1.0180 -79.7983
v 7.5621 1.0180 -79.3733
v 7.5621 4.9210 -79.3733
v 8.0791 4.9090 -74.7493
v 8.0791 1.0180 -74.7493
v 11.9601 1.0180 -75.0883
v 11.9601 4.9090 -75.0883
v 13.8441 1.0180 -84.4023
v 12.7761 1.0180 -84.3083
v 7.0661 1.0180 -83.8053
v 6.9631 1.0180 -84.7223
v 13.7581 1.0180 -85.3903
v 13.7581 4.8860 -85.3903
v 6.9631 4.8860 -84.7223
v 7.0661 4.8860 -83.8053
v 12.7761 4.8860 -84.3083
v 13.8441 4.8860 -84.4023
v 13.8441 4.8860 -84.4023
v 12.7761 4.8860 -84.3083
v 12.7761 1.0180 -84.3083
v 13.8441 1.0180 -84.4023
v 7.0661 4.8860 -83.8053
v 6.9631 4.8860 -84.7223
v 6.9631 1.0180 -84.7223
v 7.0661 1.0180 -83.8053
v 13.7581 4.8860 -85.3903
v 13.8441 4.8860 -84.4023
v 13.8441 1.0180 -84.4023
v 13.7581 1.0180 -85.3903
v 7.0661 1.0180 -83.8053
v 12.7761 1.0180 -84.3083
v 12.7761 4.8860 -84.3083
v 7.0661 4.8860 -83.8053
v 13.7581 1.0180 -85.3903
v 6.9631 1.0180 -84.7223
v 6.9631 4.8860 -84.7223
v 13.7581 4.8860 -85.3903
v 37.9651 1.0180 -101.1803
v 49.7491 1.0180 -102.3543
v 50.1091 1.0180 -97.4053
v 38.5021 1.0180 -96.2843
v 38.4891 1.0180 -96.2833
v 37.9651 4.9790 -101.1803
v 49.7491 4.9790 -102.3543
v 49.7491 1.0180 -102.3543
v 37.9651 1.0180 -101.1803
v 37.9651 4.9130 -101.1803
v 49.7491 4.9790 -102.3543
v 50.1091 4.9790 -97.4053
v 50.1091 1.0180 -97.4053
v 49.7491 1.0180 -102.3543
v 38.5021 4.9790 -96.2843
v 38.4891 4.9790 -96.2833
v 38.4891 4.9130 -96.2833
v 38.4891 1.0180 -96.2833
v 38.5021 1.0180 -96.2843
v 37.9651 4.9130 -101.1803
v 38.4891 4.9130 -96.2833
v 38.4891 4.9790 -96.2833
v 37.9651 4.9790 -101.1803
v 38.4891 4.9790 -96.2833
v 38.5021 4.9790 -96.2843
v 50.1091 4.9790 -97.4053
v 49.7491 4.9790 -102.3543
v 37.9651 4.9790 -101.1803
v 50.1091 4.9790 -97.4053
v 38.5021 4.9790 -96.2843
v 38.5021 1.0180 -96.2843
v 50.1091 1.0180 -97.4053
v 37.9651 4.9130 -101.1803
v 37.9651 1.0180 -101.1803
v 38.4891 1.0180 -96.2833
v 38.4891 4.9130 -96.2833
v 6.9631 4.8860 -84.7223
v 13.7581 4.8860 -85.3903
v 13.7581 4.8970 -85.3903
v 6.9631 4.8970 -84.7223
v 13.4001 4.8970 -89.4773
v 13.7581 4.8970 -85.3903
v 13.7581 4.8860 -85.3903
v 13.7581 1.0180 -85.3903
v 13.4001 1.0180 -89.4773
v 0.0801 4.8970 -91.8993
v 13.0821 4.8970 -93.1123
v 13.0821 1.0180 -93.1123
v 0.0801 1.0180 -91.8993
v 0.0801 4.8970 -91.8993
v 0.1251 4.8970 -91.4623
v 0.5371 4.8970 -87.3853
v 0.8691 4.8970 -84.1233
v 6.9631 4.8970 -84.7223
v 13.7581 4.8970 -85.3903
v 13.4001 4.8970 -89.4773
v 13.0821 4.8970 -93.1123
v 0.5371 4.8970 -87.3853
v 0.1251 4.8970 -91.4623
v 0.1251 1.0180 -91.4623
v 0.5371 1.0180 -87.3853
v 13.0821 1.0180 -93.1123
v 13.4001 1.0180 -89.4773
v 13.7581 1.0180 -85.3903
v 6.9631 1.0180 -84.7223
v 0.8691 1.0180 -84.1233
v 0.5371 1.0180 -87.3853
v 0.1251 1.0180 -91.4623
v 0.0801 1.0180 -91.8993
v 6.9631 4.8970 -84.7223
v 0.8691 4.8970 -84.1233
v 0.8691 1.0180 -84.1233
v 6.9631 1.0180 -84.7223
v 6.9631 4.8860 -84.7223
v 0.1251 4.8970 -91.4623
v 0.0801 4.8970 -91.8993
v 0.0801 1.0180 -91.8993
v 0.1251 1.0180 -91.4623
v 0.8691 4.8970 -84.1233
v 0.5371 4.8970 -87.3853
v 0.5371 1.0180 -87.3853
v 0.8691 1.0180 -84.1233
v 13.4001 1.0180 -89.4773
v 13.0821 1.0180 -93.1123
v 13.0821 4.8970 -93.1123
v 13.4001 4.8970 -89.4773
v 6.9631 4.8860 -84.7223
v 6.9631 1.0180 -84.7223
v 13.7581 1.0180 -85.3903
v 13.7581 4.8860 -85.3903
v 33.8581 1.0180 -90.0873
v 33.5721 1.0180 -90.0583
v 27.5381 1.0180 -89.4473
v 27.5101 1.0180 -94.4573
v 27.5041 1.0180 -95.5483
v 26.0691 1.0180 -96.8823
v 26.3481 1.0180 -97.2033
v 27.6881 1.0180 -98.7463
v 29.1031 1.0180 -97.4413
v 29.3531 1.0180 -97.2103
v 29.7811 1.0180 -97.4993
v 33.0311 1.0180 -99.6963
v 33.1951 1.0180 -97.7933
v 33.5721 4.4510 -90.0583
v 27.5381 4.4340 -89.4473
v 27.5381 1.0180 -89.4473
v 33.5721 1.0180 -90.0583
v 26.3481 5.9140 -97.2033
v 27.6881 5.6420 -98.7463
v 27.6881 1.0180 -98.7463
v 26.3481 1.0180 -97.2033
v 33.1951 4.9130 -97.7933
v 33.0311 4.9130 -99.6963
v 33.0311 5.5490 -99.6963
v 33.1951 5.9140 -97.7933
v 29.7811 5.9140 -97.4993
v 29.3531 5.8670 -97.2103
v 29.1031 5.9140 -97.4413
v 26.3481 5.9140 -97.2033
v 26.0691 5.8580 -96.8823
v 27.5041 5.5840 -95.5483
v 27.5101 5.3780 -94.4573
v 27.5231 4.9550 -92.2123
v 27.5381 4.4340 -89.4473
v 33.5721 4.4510 -90.0583
v 33.8581 4.4520 -90.0873
v 33.6491 4.9130 -92.5173
v 33.1951 5.9140 -97.7933
v 29.3531 5.8670 -97.2103
v 29.7811 5.9140 -97.4993
v 29.7811 1.0180 -97.4993
v 29.3531 1.0180 -97.2103
v 27.5101 5.3780 -94.4573
v 27.5041 5.5840 -95.5483
v 27.5041 1.0180 -95.5483
v 27.5101 1.0180 -94.4573
v 27.5101 4.9550 -94.4573
v 26.0691 5.8580 -96.8823
v 26.3481 5.9140 -97.2033
v 26.3481 1.0180 -97.2033
v 26.0691 1.0180 -96.8823
v 29.1031 5.9140 -97.4413
v 29.3531 5.8670 -97.2103
v 29.3531 1.0180 -97.2103
v 29.1031 1.0180 -97.4413
v 29.7811 5.9140 -97.4993
v 33.0311 5.5490 -99.6963
v 33.0311 4.9130 -99.6963
v 33.0311 1.0180 -99.6963
v 29.7811 1.0180 -97.4993
v 33.6491 4.9130 -92.5173
v 33.1951 4.9130 -97.7933
v 33.1951 5.9140 -97.7933
v 27.6881 5.6420 -98.7463
v 29.1031 5.9140 -97.4413
v 29.1031 1.0180 -97.4413
v 27.6881 1.0180 -98.7463
v 27.5101 4.9550 -94.4573
v 27.5231 4.9550 -92.2123
v 27.5101 5.3780 -94.4573
v 29.1031 5.9140 -97.4413
v 27.6881 5.6420 -98.7463
v 26.3481 5.9140 -97.2033
v 33.1951 5.9140 -97.7933
v 33.0311 5.5490 -99.6963
v 29.7811 5.9140 -97.4993
v 27.5041 5.5840 -95.5483
v 26.0691 5.8580 -96.8823
v 26.0691 1.0180 -96.8823
v 27.5041 1.0180 -95.5483
v 33.5721 4.4510 -90.0583
v 33.5721 1.0180 -90.0583
v 33.8581 1.0180 -90.0873
v 33.8581 4.4520 -90.0873
v 27.5101 1.0180 -94.4573
v 27.5381 1.0180 -89.4473
v 27.5381 4.4340 -89.4473
v 27.5231 4.9550 -92.2123
v 27.5101 4.9550 -94.4573
v 33.1951 1.0180 -97.7933
v 33.0311 1.0180 -99.6963
v 33.0311 4.9130 -99.6963
v 33.1951 4.9130 -97.7933
v 33.1951 1.0180 -97.7933
v 33.1951 4.9130 -97.7933
v 33.6491 4.9130 -92.5173
v 33.8581 4.4520 -90.0873
v 33.8581 1.0180 -90.0873
v 12.7761 4.9210 -84.3083
v 13.1661 4.9210 -79.8563
v 13.1661 1.0180 -79.8563
v 12.7761 1.0180 -84.3083
v 12.7761 4.8860 -84.3083
v 13.1661 4.9210 -79.8563
v 12.4931 4.9210 -79.7983
v 12.4931 1.0180 -79.7983
v 13.1661 1.0180 -79.8563
v 12.7761 4.8860 -84.3083
v 7.0661 4.8860 -83.8053
v 7.0661 4.9210 -83.8053
v 12.7761 4.9210 -84.3083
v 7.5621 4.9210 -79.3733
v 7.0661 4.9210 -83.8053
v 7.0661 4.8860 -83.8053
v 7.0661 1.0180 -83.8053
v 7.5621 1.0180 -79.3733
v 7.0661 4.9210 -83.8053
v 7.5621 4.9210 -79.3733
v 12.4931 4.9210 -79.7983
v 13.1661 4.9210 -79.8563
v 12.7761 4.9210 -84.3083
v 12.7761 1.0180 -84.3083
v 13.1661 1.0180 -79.8563
v 12.4931 1.0180 -79.7983
v 7.5621 1.0180 -79.3733
v 7.0661 1.0180 -83.8053
v 12.7761 4.8860 -84.3083
v 12.7761 1.0180 -84.3083
v 7.0661 1.0180 -83.8053
v 7.0661 4.8860 -83.8053
v 7.5621 1.0180 -79.3733
v 12.4931 1.0180 -79.7983
v 12.4931 4.9210 -79.7983
v 7.5621 4.9210 -79.3733
v 12.3791 4.9090 -70.3203
v 8.6211 4.9070 -69.9013
v 8.6211 1.0180 -69.9013
v 12.3791 1.0180 -70.3203
v 11.9601 1.0180 -75.0883
v 12.3791 1.0180 -70.3203
v 8.6211 1.0180 -69.9013
v 8.2001 1.0180 -73.6673
v 8.0791 1.0180 -74.7493
v 8.2001 4.9090 -73.6673
v 8.0791 4.9090 -74.7493
v 8.0791 1.0180 -74.7493
v 8.2001 1.0180 -73.6673
v 8.2001 4.9070 -73.6673
v 11.9601 4.9090 -75.0883
v 12.3791 4.9090 -70.3203
v 12.3791 1.0180 -70.3203
v 11.9601 1.0180 -75.0883
v 8.0791 4.9090 -74.7493
v 8.2001 4.9090 -73.6673
v 8.6211 4.9070 -69.9013
v 12.3791 4.9090 -70.3203
v 11.9601 4.9090 -75.0883
v 11.9601 1.0180 -75.0883
v 8.0791 1.0180 -74.7493
v 8.0791 4.9090 -74.7493
v 11.9601 4.9090 -75.0883
v 8.6211 4.9070 -69.9013
v 8.2001 4.9070 -73.6673
v 8.2001 1.0180 -73.6673
v 8.6211 1.0180 -69.9013
v 33.5721 11.1560 -90.0583
v 34.1101 11.1560 -84.9993
v 36.3661 12.4660 -87.7903
v 39.0961 11.1560 -90.6173
v 39.1021 11.1510 -90.6183
v 39.1021 1.0180 -90.6183
v 39.0961 1.0180 -90.6173
v 39.0961 4.9130 -90.6173
v 39.0961 11.1560 -90.6173
v 33.5721 11.1560 -90.0583
v 36.3661 12.4660 -87.7903
v 37.5991 12.4650 -87.9173
v 34.1101 11.1560 -84.9993
v 39.6351 11.1560 -85.5833
v 37.5991 12.4650 -87.9173
v 36.3661 12.4660 -87.7903
v 39.0961 4.9130 -90.6173
v 33.8581 4.9130 -90.0873
v 33.8581 4.4520 -90.0873
v 33.5721 4.4510 -90.0583
v 33.5721 11.1560 -90.0583
v 39.0961 11.1560 -90.6173
v 39.6351 11.1560 -85.5833
v 39.1021 11.1510 -90.6183
v 39.0961 11.1560 -90.6173
v 37.5991 12.4650 -87.9173
v 34.1101 11.1560 -84.9993
v 33.5721 11.1560 -90.0583
v 33.5721 4.4510 -90.0583
v 33.5721 1.0180 -90.0583
v 34.1101 1.0180 -84.9993
v 39.6351 1.0180 -85.5833
v 34.1101 1.0180 -84.9993
v 33.5721 1.0180 -90.0583
v 33.8581 1.0180 -90.0873
v 39.0961 1.0180 -90.6173
v 39.1021 1.0180 -90.6183
v 39.6351 11.1560 -85.5833
v 34.1101 11.1560 -84.9993
v 34.1101 1.0180 -84.9993
v 39.6351 1.0180 -85.5833
v 39.1021 11.1510 -90.6183
v 39.6351 11.1560 -85.5833
v 39.6351 1.0180 -85.5833
v 39.1021 1.0180 -90.6183
v 39.0961 1.0180 -90.6173
v 33.8581 1.0180 -90.0873
v 33.8581 4.4520 -90.0873
v 33.8581 4.9130 -90.0873
v 39.0961 4.9130 -90.6173
v 33.8581 4.4520 -90.0873
v 33.8581 1.0180 -90.0873
v 33.5721 1.0180 -90.0583
v 33.5721 4.4510 -90.0583
v 19.3371 4.9460 -90.1673
v 13.4001 4.9460 -89.4773
v 13.4001 4.8970 -89.4773
v 13.4001 1.0180 -89.4773
v 19.3371 1.0180 -90.1673
v 13.0821 4.9460 -93.1123
v 18.9851 4.9460 -93.6633
v 18.9851 1.0180 -93.6633
v 13.0821 1.0180 -93.1123
v 13.0821 4.8970 -93.1123
v 19.3371 1.0180 -90.1673
v 13.4001 1.0180 -89.4773
v 13.0821 1.0180 -93.1123
v 18.9851 1.0180 -93.6633
v 18.9851 4.9460 -93.6633
v 13.0821 4.9460 -93.1123
v 13.4001 4.9460 -89.4773
v 19.3371 4.9460 -90.1673
v 13.0821 4.8970 -93.1123
v 13.4001 4.8970 -89.4773
v 13.4001 4.9460 -89.4773
v 13.0821 4.9460 -93.1123
v 19.3371 1.0180 -90.1673
v 18.9851 1.0180 -93.6633
v 18.9851 4.9460 -93.6633
v 19.3371 4.9460 -90.1673
v 13.0821 4.8970 -93.1123
v 13.0821 1.0180 -93.1123
v 13.4001 1.0180 -89.4773
v 13.4001 4.8970 -89.4773
v -7.1399 4.9070 -71.7123
v -3.4729 4.9070 -72.1123
v -3.4729 1.0180 -72.1123
v -7.1399 1.0180 -71.7123
v -3.4729 4.9070 -72.1123
v -3.5219 4.9070 -72.5873
v -3.5219 1.0180 -72.5873
v -3.4729 1.0180 -72.1123
v 8.6211 4.9070 -69.9013
v -6.7779 4.9070 -68.1853
v -6.7779 1.0180 -68.1853
v 8.6211 1.0180 -69.9013
v -6.7779 4.9070 -68.1853
v -7.1399 4.9070 -71.7123
v -7.1399 1.0180 -71.7123
v -6.7779 1.0180 -68.1853
v -6.7779 1.0180 -68.1853
v -7.1399 1.0180 -71.7123
v -3.4729 1.0180 -72.1123
v -3.5219 1.0180 -72.5873
v 8.2001 1.0180 -73.6673
v 8.6211 1.0180 -69.9013
v 8.6211 4.9070 -69.9013
v 8.2001 4.9070 -73.6673
v -3.5219 4.9070 -72.5873
v -3.4729 4.9070 -72.1123
v -7.1399 4.9070 -71.7123
v -6.7779 4.9070 -68.1853
v -3.5219 4.9070 -72.5873
v 8.2001 4.9070 -73.6673
v 8.2001 1.0180 -73.6673
v -3.5219 1.0180 -72.5873
v 8.2001 4.9070 -73.6673
v 8.6211 4.9070 -69.9013
v 8.6211 1.0180 -69.9013
v 8.2001 1.0180 -73.6673
v 19.4911 4.9550 -88.6323
v 19.4221 4.9550 -89.3053
v 19.4221 1.0180 -89.3053
v 19.4911 1.0180 -88.6323
v 18.9851 4.9550 -93.6633
v 27.5101 4.9550 -94.4573
v 27.5101 1.0180 -94.4573
v 18.9851 1.0180 -93.6633
v 18.9851 4.9460 -93.6633
v 19.4221 4.9550 -89.3053
v 19.3351 4.9550 -90.1673
v 19.3351 1.0180 -90.1673
v 19.4221 1.0180 -89.3053
v 27.5381 4.9550 -89.4473
v 19.4911 4.9550 -88.6323
v 19.4911 1.0180 -88.6323
v 27.5381 1.0180 -89.4473
v 27.5381 4.4340 -89.4473
v 18.9851 4.9460 -93.6633
v 19.3371 4.9460 -90.1673
v 19.3371 4.9550 -90.1673
v 18.9851 4.9550 -93.6633
v 27.5381 4.4340 -89.4473
v 27.5231 4.9550 -92.2123
v 27.5381 4.9550 -89.4473
v 19.4221 4.9550 -89.3053
v 19.4911 4.9550 -88.6323
v 27.5381 4.9550 -89.4473
v 27.5231 4.9550 -92.2123
v 27.5101 4.9550 -94.4573
v 18.9851 4.9550 -93.6633
v 19.3371 4.9550 -90.1673
v 19.3351 4.9550 -90.1673
v 19.3351 1.0180 -90.1673
v 19.3371 1.0180 -90.1673
v 18.9851 1.0180 -93.6633
v 27.5101 1.0180 -94.4573
v 27.5381 1.0180 -89.4473
v 19.4911 1.0180 -88.6323
v 19.4221 1.0180 -89.3053
v 19.3351 4.9550 -90.1673
v 19.3371 4.9550 -90.1673
v 19.3371 4.9460 -90.1673
v 19.3371 1.0180 -90.1673
v 19.3351 1.0180 -90.1673
v 18.9851 4.9460 -93.6633
v 18.9851 1.0180 -93.6633
v 19.3371 1.0180 -90.1673
v 19.3371 4.9460 -90.1673
v 27.5381 1.0180 -89.4473
v 27.5101 1.0180 -94.4573
v 27.5101 4.9550 -94.4573
v 27.5231 4.9550 -92.2123
v 27.5381 4.4340 -89.4473
v 39.0961 1.0180 -90.6173
v 39.1021 1.0180 -90.6183
v 39.1021 4.9130 -90.6183
v 39.0961 4.9130 -90.6173
v 37.9651 4.9130 -101.1803
v 37.9381 4.9130 -101.1773
v 36.8001 4.9130 -112.0533
v 32.0201 4.9130 -111.4393
v 33.0311 4.9130 -99.6963
v 33.1951 4.9130 -97.7933
v 33.6491 4.9130 -92.5173
v 33.8581 4.9130 -90.0873
v 39.0961 4.9130 -90.6173
v 39.1021 4.9130 -90.6183
v 38.5021 4.9130 -96.2843
v 38.4891 4.9130 -96.2833
v 33.6491 4.9130 -92.5173
v 33.8581 4.4520 -90.0873
v 33.8581 4.9130 -90.0873
v 37.9381 4.9130 -101.1773
v 37.9651 4.9130 -101.1803
v 37.9651 1.0180 -101.1803
v 37.9381 1.0180 -101.1773
v 32.0201 4.9130 -111.4393
v 36.8001 4.9130 -112.0533
v 36.8001 1.0180 -112.0533
v 32.0201 1.0180 -111.4393
v 38.4891 1.0180 -96.2833
v 38.5021 1.0180 -96.2843
v 39.1021 1.0180 -90.6183
v 39.0961 1.0180 -90.6173
v 33.8581 1.0180 -90.0873
v 33.1951 1.0180 -97.7933
v 33.0311 1.0180 -99.6963
v 32.0201 1.0180 -111.4393
v 36.8001 1.0180 -112.0533
v 37.9381 1.0180 -101.1773
v 37.9651 1.0180 -101.1803
v 38.5021 4.9130 -96.2843
v 39.1021 4.9130 -90.6183
v 39.1021 1.0180 -90.6183
v 38.5021 1.0180 -96.2843
v 33.0311 4.9130 -99.6963
v 32.0201 4.9130 -111.4393
v 32.0201 1.0180 -111.4393
v 33.0311 1.0180 -99.6963
v 36.8001 4.9130 -112.0533
v 37.9381 4.9130 -101.1773
v 37.9381 1.0180 -101.1773
v 36.8001 1.0180 -112.0533
v 38.4891 4.9130 -96.2833
v 38.5021 4.9130 -96.2843
v 38.5021 1.0180 -96.2843
v 38.4891 1.0180 -96.2833
v 33.0311 1.0180 -99.6963
v 33.1951 1.0180 -97.7933
v 33.1951 4.9130 -97.7933
v 33.0311 4.9130 -99.6963
v 33.1951 1.0180 -97.7933
v 33.8581 1.0180 -90.0873
v 33.8581 4.4520 -90.0873
v 33.6491 4.9130 -92.5173
v 33.1951 4.9130 -97.7933
v 33.8581 1.0180 -90.0873
v 39.0961 1.0180 -90.6173
v 39.0961 4.9130 -90.6173
v 33.8581 4.9130 -90.0873
v 33.8581 4.4520 -90.0873
v 38.4891 1.0180 -96.2833
v 37.9651 1.0180 -101.1803
v 37.9651 4.9130 -101.1803
v 38.4891 4.9130 -96.2833
v 8.0791 4.9090 -74.7493
v 11.9601 4.9090 -75.0883
v 11.9601 4.9300 -75.0883
v 8.0791 4.9300 -74.7493
v 12.4931 4.9210 -79.7983
v 7.5621 4.9210 -79.3733
v 7.5621 4.9300 -79.3733
v 12.4931 4.9300 -79.7983
v 7.5621 4.9300 -79.3733
v 8.0791 4.9300 -74.7493
v 11.9601 4.9300 -75.0883
v 12.8981 4.9300 -75.1703
v 12.4931 4.9300 -79.7983
v 12.4931 4.9300 -79.7983
v 12.8981 4.9300 -75.1703
v 12.8981 1.0180 -75.1703
v 12.4931 1.0180 -79.7983
v 12.4931 4.9210 -79.7983
v 12.4931 1.0180 -79.7983
v 12.8981 1.0180 -75.1703
v 11.9601 1.0180 -75.0883
v 8.0791 1.0180 -74.7493
v 7.5621 1.0180 -79.3733
v 12.8981 4.9300 -75.1703
v 11.9601 4.9300 -75.0883
v 11.9601 4.9090 -75.0883
v 11.9601 1.0180 -75.0883
v 12.8981 1.0180 -75.1703
v 8.0791 4.9300 -74.7493
v 7.5621 4.9300 -79.3733
v 7.5621 4.9210 -79.3733
v 7.5621 1.0180 -79.3733
v 8.0791 1.0180 -74.7493
v 8.0791 4.9090 -74.7493
v 12.4931 4.9210 -79.7983
v 12.4931 1.0180 -79.7983
v 7.5621 1.0180 -79.3733
v 7.5621 4.9210 -79.3733
v 8.0791 4.9090 -74.7493
v 8.0791 1.0180 -74.7493
v 11.9601 1.0180 -75.0883
v 11.9601 4.9090 -75.0883
v 13.8441 1.0180 -84.4023
v 12.7761 1.0180 -84.3083
v 7.0661 1.0180 -83.8053
v 6.9631 1.0180 -84.7223
v 13.7581 1.0180 -85.3903
v 13.7581 4.8860 -85.3903
v 6.9631 4.8860 -84.7223
v 7.0661 4.8860 -83.8053
v 12.7761 4.8860 -84.3083
v 13.8441 4.8860 -84.4023
v 13.8441 4.8860 -84.4023
v 12.7761 4.8860 -84.3083
v 12.7761 1.0180 -84.3083
v 13.8441 1.0180 -84.4023
v 7.0661 4.8860 -83.8053
v 6.9631 4.8860 -84.7223
v 6.9631 1.0180 -84.7223
v 7.0661 1.0180 -83.8053
v 13.7581 4.8860 -85.3903
v 13.8441 4.8860 -84.4023
v 13.8441 1.0180 -84.4023
v 13.7581 1.0180 -85.3903
v 7.0661 1.0180 -83.8053
v 12.7761 1.0180 -84.3083
v 12.7761 4.8860 -84.3083
v 7.0661 4.8860 -83.8053
v 13.7581 1.0180 -85.3903
v 6.9631 1.0180 -84.7223
v 6.9631 4.8860 -84.7223
v 13.7581 4.8860 -85.3903
v 37.9651 1.0180 -101.1803
v 49.7491 1.0180 -102.3543
v 50.1091 1.0180 -97.4053
v 38.5021 1.0180 -96.2843
v 38.4891 1.0180 -96.2833
v 37.9651 4.9790 -101.1803
v 49.7491 4.9790 -102.3543
v 49.7491 1.0180 -102.3543
v 37.9651 1.0180 -101.1803
v 37.9651 4.9130 -101.1803
v 49.7491 4.9790 -102.3543
v 50.1091 4.9790 -97.4053
v 50.1091 1.0180 -97.4053
v 49.7491 1.0180 -102.3543
v 38.5021 4.9790 -96.2843
v 38.4891 4.9790 -96.2833
v 38.4891 4.9130 -96.2833
v 38.4891 1.0180 -96.2833
v 38.5021 1.0180 -96.2843
v 37.9651 4.9130 -101.1803
v 38.4891 4.9130 -96.2833
v 38.4891 4.9790 -96.2833
v 37.9651 4.9790 -101.1803
v 38.4891 4.9790 -96.2833
v 38.5021 4.9790 -96.2843
v 50.1091 4.9790 -97.4053
v 49.7491 4.9790 -102.3543
v 37.9651 4.9790 -101.1803
v 50.1091 4.9790 -97.4053
v 38.5021 4.9790 -96.2843
v 38.5021 1.0180 -96.2843
v 50.1091 1.0180 -97.4053
v 37.9651 4.9130 -101.1803
v 37.9651 1.0180 -101.1803
v 38.4891 1.0180 -96.2833
v 38.4891 4.9130 -96.2833
v 6.9631 4.8860 -84.7223
v 13.7581 4.8860 -85.3903
v 13.7581 4.8970 -85.3903
v 6.9631 4.8970 -84.7223
v 13.4001 4.8970 -89.4773
v 13.7581 4.8970 -85.3903
v 13.7581 4.8860 -85.3903
v 13.7581 1.0180 -85.3903
v 13.4001 1.0180 -89.4773
v 0.0801 4.8970 -91.8993
v 13.0821 4.8970 -93.1123
v 13.0821 1.0180 -93.1123
v 0.0801 1.0180 -91.8993
v 0.0801 4.8970 -91.8993
v 0.1251 4.8970 -91.4623
v 0.5371 4.8970 -87.3853
v 0.8691 4.8970 -84.1233
v 6.9631 4.8970 -84.7223
v 13.7581 4.8970 -85.3903
v 13.4001 4.8970 -89.4773
v 13.0821 4.8970 -93.1123
v 0.5371 4.8970 -87.3853
v 0.1251 4.8970 -91.4623
v 0.1251 1.0180 -91.4623
v 0.5371 1.0180 -87.3853
v 13.0821 1.0180 -93.1123
v 13.4001 1.0180 -89.4773
v 13.7581 1.0180 -85.3903
v 6.9631 1.0180 -84.7223
v 0.8691 1.0180 -84.1233
v 0.5371 1.0180 -87.3853
v 0.1251 1.0180 -91.4623
v 0.0801 1.0180 -91.8993
v 6.9631 4.8970 -84.7223
v 0.8691 4.8970 -84.1233
v 0.8691 1.0180 -84.1233
v 6.9631 1.0180 -84.7223
v 6.9631 4.8860 -84.7223
v 0.1251 4.8970 -91.4623
v 0.0801 4.8970 -91.8993
v 0.0801 1.0180 -91.8993
v 0.1251 1.0180 -91.4623
v 0.8691 4.8970 -84.1233
v 0.5371 4.8970 -87.3853
v 0.5371 1.0180 -87.3853
v 0.8691 1.0180 -84.1233
v 13.4001 1.0180 -89.4773
v 13.0821 1.0180 -93.1123
v 13.0821 4.8970 -93.1123
v 13.4001 4.8970 -89.4773
v 6.9631 4.8860 -84.7223
v 6.9631 1.0180 -84.7223
v 13.7581 1.0180 -85.3903
v 13.7581 4.8860 -85.3903
v 33.8581 1.0180 -90.0873
v 33.5721 1.0180 -90.0583
v 27.5381 1.0180 -89.4473
v 27.5101 1.0180 -94.4573
v 27.5041 1.0180 -95.5483
v 26.0691 1.0180 -96.8823
v 26.3481 1.0180 -97.2033
v 27.6881 1.0180 -98.7463
v 29.1031 1.0180 -97.4413
v 29.3531 1.0180 -97.2103
v 29.7811 1.0180 -97.4993
v 33.0311 1.0180 -99.6963
v 33.1951 1.0180 -97.7933
v 33.5721 4.4510 -90.0583
v 27.5381 4.4340 -89.4473
v 27.5381 1.0180 -89.4473
v 33.5721 1.0180 -90.0583
v 26.3481 5.9140 -97.2033
v 27.6881 5.6420 -98.7463
v 27.6881 1.0180 -98.7463
v 26.3481 1.0180 -97.2033
v 33.1951 4.9130 -97.7933
v 33.0311 4.9130 -99.6963
v 33.0311 5.5490 -99.6963
v 33.1951 5.9140 -97.7933
v 29.7811 5.9140 -97.4993
v 29.3531 5.8670 -97.2103
v 29.1031 5.9140 -97.4413
v 26.3481 5.9140 -97.2033
v 26.0691 5.8580 -96.8823
v 27.5041 5.5840 -95.5483
v 27.5101 5.3780 -94.4573
v 27.5231 4.9550 -92.2123
v 27.5381 4.4340 -89.4473
v 33.5721 4.4510 -90.0583
v 33.8581 4.4520 -90.0873
v 33.6491 4.9130 -92.5173
v 33.1951 5.9140 -97.7933
v 29.3531 5.8670 -97.2103
v 29.7811 5.9140 -97.4993
v 29.7811 1.0180 -97.4993
v 29.3531 1.0180 -97.2103
v 27.5101 5.3780 -94.4573
v 27.5041 5.5840 -95.5483
v 27.5041 1.0180 -95.5483
v 27.5101 1.0180 -94.4573
v 27.5101 4.9550 -94.4573
v 26.0691 5.8580 -96.8823
v 26.3481 5.9140 -97.2033
v 26.3481 1.0180 -97.2033
v 26.0691 1.0180 -96.8823
v 29.1031 5.9140 -97.4413
v 29.3531 5.8670 -97.2103
v 29.3531 1.0180 -97.2103
v 29.1031 1.0180 -97.4413
v 29.7811 5.9140 -97.4993
v 33.0311 5.5490 -99.6963
v 33.0311 4.9130 -99.6963
v 33.0311 1.0180 -99.6963
v 29.7811 1.0180 -97.4993
v 33.6491 4.9130 -92.5173
v 33.1951 4.9130 -97.7933
v 33.1951 5.9140 -97.7933
v 27.6881 5.6420 -98.7463
v 29.1031 5.9140 -97.4413
v 29.1031 1.0180 -97.4413
v 27.6881 1.0180 -98.7463
v 27.5101 4.9550 -94.4573
v 27.5231 4.9550 -92.2123
v 27.5101 5.3780 -94.4573
v 29.1031 5.9140 -97.4413
v 27.6881 5.6420 -98.7463
v 26.3481 5.9140 -97.2033
v 33.1951 5.9140 -97.7933
v 33.0311 5.5490 -99.6963
v 29.7811 5.9140 -97.4993
v 27.5041 5.5840 -95.5483
v 26.0691 5.8580 -96.8823
v 26.0691 1.0180 -96.8823
v 27.5041 1.0180 -95.5483
v 33.5721 4.4510 -90.0583
v 33.5721 1.0180 -90.0583
v 33.8581 1.0180 -90.0873
v 33.8581 4.4520 -90.0873
v 27.5101 1.0180 -94.4573
v 27.5381 1.0180 -89.4473
v 27.5381 4.4340 -89.4473
v 27.5231 4.9550 -92.2123
v 27.5101 4.9550 -94.4573
v 33.1951 1.0180 -97.7933
v 33.0311 1.0180 -99.6963
v 33.0311 4.9130 -99.6963
v 33.1951 4.9130 -97.7933
v 33.1951 1.0180 -97.7933
v 33.1951 4.9130 -97.7933
v 33.6491 4.9130 -92.5173
v 33.8581 4.4520 -90.0873
v 33.8581 1.0180 -90.0873
v 12.7761 4.9210 -84.3083
v 13.1661 4.9210 -79.8563
v 13.1661 1.0180 -79.8563
v 12.7761 1.0180 -84.3083
v 12.7761 4.8860 -84.3083
v 13.1661 4.9210 -79.8563
v 12.4931 4.9210 -79.7983
v 12.4931 1.0180 -79.7983
v 13.1661 1.0180 -79.8563
v 12.7761 4.8860 -84.3083
v 7.0661 4.8860 -83.8053
v 7.0661 4.9210 -83.8053
v 12.7761 4.9210 -84.3083
v 7.5621 4.9210 -79.3733
v 7.0661 4.9210 -83.8053
v 7.0661 4.8860 -83.8053
v 7.0661 1.0180 -83.8053
v 7.5621 1.0180 -79.3733
v 7.0661 4.9210 -83.8053
v 7.5621 4.9210 -79.3733
v 12.4931 4.9210 -79.7983
v 13.1661 4.9210 -79.8563
v 12.7761 4.9210 -84.3083
v 12.7761 1.0180 -84.3083
v 13.1661 1.0180 -79.8563
v 12.4931 1.0180 -79.7983
v 7.5621 1.0180 -79.3733
v 7.0661 1.0180 -83.8053
v 12.7761 4.8860 -84.3083
v 12.7761 1.0180 -84.3083
v 7.0661 1.0180 -83.8053
v 7.0661 4.8860 -83.8053
v 7.5621 1.0180 -79.3733
v 12.4931 1.0180 -79.7983
v 12.4931 4.9210 -79.7983
v 7.5621 4.9210 -79.3733
v 12.3791 4.9090 -70.3203
v 8.6211 4.9070 -69.9013
v 8.6211 1.0180 -69.9013
v 12.3791 1.0180 -70.3203
v 11.9601 1.0180 -75.0883
v 12.3791 1.0180 -70.3203
v 8.6211 1.0180 -69.9013
v 8.2001 1.0180 -73.6673
v 8.0791 1.0180 -74.7493
v 8.2001 4.9090 -73.6673
v 8.0791 4.9090 -74.7493
v 8.0791 1.0180 -74.7493
v 8.2001 1.0180 -73.6673
v 8.2001 4.9070 -73.6673
v 11.9601 4.9090 -75.0883
v 12.3791 4.9090 -70.3203
v 12.3791 1.0180 -70.3203
v 11.9601 1.0180 -75.0883
v 8.0791 4.9090 -74.7493
v 8.2001 4.9090 -73.6673
v 8.6211 4.9070 -69.9013
v 12.3791 4.9090 -70.3203
v 11.9601 4.9090 -75.0883
v 11.9601 1.0180 -75.0883
v 8.0791 1.0180 -74.7493
v 8.0791 4.9090 -74.7493
v 11.9601 4.9090 -75.0883
v 8.6211 4.9070 -69.9013
v 8.2001 4.9070 -73.6673
v 8.2001 1.0180 -73.6673
v 8.6211 1.0180 -69.9013
v 33.5721 11.1560 -90.0583
v 34.1101 11.1560 -84.9993
v 36.3661 12.4660 -87.7903
v 39.0961 11.1560 -90.6173
v 39.1021 11.1510 -90.6183
v 39.1021 1.0180 -90.6183
v 39.0961 1.0180 -90.6173
v 39.0961 4.9130 -90.6173
v 39.0961 11.1560 -90.6173
v 33.5721 11.1560 -90.0583
v 36.3661 12.4660 -87.7903
v 37.5991 12.4650 -87.9173
v 34.1101 11.1560 -84.9993
v 39.6351 11.1560 -85.5833
v 37.5991 12.4650 -87.9173
v 36.3661 12.4660 -87.7903
v 39.0961 4.9130 -90.6173
v 33.8581 4.9130 -90.0873
v 33.8581 4.4520 -90.0873
v 33.5721 4.4510 -90.0583
v 33.5721 11.1560 -90.0583
v 39.0961 11.1560 -90.6173
v 39.6351 11.1560 -85.5833
v 39.1021 11.1510 -90.6183
v 39.0961 11.1560 -90.6173
v 37.5991 12.4650 -87.9173
v 34.1101 11.1560 -84.9993
v 33.5721 11.1560 -90.0583
v 33.5721 4.4510 -90.0583
v 33.5721 1.0180 -90.0583
v 34.1101 1.0180 -84.9993
v 39.6351 1.0180 -85.5833
v 34.1101 1.0180 -84.9993
v 33.5721 1.0180 -90.0583
v 33.8581 1.0180 -90.0873
v 39.0961 1.0180 -90.6173
v 39.1021 1.0180 -90.6183
v 39.6351 11.1560 -85.5833
v 34.1101 11.1560 -84.9993
v 34.1101 1.0180 -84.9993
v 39.6351 1.0180 -85.5833
v 39.1021 11.1510 -90.6183
v 39.6351 11.1560 -85.5833
v 39.6351 1.0180 -85.5833
v 39.1021 1.0180 -90.6183
v 39.0961 1.0180 -90.6173
v 33.8581 1.0180 -90.0873
v 33.8581 4.4520 -90.0873
v 33.8581 4.9130 -90.0873
v 39.0961 4.9130 -90.6173
v 33.8581 4.4520 -90.0873
v 33.8581 1.0180 -90.0873
v 33.5721 1.0180 -90.0583
v 33.5721 4.4510 -90.0583
v 19.3371 4.9460 -90.1673
v 13.4001 4.9460 -89.4773
v 13.4001 4.8970 -89.4773
v 13.4001 1.0180 -89.4773
v 19.3371 1.0180 -90.1673
v 13.0821 4.9460 -93.1123
v 18.9851 4.9460 -93.6633
v 18.9851 1.0180 -93.6633
v 13.0821 1.0180 -93.1123
v 13.0821 4.8970 -93.1123
v 19.3371 1.0180 -90.1673
v 13.4001 1.0180 -89.4773
v 13.0821 1.0180 -93.1123
v 18.9851 1.0180 -93.6633
v 18.9851 4.9460 -93.6633
v 13.0821 4.9460 -93.1123
v 13.4001 4.9460 -89.4773
v 19.3371 4.9460 -90.1673
v 13.0821 4.8970 -93.1123
v 13.4001 4.8970 -89.4773
v 13.4001 4.9460 -89.4773
v 13.0821 4.9460 -93.1123
v 19.3371 1.0180 -90.1673
v 18.9851 1.0180 -93.6633
v 18.9851 4.9460 -93.6633
v 19.3371 4.9460 -90.1673
v 13.0821 4.8970 -93.1123
v 13.0821 1.0180 -93.1123
v 13.4001 1.0180 -89.4773
v 13.4001 4.8970 -89.4773
v -7.1399 4.9070 -71.7123
v -3.4729 4.9070 -72.1123
v -3.4729 1.0180 -72.1123
v -7.1399 1.0180 -71.7123
v -3.4729 4.9070 -72.1123
v -3.5219 4.9070 -72.5873
v -3.5219 1.0180 -72.5873
v -3.4729 1.0180 -72.1123
v 8.6211 4.9070 -69.9013
v -6.7779 4.9070 -68.1853
v -6.7779 1.0180 -68.1853
v 8.6211 1.0180 -69.9013
v -6.7779 4.9070 -68.1853
v -7.1399 4.9070 -71.7123
v -7.1399 1.0180 -71.7123
v -6.7779 1.0180 -68.1853
v -6.7779 1.0180 -68.1853
v -7.1399 1.0180 -71.7123
v -3.4729 1.0180 -72.1123
v -3.5219 1.0180 -72.5873
v 8.2001 1.0180 -73.6673
v 8.6211 1.0180 -69.9013
v 8.6211 4.9070 -69.9013
v 8.2001 4.9070 -73.6673
v -3.5219 4.9070 -72.5873
v -3.4729 4.9070 -72.1123
v -7.1399 4.9070 -71.7123
v -6.7779 4.9070 -68.1853
v -3.5219 4.9070 -72.5873
v 8.2001 4.9070 -73.6673
v 8.2001 1.0180 -73.6673
v -3.5219 1.0180 -72.5873
v 8.2001 4.9070 -73.6673
v 8.6211 4.9070 -69.9013
v 8.6211 1.0180 -69.9013
v 8.2001 1.0180 -73.6673
v -38.3569 9.5060 -138.0133
v -39.6269 8.0160 -136.7543
v -36.8499 8.0160 -137.0523
v -38.5139 9.5060 -139.4783
v -38.3569 9.5060 -138.0133
v -36.8499 8.0160 -137.0523
v -37.2749 8.0160 -141.0103
v -37.2749 8.0160 -141.0103
v -36.8499 8.0160 -137.0523
v -36.8499 0.4790 -137.0523
v -37.2749 0.4790 -141.0103
v -39.6269 0.4790 -136.7543
v -40.0509 0.4790 -140.7213
v -37.2749 0.4790 -141.0103
v -36.8499 0.4790 -137.0523
v -38.5139 9.5060 -139.4783
v -37.2749 8.0160 -141.0103
v -40.0509 8.0160 -140.7213
v -40.0509 8.0160 -140.7213
v -37.2749 8.0160 -141.0103
v -37.2749 0.4790 -141.0103
v -40.0509 0.4790 -140.7213
v -38.3569 9.5060 -138.0133
v -38.5139 9.5060 -139.4783
v -40.0509 8.0160 -140.7213
v -39.6269 8.0160 -136.7543
v -39.6269 8.0160 -136.7543
v -40.0509 8.0160 -140.7213
v -40.0509 0.4790 -140.7213
v -39.6269 0.4790 -136.7543
v -39.6269 0.4790 -136.7543
v -36.8499 0.4790 -137.0523
v -36.8499 8.0160 -137.0523
v -39.6269 8.0160 -136.7543
v -36.8499 8.0160 -137.0523
v -39.6269 8.0160 -136.7543
v -39.6269 9.3950 -136.7543
v -36.8499 9.3950 -137.0523
v -34.0239 9.3950 -137.3553
v -31.3799 9.3950 -112.8433
v -31.3799 9.3140 -112.8433
v -31.3799 0.4790 -112.8433
v -34.0239 0.4790 -137.3553
v -37.0069 9.3140 -112.2303
v -31.3799 9.3140 -112.8433
v -31.3799 9.3950 -112.8433
v -37.0069 9.3950 -112.2303
v -31.3799 9.3950 -112.8433
v -34.0239 9.3950 -137.3553
v -36.8499 9.3950 -137.0523
v -39.6269 9.3950 -136.7543
v -37.0069 9.3950 -112.2303
v -36.8499 9.3950 -137.0523
v -34.0239 9.3950 -137.3553
v -34.0239 0.4790 -137.3553
v -36.8499 0.4790 -137.0523
v -36.8499 8.0160 -137.0523
v -37.0069 0.4790 -112.2303
v -39.6269 0.4790 -136.7543
v -36.8499 0.4790 -137.0523
v -34.0239 0.4790 -137.3553
v -31.3799 0.4790 -112.8433
v -37.0069 9.3950 -112.2303
v -39.6269 9.3950 -136.7543
v -39.6269 8.0160 -136.7543
v -39.6269 0.4790 -136.7543
v -37.0069 0.4790 -112.2303
v -37.0069 9.3140 -112.2303
v -37.0069 9.3140 -112.2303
v -37.0069 0.4790 -112.2303
v -31.3799 0.4790 -112.8433
v -31.3799 9.3140 -112.8433
v -36.8499 8.0160 -137.0523
v -36.8499 0.4790 -137.0523
v -39.6269 0.4790 -136.7543
v -39.6269 8.0160 -136.7543
v -30.8129 9.3140 -107.5853
v -31.3799 9.3140 -112.8433
v -37.0069 9.3140 -112.2303
v -36.4459 9.3140 -106.9813
v -31.3799 9.3140 -112.8433
v -30.8129 9.3140 -107.5853
v -30.8129 0.4790 -107.5853
v -31.3799 0.4790 -112.8433
v -30.8129 9.3140 -107.5853
v -36.4459 9.3140 -106.9813
v -36.4459 0.4790 -106.9813
v -30.8129 0.4790 -107.5853
v -36.4459 9.3140 -106.9813
v -37.0069 9.3140 -112.2303
v -37.0069 0.4790 -112.2303
v -36.4459 0.4790 -106.9813
v -36.4459 0.4790 -106.9813
v -37.0069 0.4790 -112.2303
v -31.3799 0.4790 -112.8433
v -30.8129 0.4790 -107.5853
v -31.3799 0.4790 -112.8433
v -37.0069 0.4790 -112.2303
v -37.0069 9.3140 -112.2303
v -31.3799 9.3140 -112.8433
v -36.8499 8.0160 -137.0523
v -39.6269 8.0160 -136.7543
v -39.6269 9.3950 -136.7543
v -36.8499 9.3950 -137.0523
v -34.0239 9.3950 -137.3553
v -31.3799 9.3950 -112.8433
v -31.3799 9.3140 -112.8433
v -31.3799 0.4790 -112.8433
v -34.0239 0.4790 -137.3553
v -37.0069 9.3140 -112.2303
v -31.3799 9.3140 -112.8433
v -31.3799 9.3950 -112.8433
v -37.0069 9.3950 -112.2303
v -31.3799 9.3950 -112.8433
v -34.0239 9.3950 -137.3553
v -36.8499 9.3950 -137.0523
v -39.6269 9.3950 -136.7543
v -37.0069 9.3950 -112.2303
v -36.8499 9.3950 -137.0523
v -34.0239 9.3950 -137.3553
v -34.0239 0.4790 -137.3553
v -36.8499 0.4790 -137.0523
v -36.8499 8.0160 -137.0523
v -37.0069 0.4790 -112.2303
v -39.6269 0.4790 -136.7543
v -36.8499 0.4790 -137.0523
v -34.0239 0.4790 -137.3553
v -31.3799 0.4790 -112.8433
v -37.0069 9.3950 -112.2303
v -39.6269 9.3950 -136.7543
v -39.6269 8.0160 -136.7543
v -39.6269 0.4790 -136.7543
v -37.0069 0.4790 -112.2303
v -37.0069 9.3140 -112.2303
v -37.0069 9.3140 -112.2303
v -37.0069 0.4790 -112.2303
v -31.3799 0.4790 -112.8433
v -31.3799 9.3140 -112.8433
v -36.8499 8.0160 -137.0523
v -36.8499 0.4790 -137.0523
v -39.6269 0.4790 -136.7543
v -39.6269 8.0160 -136.7543
v -30.8129 9.3140 -107.5853
v -31.3799 9.3140 -112.8433
v -37.0069 9.3140 -112.2303
v -36.4459 9.3140 -106.9813
v -31.3799 9.3140 -112.8433
v -30.8129 9.3140 -107.5853
v -30.8129 0.4790 -107.5853
v -31.3799 0.4790 -112.8433
v -30.8129 9.3140 -107.5853
v -36.4459 9.3140 -106.9813
v -36.4459 0.4790 -106.9813
v -30.8129 0.4790 -107.5853
v -36.4459 9.3140 -106.9813
v -37.0069 9.3140 -112.2303
v -37.0069 0.4790 -112.2303
v -36.4459 0.4790 -106.9813
v -36.4459 0.4790 -106.9813
v -37.0069 0.4790 -112.2303
v -31.3799 0.4790 -112.8433
v -30.8129 0.4790 -107.5853
v -31.3799 0.4790 -112.8433
v -37.0069 0.4790 -112.2303
v -37.0069 9.3140 -112.2303
v -31.3799 9.3140 -112.8433
v 17.3431 6.1710 -109.8203
v 32.0201 6.1710 -111.4393
v 32.0201 0.0000 -111.4393
v 17.3431 0.0000 -109.8203
v 29.3531 6.1710 -97.2103
v 27.6881 6.1710 -98.7463
v 27.6881 0.0000 -98.7463
v 29.3531 0.0000 -97.2103
v 18.9851 6.1710 -93.6633
v 17.2121 6.1710 -93.4873
v 17.2121 0.0000 -93.4873
v 18.9851 0.0000 -93.6633
v 26.0691 6.1710 -96.8823
v 27.5041 6.1710 -95.5483
v 27.5041 0.0000 -95.5483
v 26.0691 0.0000 -96.8823
v 32.0201 6.1710 -111.4393
v 33.0311 6.1710 -99.6963
v 33.0311 0.0000 -99.6963
v 32.0201 0.0000 -111.4393
v 15.5791 0.0000 -109.6253
v 17.3431 0.0000 -109.8203
v 32.0201 0.0000 -111.4393
v 33.0311 0.0000 -99.6963
v 29.3531 0.0000 -97.2103
v 27.6881 0.0000 -98.7463
v 26.0691 0.0000 -96.8823
v 27.5041 0.0000 -95.5483
v 27.5101 0.0000 -94.4573
v 18.9851 0.0000 -93.6633
v 17.2121 0.0000 -93.4873
v 17.2121 6.1710 -93.4873
v 18.9851 6.1710 -93.6633
v 27.5101 6.1710 -94.4573
v 27.5041 6.1710 -95.5483
v 26.0691 6.1710 -96.8823
v 27.6881 6.1710 -98.7463
v 29.3531 6.1710 -97.2103
v 33.0311 6.1710 -99.6963
v 32.0201 6.1710 -111.4393
v 17.3431 6.1710 -109.8203
v 15.5791 6.1710 -109.6253
v 27.5041 6.1710 -95.5483
v 27.5101 6.1710 -94.4573
v 27.5101 0.0000 -94.4573
v 27.5041 0.0000 -95.5483
v 33.0311 6.1710 -99.6963
v 29.3531 6.1710 -97.2103
v 29.3531 0.0000 -97.2103
v 33.0311 0.0000 -99.6963
v 27.6881 6.1710 -98.7463
v 26.0691 6.1710 -96.8823
v 26.0691 0.0000 -96.8823
v 27.6881 0.0000 -98.7463
v 15.5791 6.1710 -109.6253
v 17.3431 6.1710 -109.8203
v 17.3431 0.0000 -109.8203
v 15.5791 0.0000 -109.6253
v 27.5101 6.1710 -94.4573
v 18.9851 6.1710 -93.6633
v 18.9851 0.0000 -93.6633
v 27.5101 0.0000 -94.4573
v 15.5791 0.0000 -109.6253
v 17.2121 0.0000 -93.4873
v 17.2121 6.1710 -93.4873
v 15.5791 6.1710 -109.6253
v -3.9869 6.5370 -131.8273
v 13.1551 6.5370 -133.5813
v 13.1551 0.0000 -133.5813
v -3.9869 0.0000 -131.8273
v 13.1551 6.5370 -133.5813
v 15.5791 6.5370 -109.6253
v 15.5791 6.1710 -109.6253
v 15.5791 0.0000 -109.6253
v 13.1551 0.0000 -133.5813
v 17.2121 6.1710 -93.4873
v 15.5791 6.1710 -109.6253
v 15.5791 6.5370 -109.6253
v 17.2121 6.5370 -93.4873
v -2.3699 6.5370 -115.9483
v -3.4889 6.5370 -126.9383
v -3.4889 0.0000 -126.9383
v -2.3699 0.0000 -115.9483
v -1.4399 6.5370 -106.8193
v -2.3699 6.5370 -115.9483
v -2.3699 0.0000 -115.9483
v -1.4399 0.0000 -106.8193
v 17.2121 6.5370 -93.4873
v 0.0801 6.5370 -91.8993
v 0.0801 0.0000 -91.8993
v 17.2121 0.0000 -93.4873
v 17.2121 6.1710 -93.4873
v -3.4889 6.5370 -126.9383
v -3.9869 6.5370 -131.8273
v -3.9869 0.0000 -131.8273
v -3.4889 0.0000 -126.9383
v 13.1551 0.0000 -133.5813
v 15.5791 0.0000 -109.6253
v 17.2121 0.0000 -93.4873
v 0.0801 0.0000 -91.8993
v -0.2089 0.0000 -94.7373
v -1.4399 0.0000 -106.8193
v -2.3699 0.0000 -115.9483
v -3.4889 0.0000 -126.9383
v -3.9869 0.0000 -131.8273
v 0.0801 6.5370 -91.8993
v -0.2089 6.5370 -94.7373
v -0.2089 0.0000 -94.7373
v 0.0801 0.0000 -91.8993
v -0.2089 6.5370 -94.7373
v -1.4399 6.5370 -106.8193
v -1.4399 0.0000 -106.8193
v -0.2089 0.0000 -94.7373
v -3.9869 6.5370 -131.8273
v -3.4889 6.5370 -126.9383
v -2.3699 6.5370 -115.9483
v -1.4399 6.5370 -106.8193
v -0.2089 6.5370 -94.7373
v 0.0801 6.5370 -91.8993
v 17.2121 6.5370 -93.4873
v 15.5791 6.5370 -109.6253
v 13.1551 6.5370 -133.5813
v 17.2121 6.1710 -93.4873
v 17.2121 0.0000 -93.4873
v 15.5791 0.0000 -109.6253
v 15.5791 6.1710 -109.6253
v 17.3431 6.1710 -109.8203
v 32.0201 6.1710 -111.4393
v 32.0201 0.0000 -111.4393
v 17.3431 0.0000 -109.8203
v 29.3531 6.1710 -97.2103
v 27.6881 6.1710 -98.7463
v 27.6881 0.0000 -98.7463
v 29.3531 0.0000 -97.2103
v 18.9851 6.1710 -93.6633
v 17.2121 6.1710 -93.4873
v 17.2121 0.0000 -93.4873
v 18.9851 0.0000 -93.6633
v 26.0691 6.1710 -96.8823
v 27.5041 6.1710 -95.5483
v 27.5041 0.0000 -95.5483
v 26.0691 0.0000 -96.8823
v 32.0201 6.1710 -111.4393
v 33.0311 6.1710 -99.6963
v 33.0311 0.0000 -99.6963
v 32.0201 0.0000 -111.4393
v 15.5791 0.0000 -109.6253
v 17.3431 0.0000 -109.8203
v 32.0201 0.0000 -111.4393
v 33.0311 0.0000 -99.6963
v 29.3531 0.0000 -97.2103
v 27.6881 0.0000 -98.7463
v 26.0691 0.0000 -96.8823
v 27.5041 0.0000 -95.5483
v 27.5101 0.0000 -94.4573
v 18.9851 0.0000 -93.6633
v 17.2121 0.0000 -93.4873
v 17.2121 6.1710 -93.4873
v 18.9851 6.1710 -93.6633
v 27.5101 6.1710 -94.4573
v 27.5041 6.1710 -95.5483
v 26.0691 6.1710 -96.8823
v 27.6881 6.1710 -98.7463
v 29.3531 6.1710 -97.2103
v 33.0311 6.1710 -99.6963
v 32.0201 6.1710 -111.4393
v 17.3431 6.1710 -109.8203
v 15.5791 6.1710 -109.6253
v 27.5041 6.1710 -95.5483
v 27.5101 6.1710 -94.4573
v 27.5101 0.0000 -94.4573
v 27.5041 0.0000 -95.5483
v 33.0311 6.1710 -99.6963
v 29.3531 6.1710 -97.2103
v 29.3531 0.0000 -97.2103
v 33.0311 0.0000 -99.6963
v 27.6881 6.1710 -98.7463
v 26.0691 6.1710 -96.8823
v 26.0691 0.0000 -96.8823
v 27.6881 0.0000 -98.7463
v 15.5791 6.1710 -109.6253
v 17.3431 6.1710 -109.8203
v 17.3431 0.0000 -109.8203
v 15.5791 0.0000 -109.6253
v 27.5101 6.1710 -94.4573
v 18.9851 6.1710 -93.6633
v 18.9851 0.0000 -93.6633
v 27.5101 0.0000 -94.4573
v 15.5791 0.0000 -109.6253
v 17.2121 0.0000 -93.4873
v 17.2121 6.1710 -93.4873
v 15.5791 6.1710 -109.6253
v -3.9869 6.5370 -131.8273
v 13.1551 6.5370 -133.5813
v 13.1551 0.0000 -133.5813
v -3.9869 0.0000 -131.8273
v 13.1551 6.5370 -133.5813
v 15.5791 6.5370 -109.6253
v 15.5791 6.1710 -109.6253
v 15.5791 0.0000 -109.6253
v 13.1551 0.0000 -133.5813
v 17.2121 6.1710 -93.4873
v 15.5791 6.1710 -109.6253
v 15.5791 6.5370 -109.6253
v 17.2121 6.5370 -93.4873
v -2.3699 6.5370 -115.9483
v -3.4889 6.5370 -126.9383
v -3.4889 0.0000 -126.9383
v -2.3699 0.0000 -115.9483
v -1.4399 6.5370 -106.8193
v -2.3699 6.5370 -115.9483
v -2.3699 0.0000 -115.9483
v -1.4399 0.0000 -106.8193
v 17.2121 6.5370 -93.4873
v 0.0801 6.5370 -91.8993
v 0.0801 0.0000 -91.8993
v 17.2121 0.0000 -93.4873
v 17.2121 6.1710 -93.4873
v -3.4889 6.5370 -126.9383
v -3.9869 6.5370 -131.8273
v -3.9869 0.0000 -131.8273
v -3.4889 0.0000 -126.9383
v 13.1551 0.0000 -133.5813
v 15.5791 0.0000 -109.6253
v 17.2121 0.0000 -93.4873
v 0.0801 0.0000 -91.8993
v -0.2089 0.0000 -94.7373
v -1.4399 0.0000 -106.8193
v -2.3699 0.0000 -115.9483
v -3.4889 0.0000 -126.9383
v -3.9869 0.0000 -131.8273
v 0.0801 6.5370 -91.8993
v -0.2089 6.5370 -94.7373
v -0.2089 0.0000 -94.7373
v 0.0801 0.0000 -91.8993
v -0.2089 6.5370 -94.7373
v -1.4399 6.5370 -106.8193
v -1.4399 0.0000 -106.8193
v -0.2089 0.0000 -94.7373
v -3.9869 6.5370 -131.8273
v -3.4889 6.5370 -126.9383
v -2.3699 6.5370 -115.9483
v -1.4399 6.5370 -106.8193
v -0.2089 6.5370 -94.7373
v 0.0801 6.5370 -91.8993
v 17.2121 6.5370 -93.4873
v 15.5791 6.5370 -109.6253
v 13.1551 6.5370 -133.5813
v 17.2121 6.1710 -93.4873
v 17.2121 0.0000 -93.4873
v 15.5791 0.0000 -109.6253
v 15.5791 6.1710 -109.6253
v 36.4001 4.9190 -115.8843
v 58.7981 4.9190 -118.1973
v 58.7981 1.4440 -118.1973
v 36.4001 1.4440 -115.8843
v 58.7981 4.9190 -118.1973
v 60.2761 4.9190 -103.4043
v 60.2761 1.4440 -103.4043
v 58.7981 1.4440 -118.1973
v 60.2761 4.9190 -103.4043
v 37.9381 4.9190 -101.1773
v 37.9381 1.4440 -101.1773
v 60.2761 1.4440 -103.4043
v 37.9381 4.9190 -101.1773
v 36.4001 4.9190 -115.8843
v 36.4001 1.4440 -115.8843
v 37.9381 1.4440 -101.1773
v 60.2761 1.4440 -103.4043
v 37.9381 1.4440 -101.1773
v 36.4001 1.4440 -115.8843
v 58.7981 1.4440 -118.1973
v 58.7981 4.9190 -118.1973
v 36.4001 4.9190 -115.8843
v 37.9381 4.9190 -101.1773
v 60.2761 4.9190 -103.4043
v -21.7529 4.9240 -107.2773
v -22.4289 4.9240 -113.8003
v -22.4289 1.4640 -113.8003
v -21.7529 1.4640 -107.2773
v -21.7529 4.9240 -107.2773
v -6.5929 4.9240 -108.8893
v -7.2889 4.9240 -115.4213
v -22.4289 4.9240 -113.8003
v -22.4289 4.9240 -113.8003
v -7.2889 4.9240 -115.4213
v -7.2889 1.4640 -115.4213
v -22.4289 1.4640 -113.8003
v -6.5929 4.9240 -108.8893
v -21.7529 4.9240 -107.2773
v -21.7529 1.4640 -107.2773
v -6.5929 1.4640 -108.8893
v -22.4289 1.4640 -113.8003
v -7.2889 1.4640 -115.4213
v -6.5929 1.4640 -108.8893
v -21.7529 1.4640 -107.2773
v -7.2889 4.9240 -115.4213
v -6.5929 4.9240 -108.8893
v -6.5929 1.4640 -108.8893
v -7.2889 1.4640 -115.4213
v -7.9909 4.9230 -90.6073
v -15.2549 4.9230 -89.8453
v -15.2549 1.4590 -89.8453
v -7.9909 1.4590 -90.6073
v -4.6729 4.9230 -83.6743
v -7.2269 4.9230 -83.4433
v -7.2269 1.4590 -83.4433
v -4.6729 1.4590 -83.6743
v 0.8691 4.9230 -84.1233
v -4.6729 4.9230 -83.6743
v -4.6729 1.4590 -83.6743
v 0.8691 1.4590 -84.1233
v 0.0801 4.9230 -91.8993
v 0.1251 4.9230 -91.4623
v 0.1251 1.4590 -91.4623
v 0.0801 1.4590 -91.8993
v -15.2709 4.9230 -90.0353
v -19.9309 4.9230 -89.5343
v -19.9309 1.4590 -89.5343
v -15.2709 1.4590 -90.0353
v -15.2549 4.9230 -89.8453
v -15.2709 4.9230 -90.0353
v -15.2709 1.4590 -90.0353
v -15.2549 1.4590 -89.8453
v 0.1251 4.9230 -91.4623
v 0.5371 4.9230 -87.3853
v 0.5371 1.4590 -87.3853
v 0.1251 1.4590 -91.4623
v -19.9309 4.9230 -89.5343
v -20.2799 4.9230 -92.9333
v -20.2799 1.4590 -92.9333
v -19.9309 1.4590 -89.5343
v -7.2269 4.9230 -83.4433
v -7.9909 4.9230 -90.6073
v -7.9909 1.4590 -90.6073
v -7.2269 1.4590 -83.4433
v 0.5371 4.9230 -87.3853
v 0.8691 4.9230 -84.1233
v 0.8691 1.4590 -84.1233
v 0.5371 1.4590 -87.3853
v -20.2799 4.9230 -92.9333
v -0.2089 4.9230 -94.7373
v -0.2089 1.4590 -94.7373
v -20.2799 1.4590 -92.9333
v 0.5371 4.9230 -87.3853
v 0.1251 4.9230 -91.4623
v 0.0801 4.9230 -91.8993
v -0.2089 4.9230 -94.7373
v -20.2799 4.9230 -92.9333
v -19.9309 4.9230 -89.5343
v -15.2709 4.9230 -90.0353
v -15.2549 4.9230 -89.8453
v -7.9909 4.9230 -90.6073
v -7.2269 4.9230 -83.4433
v -4.6729 4.9230 -83.6743
v 0.8691 4.9230 -84.1233
v 0.8691 1.4590 -84.1233
v -4.6729 1.4590 -83.6743
v -7.2269 1.4590 -83.4433
v -7.9909 1.4590 -90.6073
v -15.2549 1.4590 -89.8453
v -15.2709 1.4590 -90.0353
v -19.9309 1.4590 -89.5343
v -20.2799 1.4590 -92.9333
v -0.2089 1.4590 -94.7373
v 0.0801 1.4590 -91.8993
v 0.1251 1.4590 -91.4623
v 0.5371 1.4590 -87.3853
v -0.2089 4.9230 -94.7373
v 0.0801 4.9230 -91.8993
v 0.0801 1.4590 -91.8993
v -0.2089 1.4590 -94.7373
v -59.3579 0.9980 -104.5253
v -28.7569 0.9980 -107.8043
v -26.7089 0.9980 -88.0033
v -57.2969 0.9980 -84.8653
v -57.2659 0.9980 -84.5763
v -68.0169 0.9980 -83.4433
v -68.8809 0.9980 -91.9753
v -70.0949 0.9980 -103.3753
v -70.0949 9.4680 -103.3753
v -59.3579 9.4680 -104.5253
v -59.3579 5.5000 -104.5253
v -59.3579 0.9980 -104.5253
v -70.0949 0.9980 -103.3753
v -57.2659 9.4680 -84.5763
v -68.0169 9.4680 -83.4433
v -68.0169 0.9980 -83.4433
v -57.2659 0.9980 -84.5763
v -70.0949 9.4680 -103.3753
v -68.8809 9.4680 -91.9753
v -68.0169 9.4680 -83.4433
v -57.2659 9.4680 -84.5763
v -57.2969 9.4680 -84.8653
v -26.7089 9.4680 -88.0033
v -28.7569 9.4680 -107.8043
v -59.3579 9.4680 -104.5253
v -68.8809 9.4680 -91.9753
v -70.0949 9.4680 -103.3753
v -70.0949 0.9980 -103.3753
v -68.8809 0.9980 -91.9753
v -28.7569 9.4680 -107.8043
v -26.7089 9.4680 -88.0033
v -26.7089 0.9980 -88.0033
v -28.7569 0.9980 -107.8043
v -28.7569 5.5000 -107.8043
v -28.7569 5.5000 -107.8043
v -59.3579 5.5000 -104.5253
v -59.3579 9.4680 -104.5253
v -28.7569 9.4680 -107.8043
v -68.0169 9.4680 -83.4433
v -68.8809 9.4680 -91.9753
v -68.8809 0.9980 -91.9753
v -68.0169 0.9980 -83.4433
v -57.2969 9.4680 -84.8653
v -57.2659 9.4680 -84.5763
v -57.2659 0.9980 -84.5763
v -57.2969 0.9980 -84.8653
v -26.7089 9.4680 -88.0033
v -57.2969 9.4680 -84.8653
v -57.2969 0.9980 -84.8653
v -26.7089 0.9980 -88.0033
v -28.7569 5.5000 -107.8043
v -28.7569 0.9980 -107.8043
v -59.3579 0.9980 -104.5253
v -59.3579 5.5000 -104.5253
v -59.9029 4.7650 -109.7333
v -59.3579 5.5000 -104.5253
v -28.7569 5.5000 -107.8043
v -29.3019 4.7570 -113.0703
v -59.9029 4.7650 -109.7333
v -29.3019 4.7570 -113.0703
v -29.3019 0.9980 -113.0703
v -59.9029 0.9980 -109.7333
v -29.3019 0.9980 -113.0703
v -28.7569 0.9980 -107.8043
v -59.3579 0.9980 -104.5253
v -59.9029 0.9980 -109.7333
v -29.3019 4.7570 -113.0703
v -28.7569 5.5000 -107.8043
v -28.7569 0.9980 -107.8043
v -29.3019 0.9980 -113.0703
v -59.3579 5.5000 -104.5253
v -59.9029 4.7650 -109.7333
v -59.9029 0.9980 -109.7333
v -59.3579 0.9980 -104.5253
v -59.3579 0.9980 -104.5253
v -28.7569 0.9980 -107.8043
v -28.7569 5.5000 -107.8043
v -59.3579 5.5000 -104.5253
v -59.3579 0.9980 -104.5253
v -28.7569 0.9980 -107.8043
v -26.7089 0.9980 -88.0033
v -57.2969 0.9980 -84.8653
v -57.2659 0.9980 -84.5763
v -68.0169 0.9980 -83.4433
v -68.8809 0.9980 -91.9753
v -70.0949 0.9980 -103.3753
v -70.0949 9.4680 -103.3753
v -59.3579 9.4680 -104.5253
v -59.3579 5.5000 -104.5253
v -59.3579 0.9980 -104.5253
v -70.0949 0.9980 -103.3753
v -57.2659 9.4680 -84.5763
v -68.0169 9.4680 -83.4433
v -68.0169 0.9980 -83.4433
v -57.2659 0.9980 -84.5763
v -70.0949 9.4680 -103.3753
v -68.8809 9.4680 -91.9753
v -68.0169 9.4680 -83.4433
v -57.2659 9.4680 -84.5763
v -57.2969 9.4680 -84.8653
v -26.7089 9.4680 -88.0033
v -28.7569 9.4680 -107.8043
v -59.3579 9.4680 -104.5253
v -68.8809 9.4680 -91.9753
v -70.0949 9.4680 -103.3753
v -70.0949 0.9980 -103.3753
v -68.8809 0.9980 -91.9753
v -28.7569 9.4680 -107.8043
v -26.7089 9.4680 -88.0033
v -26.7089 0.9980 -88.0033
v -28.7569 0.9980 -107.8043
v -28.7569 5.5000 -107.8043
v -28.7569 5.5000 -107.8043
v -59.3579 5.5000 -104.5253
v -59.3579 9.4680 -104.5253
v -28.7569 9.4680 -107.8043
v -68.0169 9.4680 -83.4433
v -68.8809 9.4680 -91.9753
v -68.8809 0.9980 -91.9753
v -68.0169 0.9980 -83.4433
v -57.2969 9.4680 -84.8653
v -57.2659 9.4680 -84.5763
v -57.2659 0.9980 -84.5763
v -57.2969 0.9980 -84.8653
v -26.7089 9.4680 -88.0033
v -57.2969 9.4680 -84.8653
v -57.2969 0.9980 -84.8653
v -26.7089 0.9980 -88.0033
v -28.7569 5.5000 -107.8043
v -28.7569 0.9980 -107.8043
v -59.3579 0.9980 -104.5253
v -59.3579 5.5000 -104.5253
v -59.9029 4.7650 -109.7333
v -59.3579 5.5000 -104.5253
v -28.7569 5.5000 -107.8043
v -29.3019 4.7570 -113.0703
v -59.9029 4.7650 -109.7333
v -29.3019 4.7570 -113.0703
v -29.3019 0.9980 -113.0703
v -59.9029 0.9980 -109.7333
v -29.3019 0.9980 -113.0703
v -28.7569 0.9980 -107.8043
v -59.3579 0.9980 -104.5253
v -59.9029 0.9980 -109.7333
v -29.3019 4.7570 -113.0703
v -28.7569 5.5000 -107.8043
v -28.7569 0.9980 -107.8043
v -29.3019 0.9980 -113.0703
v -59.3579 5.5000 -104.5253
v -59.9029 4.7650 -109.7333
v -59.9029 0.9980 -109.7333
v -59.3579 0.9980 -104.5253
v -59.3579 0.9980 -104.5253
v -28.7569 0.9980 -107.8043
v -28.7569 5.5000 -107.8043
v -59.3579 5.5000 -104.5253
v 50.5761 5.0400 -92.5863
v 43.8751 5.0400 -92.0583
v 43.8751 1.3710 -92.0583
v 50.5761 1.3710 -92.5863
v 50.1091 5.0400 -97.4053
v 38.5021 5.0400 -96.2843
v 38.9901 5.0400 -91.6733
v 43.8751 5.0400 -92.0583
v 50.5761 5.0400 -92.5863
v 38.9901 5.0400 -91.6733
v 38.5021 5.0400 -96.2843
v 38.5021 1.3710 -96.2843
v 38.9901 1.3710 -91.6733
v 50.1091 5.0400 -97.4053
v 50.5761 5.0400 -92.5863
v 50.5761 1.3710 -92.5863
v 50.1091 1.3710 -97.4053
v 38.5021 5.0400 -96.2843
v 50.1091 5.0400 -97.4053
v 50.1091 1.3710 -97.4053
v 38.5021 1.3710 -96.2843
v 50.5761 1.3710 -92.5863
v 43.8751 1.3710 -92.0583
v 38.9901 1.3710 -91.6733
v 38.5021 1.3710 -96.2843
v 50.1091 1.3710 -97.4053
v 38.9901 1.3710 -91.6733
v 43.8751 1.3710 -92.0583
v 43.8751 5.0400 -92.0583
v 38.9901 5.0400 -91.6733
v 41.8431 16.4860 -88.2143
v 41.7081 16.4720 -89.4153
v 38.9901 11.9360 -91.6733
v 39.6351 11.9360 -85.5833
v 39.6351 11.9360 -85.5833
v 38.9901 11.9360 -91.6733
v 38.9901 5.0400 -91.6733
v 38.9901 1.3710 -91.6733
v 39.6351 1.3710 -85.5833
v 41.7081 16.4720 -89.4153
v 41.8431 16.4860 -88.2143
v 44.6051 11.9360 -85.9273
v 43.8751 11.9360 -92.0583
v 41.8431 16.4860 -88.2143
v 39.6351 11.9360 -85.5833
v 44.6051 11.9360 -85.9273
v 43.8751 5.0400 -92.0583
v 38.9901 5.0400 -91.6733
v 38.9901 11.9360 -91.6733
v 43.8751 11.9360 -92.0583
v 43.8751 1.3710 -92.0583
v 44.6051 1.3710 -85.9273
v 39.6351 1.3710 -85.5833
v 38.9901 1.3710 -91.6733
v 43.8751 11.9360 -92.0583
v 44.6051 11.9360 -85.9273
v 44.6051 1.3710 -85.9273
v 43.8751 1.3710 -92.0583
v 43.8751 5.0400 -92.0583
v 44.6051 11.9360 -85.9273
v 39.6351 11.9360 -85.5833
v 39.6351 1.3710 -85.5833
v 44.6051 1.3710 -85.9273
v 41.7081 16.4720 -89.4153
v 43.8751 11.9360 -92.0583
v 38.9901 11.9360 -91.6733
v 43.8751 5.0400 -92.0583
v 43.8751 1.3710 -92.0583
v 38.9901 1.3710 -91.6733
v 38.9901 5.0400 -91.6733
v 50.5761 5.0400 -92.5863
v 43.8751 5.0400 -92.0583
v 43.8751 1.3710 -92.0583
v 50.5761 1.3710 -92.5863
v 50.1091 5.0400 -97.4053
v 38.5021 5.0400 -96.2843
v 38.9901 5.0400 -91.6733
v 43.8751 5.0400 -92.0583
v 50.5761 5.0400 -92.5863
v 38.9901 5.0400 -91.6733
v 38.5021 5.0400 -96.2843
v 38.5021 1.3710 -96.2843
v 38.9901 1.3710 -91.6733
v 50.1091 5.0400 -97.4053
v 50.5761 5.0400 -92.5863
v 50.5761 1.3710 -92.5863
v 50.1091 1.3710 -97.4053
v 38.5021 5.0400 -96.2843
v 50.1091 5.0400 -97.4053
v 50.1091 1.3710 -97.4053
v 38.5021 1.3710 -96.2843
v 50.5761 1.3710 -92.5863
v 43.8751 1.3710 -92.0583
v 38.9901 1.3710 -91.6733
v 38.5021 1.3710 -96.2843
v 50.1091 1.3710 -97.4053
v 38.9901 1.3710 -91.6733
v 43.8751 1.3710 -92.0583
v 43.8751 5.0400 -92.0583
v 38.9901 5.0400 -91.6733
v 41.8431 16.4860 -88.2143
v 41.7081 16.4720 -89.4153
v 38.9901 11.9360 -91.6733
v 39.6351 11.9360 -85.5833
v 39.6351 11.9360 -85.5833
v 38.9901 11.9360 -91.6733
v 38.9901 5.0400 -91.6733
v 38.9901 1.3710 -91.6733
v 39.6351 1.3710 -85.5833
v 41.7081 16.4720 -89.4153
v 41.8431 16.4860 -88.2143
v 44.6051 11.9360 -85.9273
v 43.8751 11.9360 -92.0583
v 41.8431 16.4860 -88.2143
v 39.6351 11.9360 -85.5833
v 44.6051 11.9360 -85.9273
v 43.8751 5.0400 -92.0583
v 38.9901 5.0400 -91.6733
v 38.9901 11.9360 -91.6733
v 43.8751 11.9360 -92.0583
v 43.8751 1.3710 -92.0583
v 44.6051 1.3710 -85.9273
v 39.6351 1.3710 -85.5833
v 38.9901 1.3710 -91.6733
v 43.8751 11.9360 -92.0583
v 44.6051 11.9360 -85.9273
v 44.6051 1.3710 -85.9273
v 43.8751 1.3710 -92.0583
v 43.8751 5.0400 -92.0583
v 44.6051 11.9360 -85.9273
v 39.6351 11.9360 -85.5833
v 39.6351 1.3710 -85.5833
v 44.6051 1.3710 -85.9273
v 41.7081 16.4720 -89.4153
v 43.8751 11.9360 -92.0583
v 38.9901 11.9360 -91.6733
v 43.8751 5.0400 -92.0583
v 43.8751 1.3710 -92.0583
v 38.9901 1.3710 -91.6733
v 38.9901 5.0400 -91.6733
v 36.9611 5.3430 -124.2973
v 35.7611 5.6760 -123.1473
v 37.0161 5.2060 -121.8223
v 37.3801 5.2060 -124.2643
v 37.0161 5.2060 -121.8223
v 34.0581 5.2060 -121.5453
v 34.0581 1.8540 -121.5453
v 37.0161 1.8540 -121.8223
v 33.4741 5.3440 -123.9253
v 34.9541 5.6740 -123.0673
v 35.7611 5.6760 -123.1473
v 36.9611 5.3430 -124.2973
v 37.3851 5.2060 -124.7643
v 32.9841 5.2060 -124.2973
v 37.0161 1.8540 -121.8223
v 34.0581 1.8540 -121.5453
v 33.0671 1.8540 -123.8043
v 32.9841 1.8540 -124.2973
v 37.3851 1.8540 -124.7643
v 37.3801 1.8540 -124.2643
v 35.7611 5.6760 -123.1473
v 34.9541 5.6740 -123.0673
v 34.0581 5.2060 -121.5453
v 37.0161 5.2060 -121.8223
v 34.0581 5.2060 -121.5453
v 33.0671 5.2060 -123.8043
v 33.0671 1.8540 -123.8043
v 34.0581 1.8540 -121.5453
v 32.9841 5.2060 -124.2973
v 37.3851 5.2060 -124.7643
v 37.3851 1.8540 -124.7643
v 32.9841 1.8540 -124.2973
v 34.9541 5.6740 -123.0673
v 33.4741 5.3440 -123.9253
v 33.0671 5.2060 -123.8043
v 34.0581 5.2060 -121.5453
v 33.4741 5.3440 -123.9253
v 32.9841 5.2060 -124.2973
v 33.0671 5.2060 -123.8043
v 37.3801 5.2060 -124.2643
v 37.0161 5.2060 -121.8223
v 37.0161 1.8540 -121.8223
v 37.3801 1.8540 -124.2643
v 37.3851 5.2060 -124.7643
v 37.3801 5.2060 -124.2643
v 37.3801 1.8540 -124.2643
v 37.3851 1.8540 -124.7643
v 33.0671 5.2060 -123.8043
v 32.9841 5.2060 -124.2973
v 32.9841 1.8540 -124.2973
v 33.0671 1.8540 -123.8043
v 36.9611 5.3430 -124.2973
v 37.3801 5.2060 -124.2643
v 37.3851 5.2060 -124.7643
v -25.8979 4.9390 -80.1223
v -26.7089 4.9390 -88.0033
v -26.7089 1.4810 -88.0033
v -25.8979 1.4810 -80.1223
v -19.0089 4.9390 -80.6303
v -25.8979 4.9390 -80.1223
v -25.8979 1.4810 -80.1223
v -19.0089 1.4810 -80.6303
v -20.2809 4.9390 -92.9333
v -19.9309 4.9390 -89.5343
v -19.9309 1.4810 -89.5343
v -20.2809 1.4810 -92.9333
v -22.4289 4.9390 -113.8003
v -21.7529 4.9390 -107.2773
v -21.7529 1.4810 -107.2773
v -22.4289 1.4810 -113.8003
v -19.0089 1.4810 -80.6303
v -25.8979 1.4810 -80.1223
v -26.7089 1.4810 -88.0033
v -28.7569 1.4810 -107.8043
v -29.3019 1.4810 -113.0703
v -22.4289 1.4810 -113.8003
v -21.7529 1.4810 -107.2773
v -21.5279 1.4810 -105.0633
v -20.2809 1.4810 -92.9333
v -19.9309 1.4810 -89.5343
v -29.3019 4.9390 -113.0703
v -22.4289 4.9390 -113.8003
v -22.4289 1.4810 -113.8003
v -29.3019 1.4810 -113.0703
v -21.5279 4.9390 -105.0633
v -20.2809 4.9390 -92.9333
v -20.2809 1.4810 -92.9333
v -21.5279 1.4810 -105.0633
v -19.9309 4.9390 -89.5343
v -20.2809 4.9390 -92.9333
v -21.5279 4.9390 -105.0633
v -21.7529 4.9390 -107.2773
v -22.4289 4.9390 -113.8003
v -29.3019 4.9390 -113.0703
v -28.7569 4.9390 -107.8043
v -26.7089 4.9390 -88.0033
v -25.8979 4.9390 -80.1223
v -19.0089 4.9390 -80.6303
v -21.7529 4.9390 -107.2773
v -21.5279 4.9390 -105.0633
v -21.5279 1.4810 -105.0633
v -21.7529 1.4810 -107.2773
v -19.9309 4.9390 -89.5343
v -19.0089 4.9390 -80.6303
v -19.0089 1.4810 -80.6303
v -19.9309 1.4810 -89.5343
v -26.7089 4.9390 -88.0033
v -28.7569 4.9390 -107.8043
v -28.7569 1.4810 -107.8043
v -26.7089 1.4810 -88.0033
v -28.7569 4.9390 -107.8043
v -29.3019 4.9390 -113.0703
v -29.3019 1.4810 -113.0703
v -28.7569 1.4810 -107.8043
v -21.5279 4.9290 -105.0633
v -21.7529 4.9290 -107.2773
v -21.7529 1.4640 -107.2773
v -21.5279 1.4640 -105.0633
v -5.0089 4.9290 -109.0573
v -6.5929 4.8370 -108.8893
v -6.5929 4.9290 -108.8893
v -1.7029 4.9290 -109.4093
v -5.0059 4.9290 -109.0583
v -5.0089 4.9290 -109.0573
v -6.5929 4.9290 -108.8893
v -21.7529 4.9290 -107.2773
v -21.5279 4.9290 -105.0633
v -1.4389 4.9290 -106.8193
v -1.7029 4.9290 -109.4093
v -1.4389 4.9290 -106.8193
v -1.4389 1.4640 -106.8193
v -1.7029 1.4640 -109.4093
v -21.7529 4.9290 -107.2773
v -6.5929 4.9290 -108.8893
v -6.5929 4.8370 -108.8893
v -6.5929 1.4640 -108.8893
v -21.7529 1.4640 -107.2773
v -1.4389 1.4640 -106.8193
v -21.5279 1.4640 -105.0633
v -21.7529 1.4640 -107.2773
v -6.5929 1.4640 -108.8893
v -1.7029 1.4640 -109.4093
v -1.4389 4.9290 -106.8193
v -21.5279 4.9290 -105.0633
v -21.5279 1.4640 -105.0633
v -1.4389 1.4640 -106.8193
v -1.7029 1.4640 -109.4093
v -6.5929 1.4640 -108.8893
v -6.5929 4.8370 -108.8893
v -5.0089 4.9290 -109.0573
v -5.0059 4.9290 -109.0583
v -1.7029 4.9290 -109.4093
v -7.2889 1.4640 -115.4213
v -2.3689 1.4640 -115.9483
v -1.7029 1.4640 -109.4093
v -6.5929 1.4640 -108.8893
v -2.3689 5.1230 -115.9483
v -1.7029 5.1210 -109.4093
v -1.7029 4.9290 -109.4093
v -1.7029 1.4640 -109.4093
v -2.3689 1.4640 -115.9483
v -6.5929 4.8370 -108.8893
v -5.0089 4.9290 -109.0573
v -1.7029 5.1210 -109.4093
v -2.3689 5.1230 -115.9483
v -7.2889 4.8370 -115.4213
v -6.5929 4.8370 -108.8893
v -7.2889 4.8370 -115.4213
v -7.2889 1.4640 -115.4213
v -6.5929 1.4640 -108.8893
v -5.0089 4.9290 -109.0573
v -1.7029 4.9290 -109.4093
v -1.7029 5.1210 -109.4093
v -7.2889 4.8370 -115.4213
v -2.3689 5.1230 -115.9483
v -2.3689 1.4640 -115.9483
v -7.2889 1.4640 -115.4213
v -6.5929 4.8370 -108.8893
v -6.5929 1.4640 -108.8893
v -1.7029 1.4640 -109.4093
v -1.7029 4.9290 -109.4093
v -5.0089 4.9290 -109.0573
v -21.5279 4.9290 -105.0633
v -21.7529 4.9290 -107.2773
v -21.7529 1.4640 -107.2773
v -21.5279 1.4640 -105.0633
v -5.0089 4.9290 -109.0573
v -6.5929 4.8370 -108.8893
v -6.5929 4.9290 -108.8893
v -1.7029 4.9290 -109.4093
v -5.0059 4.9290 -109.0583
v -5.0089 4.9290 -109.0573
v -6.5929 4.9290 -108.8893
v -21.7529 4.9290 -107.2773
v -21.5279 4.9290 -105.0633
v -1.4389 4.9290 -106.8193
v -1.7029 4.9290 -109.4093
v -1.4389 4.9290 -106.8193
v -1.4389 1.4640 -106.8193
v -1.7029 1.4640 -109.4093
v -21.7529 4.9290 -107.2773
v -6.5929 4.9290 -108.8893
v -6.5929 4.8370 -108.8893
v -6.5929 1.4640 -108.8893
v -21.7529 1.4640 -107.2773
v -1.4389 1.4640 -106.8193
v -21.5279 1.4640 -105.0633
v -21.7529 1.4640 -107.2773
v -6.5929 1.4640 -108.8893
v -1.7029 1.4640 -109.4093
v -1.4389 4.9290 -106.8193
v -21.5279 4.9290 -105.0633
v -21.5279 1.4640 -105.0633
v -1.4389 1.4640 -106.8193
v -1.7029 1.4640 -109.4093
v -6.5929 1.4640 -108.8893
v -6.5929 4.8370 -108.8893
v -5.0089 4.9290 -109.0573
v -5.0059 4.9290 -109.0583
v -1.7029 4.9290 -109.4093
v -7.2889 1.4640 -115.4213
v -2.3689 1.4640 -115.9483
v -1.7029 1.4640 -109.4093
v -6.5929 1.4640 -108.8893
v -2.3689 5.1230 -115.9483
v -1.7029 5.1210 -109.4093
v -1.7029 4.9290 -109.4093
v -1.7029 1.4640 -109.4093
v -2.3689 1.4640 -115.9483
v -6.5929 4.8370 -108.8893
v -5.0089 4.9290 -109.0573
v -1.7029 5.1210 -109.4093
v -2.3689 5.1230 -115.9483
v -7.2889 4.8370 -115.4213
v -6.5929 4.8370 -108.8893
v -7.2889 4.8370 -115.4213
v -7.2889 1.4640 -115.4213
v -6.5929 1.4640 -108.8893
v -5.0089 4.9290 -109.0573
v -1.7029 4.9290 -109.4093
v -1.7029 5.1210 -109.4093
v -7.2889 4.8370 -115.4213
v -2.3689 5.1230 -115.9483
v -2.3689 1.4640 -115.9483
v -7.2889 1.4640 -115.4213
v -6.5929 4.8370 -108.8893
v -6.5929 1.4640 -108.8893
v -1.7029 1.4640 -109.4093
v -1.7029 4.9290 -109.4093
v -5.0089 4.9290 -109.0573
v 44.0041 5.0760 -123.3383
v 43.8221 4.7060 -122.4573
v 44.1811 4.7060 -124.1963
v 44.0041 5.0760 -123.3383
v 39.0391 5.1860 -123.1313
v 38.3151 4.7060 -121.9433
v 43.8221 4.7060 -122.4573
v 39.0391 5.1860 -123.1313
v 37.3801 4.7060 -124.2643
v 38.3151 4.7060 -121.9433
v 43.8221 1.8340 -122.4573
v 38.3151 1.8340 -121.9433
v 37.3801 1.8340 -124.2643
v 44.1811 1.8340 -124.1963
v 39.0391 5.1860 -123.1313
v 44.0041 5.0760 -123.3383
v 44.1811 4.7060 -124.1963
v 37.3801 4.7060 -124.2643
v 37.3801 4.7060 -124.2643
v 44.1811 4.7060 -124.1963
v 44.1811 1.8340 -124.1963
v 37.3801 1.8340 -124.2643
v 38.3151 4.7060 -121.9433
v 37.3801 4.7060 -124.2643
v 37.3801 1.8340 -124.2643
v 38.3151 1.8340 -121.9433
v 43.8221 4.7060 -122.4573
v 38.3151 4.7060 -121.9433
v 38.3151 1.8340 -121.9433
v 43.8221 1.8340 -122.4573
v 44.1811 4.7060 -124.1963
v 43.8221 4.7060 -122.4573
v 43.8221 1.8340 -122.4573
v 44.1811 1.8340 -124.1963
v 33.0671 5.5480 -123.8043
v 32.5311 4.5620 -121.4023
v 32.5311 1.8800 -121.4023
v 33.0671 1.8800 -123.8043
v 32.5311 4.5620 -121.4023
v 33.0671 5.5480 -123.8043
v 29.6681 5.5480 -123.2323
v 26.3141 5.5480 -122.6673
v 27.1601 4.7340 -120.9013
v 27.1601 4.7340 -120.9013
v 26.3141 5.5480 -122.6673
v 26.3141 1.8800 -122.6673
v 27.1601 1.8800 -120.9013
v 32.5311 4.5620 -121.4023
v 27.1601 4.7340 -120.9013
v 27.1601 1.8800 -120.9013
v 32.5311 1.8800 -121.4023
v 26.3141 5.5480 -122.6673
v 29.6681 5.5480 -123.2323
v 29.6681 1.8800 -123.2323
v 26.3141 1.8800 -122.6673
v 29.6681 5.5480 -123.2323
v 33.0671 5.5480 -123.8043
v 33.0671 1.8800 -123.8043
v 29.6681 1.8800 -123.2323
v 27.1601 1.8800 -120.9013
v 26.3141 1.8800 -122.6673
v 29.6681 1.8800 -123.2323
v 33.0671 1.8800 -123.8043
v 32.5311 1.8800 -121.4023
v 92.9761 23.8510 -94.5483
v 91.0881 23.8510 -94.3583
v 91.0881 1.0680 -94.3583
v 92.9761 1.0680 -94.5483
v 92.2181 23.8510 -97.0873
v 92.7151 23.8510 -97.1363
v 92.7151 1.0680 -97.1363
v 92.2181 1.0680 -97.0873
v 92.9761 23.8510 -94.5483
v 92.7151 23.8510 -97.1363
v 92.2181 23.8510 -97.0873
v 90.8251 23.8510 -96.9483
v 91.0881 23.8510 -94.3583
v 92.7151 23.8510 -97.1363
v 92.9761 23.8510 -94.5483
v 92.9761 1.0680 -94.5483
v 92.7151 1.0680 -97.1363
v 91.0881 1.0680 -94.3583
v 90.8251 1.0680 -96.9483
v 92.2181 1.0680 -97.0873
v 92.7151 1.0680 -97.1363
v 92.9761 1.0680 -94.5483
v 90.8251 23.8510 -96.9483
v 92.2181 23.8510 -97.0873
v 92.2181 1.0680 -97.0873
v 90.8251 1.0680 -96.9483
v 91.0881 23.8510 -94.3583
v 90.8251 23.8510 -96.9483
v 90.8251 1.0680 -96.9483
v 91.0881 1.0680 -94.3583
o lod2_DEBE01YYK0003VQn_roof
g roof
f 1 2 3 4 5
o lod2_DEBE01YYK0003VQn_wall
g wall
f 6 7 8 9
f 15 16 17 18
f 19 20 21 22
f 23 24 25 26
f 27 28 29 30
o lod2_DEBE01YYK0003VQn_ground
g ground
f 10 11 12 13 14
o lod2_DEBE01YYK0002TRo_wall
g wall
f 31 32 33 34 35
f 44 45 46
f 47 48 49 50
f 51 52 53 54
f 55 56 57
f 58 59 60 61 62
f 67 68 69 70
f 71 72 73 74
f 84 85 86 87
f 88 89 90 91
f 101 102 103 104
f 105 106 107 108
f 109 110 111 112
f 113 114 115 116
f 117 118 119 120
f 121 122 123 124
o lod2_DEBE01YYK0002TRo_roof
g roof
f 36 37 38 39
f 40 41 42 43
f 92 93 94 95 96 97 98 99 100
o lod2_DEBE01YYK0002TRo_ground
g ground
f 63 64 65 66
f 75 76 77 78 79 80 81 82 83
o lod2_DEBE3Dq5KEYn2dRX_wall
g wall
f 125 126 127 128 129
f 138 139 140
f 141 142 143 144
f 145 146 147 148
f 149 150 151
f 152 153 154 155 156
f 161 162 163 164
o lod2_DEBE3Dq5KEYn2dRX_roof
g roof
f 130 131 132 133
f 134 135 136 137
o lod2_DEBE3Dq5KEYn2dRX_ground
g ground
f 157 158 159 160
o lod2_DEBE3DlBNFa7Eo1J_wall
g wall
f 165 166 167 168
f 178 179 180 181
f 182 183 184 185
f 195 196 197 198
f 199 200 201 202
f 203 204 205 206
f 207 208 209 210
f 211 212 213 214
f 215 216 217 218
o lod2_DEBE3DlBNFa7Eo1J_ground
g ground
f 169 170 171 172 173 174 175 176 177
o lod2_DEBE3DlBNFa7Eo1J_roof
g roof
f 186 187 188 189 190 191 192 193 194
o lod2_DEBE01YYK0002TGh_wall
g wall
f 219 220 221 222
f 223 224 225 226
f 227 228 229 230
f 231 232 233 234
f 235 236 237 238
f 239 240 241 242
f 243 244 245 246
f 247 248 249 250
f 308 309 310 311
f 312 313 314 315
f 316 317 318 319
f 320 321 322 323
f 324 325 326 327
f 328 329 330 331
f 332 333 334 335
f 336 337 338 339
f 340 341 342 343
f 344 345 346 347
f 348 349 350 351
f 352 353 354 355
f 356 357 358 359
f 417 418 419 420
f 421 422 423 424
f 425 426 427 428
f 429 430 431 432
f 433 434 435 436
f 437 438 439 440
f 441 442 443 444
f 445 446 447 448
f 449 450 451 452
f 453 454 455 456
f 457 458 459 460
f 461 462 463 464
f 465 466 467 468
f 469 470 471 472
f 473 474 475 476
f 477 478 479 480
f 481 482 483 484
f 485 486 487 488
f 489 490 491 492
f 493 494 495 496
f 497 498 499 500
f 501 502 503 504
f 505 506 507 508
f 509 510 511 512
f 513 514 515 516
f 517 518 519 520
f 521 522 523 524
f 525 526 527 528
f 529 530 531 532
f 533 534 535 536
f 537 538 539 540
f 541 542 543 544
f 545 546 547 548
f 549 550 551 552
f 553 554 555 556
f 557 558 559 560
o lod2_DEBE01YYK0002TGh_roof
g roof
f 251 252 253 254 255 256 257 258 259 260 261 262 263 264 265 266 267 268 269 270 271 272 273 274 275 276 277 278 279 280 281 282 283 284 285 286 287 288 289 290 291 292 293 294 295 296 297 298 299 300 301 302 303 304 305 306 307
o lod2_DEBE01YYK0002TGh_ground
g ground
f 360 361 362 363 364 365 366 367 368 369 370 371 372 373 374 375 376 377 378 379 380 381 382 383 384 385 386 387 388 389 390 391 392 393 394 395 396 397 398 399 400 401 402 403 404 405 406 407 408 409 410 411 412 413 414 415 416
o lod2_DEBE01YYK0002NL4_wall
g wall
f 561 562 563 564
f 565 566 567 568
f 569 570 571 572
f 577 578 579 580
o lod2_DEBE01YYK0002NL4_ground
g ground
f 573 574 575 576
o lod2_DEBE01YYK0002NL4_roof
g roof
f 581 582 583 584
o lod2_DEBE01YYK0003VAh_wall
g wall
f 585 586 587 588
f 593 594 595 596
f 597 598 599 600
f 605 606 607 608
o lod2_DEBE01YYK0003VAh_roof
g roof
f 589 590 591 592
o lod2_DEBE01YYK0003VAh_ground
g ground
f 601 602 603 604
o lod2_DEBE01YYK0002Ldn_wall
g wall
f 609 610 611 612
f 613 614 615 616
f 617 618 619 620
f 621 622 623 624
f 625 626 627 628
f 642 643 644 645
f 659 660 661 662
f 663 664 665 666
f 667 668 669 670
f 671 672 673 674
f 675 676 677 678
f 679 680 681 682
f 683 684 685 686
o lod2_DEBE01YYK0002Ldn_ground
g ground
f 629 630 631 632 633 634 635 636 637 638 639 640 641
o lod2_DEBE01YYK0002Ldn_roof
g roof
f 646 647 648 649 650 651 652 653 654 655 656 657 658
o lod2_DEBE01YYK0003URJ_wall
g wall
f 687 688 689 690
f 691 692 693 694
f 695 696 697 698
f 699 700 701 702
f 703 704 705 706
f 719 720 721 722
o lod2_DEBE01YYK0003URJ_roof
g roof
f 707 708 709 710 711 712
o lod2_DEBE01YYK0003URJ_ground
g ground
f 713 714 715 716 717 718
o lod2_DEBE01AL4vE00007_wall
g wall
f 723 724 725 726
f 727 728 729 730
f 731 732 733 734
f 742 743 744 745
f 746 747 748 749
f 757 758 759 760
f 761 762 763 764
f 765 766 767 768
f 769 770 771 772 773
f 774 775 776 777
f 787 788 789 790
f 791 792 793 794
f 804 805 806 807
f 808 809 810 811
f 812 813 814 815
f 816 817 818 819
f 820 821 822 823 824
f 825 826 827 828
f 829 830 831 832
f 843 844 845 846
f 847 848 849 850
f 851 852 853 854
f 860 861 862 863
f 864 865 866 867 868
f 874 875 876 877
f 878 879 880 881
f 882 883 884 885 886
f 887 888 889 890
f 891 892 893 894
f 904 905 906 907
f 908 909 910 911 912
f 913 914 915 916 917 918
f 919 920 921 922 923
f 924 925 926 927 928
f 929 930 931 932
f 933 934 935 936
f 937 938 939 940
f 950 951 952 953
f 954 955 956 957 958
f 959 960 961 962
o lod2_DEBE01AL4vE00007_roof
g roof
f 735 736 737 738 739 740 741
f 795 796 797 798 799 800 801 802 803
f 838 839 840 841 842
f 855 856 857 858 859
f 895 896 897 898 899 900 901 902 903
o lod2_DEBE01AL4vE00007_ground
g ground
f 750 751 752 753 754 755 756
f 778 779 780 781 782 783 784 785 786
f 833 834 835 836 837
f 869 870 871 872 873
f 941 942 943 944 945 946 947 948 949
o lod2_DEBE3DDcWZHd6hXa_wall
g wall
f 963 964 965 966
f 967 968 969 970 971
f 972 973 974 975
f 985 986 987 988
f 989 990 991 992
f 1002 1003 1004 1005
f 1006 1007 1008 1009
f 1010 1011 1012 1013
f 1014 1015 1016 1017
f 1018 1019 1020 1021 1022
o lod2_DEBE3DDcWZHd6hXa_ground
g ground
f 976 977 978 979 980 981 982 983 984
o lod2_DEBE3DDcWZHd6hXa_roof
g roof
f 993 994 995 996 997 998 999 1000 1001
o lod2_DEBE3Dn9JyU5l9Bj_wall
g wall
f 1023 1024 1025 1026
f 1027 1028 1029 1030
f 1041 1042 1043 1044
f 1045 1046 1047 1048
f 1049 1050 1051 1052
o lod2_DEBE3Dn9JyU5l9Bj_ground
g ground
f 1031 1032 1033 1034 1035
o lod2_DEBE3Dn9JyU5l9Bj_roof
g roof
f 1036 1037 1038 1039 1040
o lod2_DEBE3DVsB79tyPoI_wall
g wall
f 1053 1054 1055 1056
f 1066 1067 1068 1069
f 1070 1071 1072 1073 1074
f 1075 1076 1077 1078 1079 1080
f 1081 1082 1083 1084 1085
f 1086 1087 1088 1089 1090
f 1091 1092 1093 1094
f 1095 1096 1097 1098
f 1099 1100 1101 1102
f 1112 1113 1114 1115
f 1116 1117 1118 1119 1120
f 1121 1122 1123 1124
o lod2_DEBE3DVsB79tyPoI_roof
g roof
f 1057 1058 1059 1060 1061 1062 1063 1064 1065
o lod2_DEBE3DVsB79tyPoI_ground
g ground
f 1103 1104 1105 1106 1107 1108 1109 1110 1111
o lod2_DEBE01YYK0003VcQ_ground
g ground
f 1125 1126 1127 1128
o lod2_DEBE01YYK0003VcQ_wall
g wall
f 1129 1130 1131 1132
f 1137 1138 1139 1140
f 1141 1142 1143 1144
f 1145 1146 1147 1148
o lod2_DEBE01YYK0003VcQ_roof
g roof
f 1133 1134 1135 1136
o lod2_DEBE01YYK0003UMa_wall
g wall
f 1149 1150 1151 1152
f 1153 1154 1155 1156
f 1157 1158 1159 1160
f 1171 1172 1173 1174
f 1175 1176 1177 1178
o lod2_DEBE01YYK0003UMa_ground
g ground
f 1161 1162 1163 1164 1165
o lod2_DEBE01YYK0003UMa_roof
g roof
f 1166 1167 1168 1169 1170
o lod2_DEBE01YYK0003UCo_wall
g wall
f 1179 1180 1181 1182
f 1187 1188 1189 1190
f 1195 1196 1197 1198
f 1199 1200 1201 1202
o lod2_DEBE01YYK0003UCo_roof
g roof
f 1183 1184 1185 1186
o lod2_DEBE01YYK0003UCo_ground
g ground
f 1191 1192 1193 1194
o lod2_DEBE01YYK0003TtR_roof
g roof
f 1203 1204 1205 1206
o lod2_DEBE01YYK0003TtR_wall
g wall
f 1207 1208 1209 1210
f 1211 1212 1213 1214
f 1215 1216 1217 1218
f 1223 1224 1225 1226
o lod2_DEBE01YYK0003TtR_ground
g ground
f 1219 1220 1221 1222
o lod2_DEBE01YYK0002Q1I_roof
g roof
f 1227 1228 1229 1230 1231 1232
f 1269 1270 1271 1272
f 1307 1308 1309 1310 1311
f 1337 1338 1339 1340
f 1379 1380 1381 1382 1383 1384 1385
f 1429 1430 1431 1432
f 1477 1478 1479
f 1495 1496 1497 1498 1499 1500
f 1501 1502 1503 1504 1505 1506
f 1516 1517 1518
f 1535 1536 1537 1538 1539
f 1554 1555 1556 1557 1558
f 1599 1600 1601 1602 1603 1604 1605 1606 1607
o lod2_DEBE01YYK0002Q1I_wall
g wall
f 1233 1234 1235 1236 1237
f 1238 1239 1240 1241
f 1242 1243 1244 1245
f 1246 1247 1248 1249 1250
f 1257 1258 1259 1260
f 1261 1262 1263 1264
f 1265 1266 1267 1268
f 1273 1274 1275 1276
f 1281 1282 1283 1284
f 1285 1286 1287 1288
f 1289 1290 1291 1292
f 1298 1299 1300 1301
f 1302 1303 1304 1305 1306
f 1312 1313 1314 1315
f 1316 1317 1318 1319 1320
f 1321 1322 1323 1324
f 1325 1326 1327 1328
f 1329 1330 1331 1332
f 1333 1334 1335 1336
f 1341 1342 1343 1344 1345
f 1346 1347 1348 1349
f 1350 1351 1352 1353 1354 1355
f 1356 1357 1358 1359 1360
f 1361 1362 1363
f 1369 1370 1371 1372 1373
f 1374 1375 1376 1377 1378
f 1386 1387 1388 1389
f 1390 1391 1392 1393
f 1394 1395 1396 1397
f 1398 1399 1400 1401 1402
f 1403 1404 1405 1406
f 1407 1408 1409 1410
f 1411 1412 1413 1414 1415
f 1416 1417 1418 1419 1420
f 1425 1426 1427 1428
f 1433 1434 1435 1436
f 1437 1438 1439 1440
f 1448 1449 1450
f 1451 1452 1453 1454 1455
f 1456 1457 1458 1459
f 1460 1461 1462 1463 1464
f 1465 1466 1467 1468
f 1469 1470 1471
f 1472 1473 1474 1475 1476
f 1480 1481 1482
f 1483 1484 1485 1486
f 1487 1488 1489 1490
f 1491 1492 1493 1494
f 1507 1508 1509 1510 1511
f 1512 1513 1514 1515
f 1519 1520 1521 1522
f 1523 1524 1525 1526
f 1527 1528 1529 1530
f 1531 1532 1533 1534
f 1540 1541 1542
f 1547 1548 1549
f 1550 1551 1552 1553
f 1559 1560 1561 1562
f 1563 1564 1565 1566
f 1567 1568 1569 1570
f 1571 1572 1573 1574
f 1575 1576 1577 1578
f 1579 1580 1581 1582
f 1583 1584 1585 1586
f 1587 1588 1589 1590 1591
f 1592 1593 1594
f 1595 1596 1597 1598
f 1615 1616 1617 1618
f 1619 1620 1621 1622 1623
f 1624 1625 1626 1627
f 1628 1629 1630 1631
f 1632 1633 1634 1635 1636
o lod2_DEBE01YYK0002Q1I_ground
g ground
f 1251 1252 1253 1254 1255 1256
f 1277 1278 1279 1280
f 1293 1294 1295 1296 1297
f 1364 1365 1366 1367 1368
f 1421 1422 1423 1424
f 1441 1442 1443 1444 1445 1446 1447
f 1543 1544 1545 1546
f 1608 1609 1610 1611 1612 1613 1614
o lod2_DEBE3Do6YnshY7Z8_roof
g roof
f 1637 1638 1639 1640 1641 1642
o lod2_DEBE3Do6YnshY7Z8_wall
g wall
f 1643 1644 1645 1646 1647
f 1648 1649 1650 1651
f 1652 1653 1654 1655
f 1656 1657 1658 1659 1660
f 1667 1668 1669 1670
f 1671 1672 1673 1674
f 1675 1676 1677 1678
o lod2_DEBE3Do6YnshY7Z8_ground
g ground
f 1661 1662 1663 1664 1665 1666
o lod2_DEBE3Dac2tI4y85j_roof
g roof
f 1679 1680 1681 1682
o lod2_DEBE3Dac2tI4y85j_wall
g wall
f 1683 1684 1685 1686
f 1691 1692 1693 1694
f 1695 1696 1697 1698
f 1699 1700 1701 1702
o lod2_DEBE3Dac2tI4y85j_ground
g ground
f 1687 1688 1689 1690
o lod2_DEBE3DznS73deVZg_ground
g ground
f 1703 1704 1705 1706 1707
o lod2_DEBE3DznS73deVZg_wall
g wall
f 1708 1709 1710 1711
f 1712 1713 1714 1715 1716
f 1722 1723 1724 1725
f 1726 1727 1728 1729 1730
f 1731 1732 1733 1734
f 1735 1736 1737 1738
o lod2_DEBE3DznS73deVZg_roof
g roof
f 1717 1718 1719 1720 1721
o lod2_DEBE3DeaaGEOGwC9_wall
g wall
f 1739 1740 1741 1742
f 1743 1744 1745 1746
f 1751 1752 1753 1754 1755
f 1756 1757 1758 1759
f 1760 1761 1762 1763 1764 1765
f 1766 1767 1768 1769 1770
f 1771 1772 1773
f 1779 1780 1781 1782 1783
f 1784 1785 1786 1787 1788
f 1796 1797 1798 1799
f 1800 1801 1802 1803
f 1804 1805 1806 1807
f 1808 1809 1810 1811 1812
f 1813 1814 1815 1816
o lod2_DEBE3DeaaGEOGwC9_roof
g roof
f 1747 1748 1749 1750
f 1789 1790 1791 1792 1793 1794 1795
o lod2_DEBE3DeaaGEOGwC9_ground
g ground
f 1774 1775 1776 1777 1778
o lod2_DEBE3DhA34iIlmlo_wall
g wall
f 1817 1818 1819 1820
f 1821 1822 1823 1824 1825
f 1826 1827 1828 1829 1830
f 1835 1836 1837 1838
f 1843 1844 1845 1846
o lod2_DEBE3DhA34iIlmlo_ground
g ground
f 1831 1832 1833 1834
o lod2_DEBE3DhA34iIlmlo_roof
g roof
f 1839 1840 1841 1842
o lod2_DEBE3DTKAWoxA3mh_wall
g wall
f 1847 1848 1849 1850
f 1858 1859 1860
f 1861 1862 1863 1864 1865
f 1866 1867 1868 1869
f 1870 1871 1872 1873 1874
f 1875 1876 1877 1878
f 1879 1880 1881
f 1882 1883 1884 1885 1886
f 1890 1891 1892
f 1893 1894 1895 1896
f 1897 1898 1899 1900
f 1901 1902 1903 1904
f 1917 1918 1919 1920 1921
f 1922 1923 1924 1925
f 1929 1930 1931 1932
f 1933 1934 1935 1936
f 1937 1938 1939 1940
f 1941 1942 1943 1944
o lod2_DEBE3DTKAWoxA3mh_ground
g ground
f 1851 1852 1853 1854 1855 1856 1857
o lod2_DEBE3DTKAWoxA3mh_roof
g roof
f 1887 1888 1889
f 1905 1906 1907 1908 1909 1910
f 1911 1912 1913 1914 1915 1916
f 1926 1927 1928
o lod2_DEBE3DqGGK4aFUNR_roof
g roof
f 1945 1946 1947 1948 1949
f 1964 1965 1966 1967 1968
o lod2_DEBE3DqGGK4aFUNR_wall
g wall
f 1950 1951 1952
f 1957 1958 1959
f 1960 1961 1962 1963
f 1969 1970 1971 1972
f 1973 1974 1975 1976
f 1977 1978 1979 1980
f 1981 1982 1983 1984
o lod2_DEBE3DqGGK4aFUNR_ground
g ground
f 1953 1954 1955 1956
o lod2_DEBE3DRUprSYWx0l_wall
g wall
f 1985 1986 1987 1988
f 1989 1990 1991 1992
f 1993 1994 1995 1996
f 1997 1998 1999 2000 2001
f 2002 2003 2004
f 2005 2006 2007 2008
f 2025 2026 2027 2028
f 2029 2030 2031 2032 2033
f 2034 2035 2036 2037
f 2038 2039 2040 2041
f 2042 2043 2044 2045 2046
o lod2_DEBE3DRUprSYWx0l_roof
g roof
f 2009 2010 2011 2012 2013 2014 2015 2016 2017
o lod2_DEBE3DRUprSYWx0l_ground
g ground
f 2018 2019 2020 2021 2022 2023 2024
o lod2_DEBE01YYK0002Q39_wall
g wall
f 2047 2048 2049 2050
f 2051 2052 2053 2054
f 2055 2056 2057 2058
f 2059 2060 2061 2062
f 2063 2064 2065 2066
f 2067 2068 2069 2070
f 2071 2072 2073 2074
f 2088 2089 2090 2091
f 2105 2106 2107 2108
f 2109 2110 2111 2112
f 2113 2114 2115 2116
f 2117 2118 2119 2120
f 2121 2122 2123 2124
o lod2_DEBE01YYK0002Q39_roof
g roof
f 2075 2076 2077 2078 2079 2080 2081 2082 2083 2084 2085 2086 2087
o lod2_DEBE01YYK0002Q39_ground
g ground
f 2092 2093 2094 2095 2096 2097 2098 2099 2100 2101 2102 2103 2104
o lod2_DEBE01YYK0002RWG_wall
g wall
f 2125 2126 2127 2128
f 2129 2130 2131
f 2140 2141 2142 2143 2144
f 2152 2153 2154 2155
f 2156 2157 2158 2159
f 2160 2161 2162 2163
f 2164 2165 2166 2167
f 2168 2169 2170 2171 2172
f 2173 2174 2175 2176
f 2177 2178 2179
f 2188 2189 2190 2191
f 2192 2193 2194 2195
f 2196 2197 2198 2199 2200
f 2201 2202 2203 2204
f 2205 2206 2207 2208
f 2216 2217 2218 2219 2220
f 2221 2222 2223
f 2234 2235 2236 2237
f 2238 2239 2240 2241 2242 2243
f 2244 2245 2246
f 2247 2248 2249 2250 2251
f 2252 2253 2254 2255 2256
f 2257 2258 2259 2260
f 2261 2262 2263 2264 2265
f 2278 2279 2280 2281
f 2282 2283 2284 2285
f 2286 2287 2288 2289
f 2290 2291 2292 2293
f 2294 2295 2296 2297
f 2298 2299 2300
f 2301 2302 2303 2304 2305
f 2320 2321 2322 2323
f 2324 2325 2326 2327
f 2328 2329 2330
f 2331 2332 2333 2334 2335
f 2336 2337 2338 2339 2340
o lod2_DEBE01YYK0002RWG_roof
g roof
f 2132 2133 2134 2135 2136 2137 2138 2139
f 2180 2181 2182 2183 2184 2185 2186 2187
f 2224 2225 2226 2227 2228 2229
f 2306 2307 2308 2309 2310 2311 2312 2313 2314 2315 2316 2317 2318 2319
o lod2_DEBE01YYK0002RWG_ground
g ground
f 2145 2146 2147 2148 2149 2150 2151
f 2209 2210 2211 2212 2213 2214 2215
f 2230 2231 2232 2233
f 2266 2267 2268 2269 2270 2271 2272 2273 2274 2275 2276 2277
o lod2_DEBE3DvnUfOiMKPI_wall
g wall
f 2341 2342 2343 2344
f 2345 2346 2347
f 2356 2357 2358 2359 2360
f 2368 2369 2370 2371
f 2372 2373 2374 2375
f 2376 2377 2378 2379
f 2380 2381 2382 2383
f 2384 2385 2386 2387 2388
o lod2_DEBE3DvnUfOiMKPI_roof
g roof
f 2348 2349 2350 2351 2352 2353 2354 2355
o lod2_DEBE3DvnUfOiMKPI_ground
g ground
f 2361 2362 2363 2364 2365 2366 2367
o lod2_DEBE3DEi5yW3Z2oo_wall
g wall
f 2389 2390 2391 2392
f 2393 2394 2395
f 2404 2405 2406 2407
f 2408 2409 2410 2411
f 2412 2413 2414 2415 2416
f 2417 2418 2419 2420
f 2421 2422 2423 2424
f 2432 2433 2434 2435 2436
o lod2_DEBE3DEi5yW3Z2oo_roof
g roof
f 2396 2397 2398 2399 2400 2401 2402 2403
o lod2_DEBE3DEi5yW3Z2oo_ground
g ground
f 2425 2426 2427 2428 2429 2430 2431
o lod2_DEBE3De7Ldcl7dCO_wall
g wall
f 2437 2438 2439
f 2450 2451 2452 2453
f 2454 2455 2456 2457 2458 2459
f 2460 2461 2462
f 2463 2464 2465 2466 2467
f 2468 2469 2470 2471 2472
o lod2_DEBE3De7Ldcl7dCO_roof
g roof
f 2440 2441 2442 2443 2444 2445
o lod2_DEBE3De7Ldcl7dCO_ground
g ground
f 2446 2447 2448 2449
o lod2_DEBE3DocRRTGvA3Y_wall
g wall
f 2473 2474 2475 2476
f 2477 2478 2479 2480 2481
f 2494 2495 2496 2497
f 2498 2499 2500 2501
f 2502 2503 2504 2505
f 2506 2507 2508 2509
f 2510 2511 2512 2513
f 2514 2515 2516
f 2517 2518 2519 2520 2521
f 2536 2537 2538 2539
f 2540 2541 2542 2543
f 2544 2545 2546
f 2547 2548 2549 2550 2551
f 2552 2553 2554 2555 2556
o lod2_DEBE3DocRRTGvA3Y_ground
g ground
f 2482 2483 2484 2485 2486 2487 2488 2489 2490 2491 2492 2493
o lod2_DEBE3DocRRTGvA3Y_roof
g roof
f 2522 2523 2524 2525 2526 2527 2528 2529 2530 2531 2532 2533 2534 2535
o lod2_DEBE01YYK0003UGl_wall
g wall
f 2557 2558 2559 2560
f 2565 2566 2567 2568
f 2573 2574 2575 2576
f 2577 2578 2579 2580
o lod2_DEBE01YYK0003UGl_ground
g ground
f 2561 2562 2563 2564
o lod2_DEBE01YYK0003UGl_roof
g roof
f 2569 2570 2571 2572
o lod2_DEBE00YY1Zt0005r_wall
g wall
f 2581 2582 2583 2584
f 2589 2590 2591 2592
f 2593 2594 2595 2596
f 2597 2598 2599 2600
o lod2_DEBE00YY1Zt0005r_ground
g ground
f 2585 2586 2587 2588
o lod2_DEBE00YY1Zt0005r_roof
g roof
f 2601 2602 2603 2604
o lod2_DEBE01YYK0003V4F_wall
g wall
f 2605 2606 2607 2608
f 2609 2610 2611 2612
f 2613 2614 2615 2616
f 2621 2622 2623 2624
o lod2_DEBE01YYK0003V4F_roof
g roof
f 2617 2618 2619 2620
o lod2_DEBE01YYK0003V4F_ground
g ground
f 2625 2626 2627 2628
o lod2_DEBE01YYK0002PAz_wall
g wall
f 2629 2630 2631 2632
f 2633 2634 2635 2636
f 2637 2638 2639 2640
f 2653 2654 2655 2656
f 2657 2658 2659 2660
f 2661 2662 2663 2664
o lod2_DEBE01YYK0002PAz_ground
g ground
f 2641 2642 2643 2644 2645 2646
o lod2_DEBE01YYK0002PAz_roof
g roof
f 2647 2648 2649 2650 2651 2652
o lod2_DEBE00YYHt000054_roof
g roof
f 2665 2666 2667
f 2668 2669 2670 2671
f 2684 2685 2686 2687
f 2688 2689 2690
f 2700 2701 2702
o lod2_DEBE00YYHt000054_wall
g wall
f 2672 2673 2674 2675
f 2676 2677 2678 2679
f 2680 2681 2682 2683
f 2691 2692 2693 2694
f 2703 2704 2705 2706
o lod2_DEBE00YYHt000054_ground
g ground
f 2695 2696 2697 2698 2699
o lod2_DEBE01YYK0003V0u_ground
g ground
f 2707 2708 2709 2710
o lod2_DEBE01YYK0003V0u_wall
g wall
f 2711 2712 2713 2714
f 2715 2716 2717 2718
f 2719 2720 2721 2722
f 2727 2728 2729 2730
o lod2_DEBE01YYK0003V0u_roof
g roof
f 2723 2724 2725 2726
o lod2_DEBE01YYK0002Jn8_wall
g wall
f 2731 2732 2733 2734
f 2735 2736 2737 2738
f 2739 2740 2741 2742
f 2743 2744 2745 2746
f 2747 2748 2749 2750
f 2751 2752 2753 2754
f 2755 2756 2757 2758
f 2759 2760 2761 2762
f 2763 2764 2765 2766
f 2767 2768 2769 2770
f 2771 2772 2773 2774
f 2775 2776 2777 2778
f 2779 2780 2781 2782
f 2783 2784 2785 2786
f 2787 2788 2789 2790
f 2791 2792 2793 2794
f 2795 2796 2797 2798
f 2799 2800 2801 2802
f 2803 2804 2805 2806
f 2849 2850 2851 2852
f 2853 2854 2855 2856
f 2857 2858 2859 2860
f 2861 2862 2863 2864
f 2865 2866 2867 2868
f 2869 2870 2871 2872
f 2873 2874 2875 2876
f 2877 2878 2879 2880
f 2881 2882 2883 2884
f 2885 2886 2887 2888
f 2889 2890 2891 2892
f 2893 2894 2895 2896
f 2897 2898 2899 2900
f 2901 2902 2903 2904
f 2905 2906 2907 2908
f 2909 2910 2911 2912
f 2913 2914 2915 2916
f 2917 2918 2919 2920
f 2921 2922 2923 2924
f 2925 2926 2927 2928
f 2929 2930 2931 2932
f 2975 2976 2977 2978
f 2979 2980 2981 2982
o lod2_DEBE01YYK0002Jn8_ground
g ground
f 2807 2808 2809 2810 2811 2812 2813 2814 2815 2816 2817 2818 2819 2820 2821 2822 2823 2824 2825 2826 2827 2828 2829 2830 2831 2832 2833 2834 2835 2836 2837 2838 2839 2840 2841 2842 2843 2844 2845 2846 2847 2848
o lod2_DEBE01YYK0002Jn8_roof
g roof
f 2933 2934 2935 2936 2937 2938 2939 2940 2941 2942 2943 2944 2945 2946 2947 2948 2949 2950 2951 2952 2953 2954 2955 2956 2957 2958 2959 2960 2961 2962 2963 2964 2965 2966 2967 2968 2969 2970 2971 2972 2973 2974
o lod2_DEBE01YYK0003UD1_roof
g roof
f 2983 2984 2985 2986
o lod2_DEBE01YYK0003UD1_wall
g wall
f 2987 2988 2989 2990
f 2991 2992 2993 2994
f 2999 3000 3001 3002
f 3003 3004 3005 3006
o lod2_DEBE01YYK0003UD1_ground
g ground
f 2995 2996 2997 2998
o lod2_DEBE01YYK0003V4P_wall
g wall
f 3007 3008 3009 3010
f 3011 3012 3013 3014
f 3015 3016 3017 3018
f 3027 3028 3029 3030
f 3043 3044 3045 3046
f 3051 3052 3053 3054
o lod2_DEBE01YYK0003V4P_roof
g roof
f 3019 3020 3021 3022 3023
f 3024 3025 3026
f 3031 3032 3033 3034
f 3035 3036 3037 3038 3039
f 3040 3041 3042
f 3047 3048 3049 3050
o lod2_DEBE01YYK0003V4P_ground
g ground
f 3055 3056 3057 3058 3059 3060
o lod2_DEBE00YY1Zt0005t_wall
g wall
f 3061 3062 3063 3064
f 3069 3070 3071 3072
f 3073 3074 3075 3076
f 3077 3078 3079 3080
o lod2_DEBE00YY1Zt0005t_ground
g ground
f 3065 3066 3067 3068
o lod2_DEBE00YY1Zt0005t_roof
g roof
f 3081 3082 3083 3084
o lod2_DEBE01YYK0003UPa_wall
g wall
f 3085 3086 3087 3088
f 3089 3090 3091 3092
f 3101 3102 3103 3104
f 3105 3106 3107 3108
o lod2_DEBE01YYK0003UPa_ground
g ground
f 3093 3094 3095 3096
o lod2_DEBE01YYK0003UPa_roof
g roof
f 3097 3098 3099 3100
o lod2_DEBE3DCL9JZcJVoQ_wall
g wall
f 3109 3110 3111 3112
f 3113 3114 3115 3116
f 3125 3126 3127 3128
f 3141 3142 3143 3144
f 3145 3146 3147 3148
o lod2_DEBE3DCL9JZcJVoQ_roof
g roof
f 3117 3118 3119 3120 3121
f 3122 3123 3124
f 3129 3130 3131
f 3136 3137 3138 3139 3140
o lod2_DEBE3DCL9JZcJVoQ_ground
g ground
f 3132 3133 3134 3135
o lod2_DEBE3DAXBhDjDkOL_ground
g ground
f 3149 3150 3151 3152
o lod2_DEBE3DAXBhDjDkOL_wall
g wall
f 3153 3154 3155 3156 3157
f 3158 3159 3160 3161
f 3162 3163 3164 3165 3166
f 3167 3168 3169 3170
f 3175 3176 3177 3178
o lod2_DEBE3DAXBhDjDkOL_roof
g roof
f 3171 3172 3173 3174
o lod2_DEBE01YYK0003VlK_wall
g wall
f 3179 3180 3181 3182
f 3191 3192 3193 3194
f 3195 3196 3197 3198
f 3199 3200 3201 3202
f 3203 3204 3205 3206
f 3207 3208 3209 3210
f 3211 3212 3213 3214
f 3223 3224 3225 3226
o lod2_DEBE01YYK0003VlK_ground
g ground
f 3183 3184 3185 3186 3187 3188 3189 3190
o lod2_DEBE01YYK0003VlK_roof
g roof
f 3215 3216 3217 3218 3219 3220 3221 3222
o lod2_DEBE01YYK0002SxC_wall
g wall
f 3227 3228 3229 3230
f 3237 3238 3239 3240
f 3247 3248 3249 3250 3251
f 3252 3253 3254 3255 3256
f 3257 3258 3259 3260
f 3261 3262 3263 3264
f 3265 3266 3267 3268
f 3304 3305 3306 3307
f 3308 3309 3310 3311
f 3312 3313 3314 3315 3316
f 3317 3318 3319 3320
f 3321 3322 3323 3324
f 3325 3326 3327 3328 3329
f 3330 3331 3332 3333
f 3334 3335 3336 3337
f 3338 3339 3340 3341
f 3342 3343 3344 3345
f 3346 3347 3348 3349
f 3350 3351 3352 3353
f 3354 3355 3356 3357
f 3358 3359 3360 3361
f 3362 3363 3364 3365 3366
f 3367 3368 3369 3370
f 3371 3372 3373
f 3374 3375 3376
f 3377 3378 3379 3380
f 3381 3382 3383 3384
f 3385 3386 3387 3388
f 3422 3423 3424 3425
f 3426 3427 3428 3429
f 3430 3431 3432 3433
f 3434 3435 3436 3437
f 3438 3439 3440 3441
f 3442 3443 3444 3445
f 3446 3447 3448 3449
f 3450 3451 3452 3453 3454
f 3455 3456 3457 3458
f 3459 3460 3461 3462
f 3463 3464 3465 3466
f 3467 3468 3469 3470
f 3471 3472 3473 3474
f 3475 3476 3477 3478
f 3479 3480 3481 3482
f 3483 3484 3485 3486
f 3495 3496 3497 3498
f 3506 3507 3508 3509
f 3510 3511 3512 3513
f 3514 3515 3516 3517
f 3518 3519 3520
f 3528 3529 3530
f 3531 3532 3533 3534
f 3535 3536 3537 3538
f 3539 3540 3541 3542
f 3543 3544 3545 3546
f 3547 3548 3549 3550
f 3551 3552 3553 3554
f 3555 3556 3557 3558
f 3567 3568 3569 3570
f 3571 3572 3573 3574
o lod2_DEBE01YYK0002SxC_ground
g ground
f 3231 3232 3233 3234 3235 3236
f 3389 3390 3391 3392 3393 3394 3395 3396 3397 3398 3399 3400 3401 3402 3403 3404 3405 3406 3407 3408 3409 3410 3411 3412 3413 3414 3415 3416 3417 3418 3419 3420 3421
f 3487 3488 3489 3490 3491 3492 3493 3494
f 3559 3560 3561 3562
o lod2_DEBE01YYK0002SxC_roof
g roof
f 3241 3242 3243 3244 3245 3246
f 3269 3270 3271 3272 3273 3274 3275 3276 3277 3278 3279 3280 3281 3282 3283 3284 3285 3286 3287 3288 3289 3290 3291 3292 3293 3294 3295 3296 3297 3298 3299 3300 3301 3302 3303
f 3499 3500 3501 3502 3503 3504 3505
f 3521 3522 3523 3524 3525 3526 3527
f 3563 3564 3565 3566
o lod2_DEBE3DxkgNg0VsD1_wall
g wall
f 3575 3576 3577 3578
f 3585 3586 3587 3588
f 3595 3596 3597 3598 3599
f 3600 3601 3602 3603 3604
f 3605 3606 3607 3608
f 3609 3610 3611 3612
f 3613 3614 3615 3616
o lod2_DEBE3DxkgNg0VsD1_ground
g ground
f 3579 3580 3581 3582 3583 3584
o lod2_DEBE3DxkgNg0VsD1_roof
g roof
f 3589 3590 3591 3592 3593 3594
o lod2_DEBE3DakAYkzzToK_roof
g roof
f 3617 3618 3619 3620 3621 3622 3623 3624 3625 3626 3627 3628 3629 3630 3631 3632 3633 3634 3635 3636 3637 3638 3639 3640 3641 3642 3643 3644 3645 3646 3647 3648 3649 3650 3651
o lod2_DEBE3DakAYkzzToK_wall
g wall
f 3652 3653 3654 3655
f 3656 3657 3658 3659
f 3660 3661 3662 3663 3664
f 3665 3666 3667 3668
f 3669 3670 3671 3672
f 3673 3674 3675 3676 3677
f 3678 3679 3680 3681
f 3682 3683 3684 3685
f 3686 3687 3688 3689
f 3690 3691 3692 3693
f 3694 3695 3696 3697
f 3698 3699 3700 3701
f 3702 3703 3704 3705
f 3706 3707 3708 3709
f 3710 3711 3712 3713 3714
f 3715 3716 3717 3718
f 3719 3720 3721
f 3722 3723 3724
f 3725 3726 3727 3728
f 3729 3730 3731 3732
f 3733 3734 3735 3736
f 3770 3771 3772 3773
f 3774 3775 3776 3777
f 3778 3779 3780 3781
f 3782 3783 3784 3785
f 3786 3787 3788 3789
f 3790 3791 3792 3793
f 3794 3795 3796 3797
f 3798 3799 3800 3801 3802
f 3803 3804 3805 3806
f 3807 3808 3809 3810
f 3811 3812 3813 3814
f 3815 3816 3817 3818
f 3819 3820 3821 3822
f 3823 3824 3825 3826
f 3827 3828 3829 3830
f 3831 3832 3833 3834
o lod2_DEBE3DakAYkzzToK_ground
g ground
f 3737 3738 3739 3740 3741 3742 3743 3744 3745 3746 3747 3748 3749 3750 3751 3752 3753 3754 3755 3756 3757 3758 3759 3760 3761 3762 3763 3764 3765 3766 3767 3768 3769
o lod2_DEBE3DWyzZQs8eX9_wall
g wall
f 3835 3836 3837 3838
f 3839 3840 3841 3842
f 3851 3852 3853 3854
f 3855 3856 3857 3858
o lod2_DEBE3DWyzZQs8eX9_ground
g ground
f 3843 3844 3845 3846
o lod2_DEBE3DWyzZQs8eX9_roof
g roof
f 3847 3848 3849 3850
o lod2_DEBE01YYK0003VGR_wall
g wall
f 3859 3860 3861 3862
f 3863 3864 3865 3866
f 3867 3868 3869 3870
f 3871 3872 3873 3874
f 3875 3876 3877 3878
f 3879 3880 3881 3882
f 3883 3884 3885 3886
f 3887 3888 3889 3890
f 3909 3910 3911 3912
o lod2_DEBE01YYK0003VGR_roof
g roof
f 3891 3892 3893 3894 3895 3896 3897 3898 3899
o lod2_DEBE01YYK0003VGR_ground
g ground
f 3900 3901 3902 3903 3904 3905 3906 3907 3908
o lod2_DEBE01YYK0003VTW_wall
g wall
f 3913 3914 3915 3916
f 3917 3918 3919 3920 3921
f 3922 3923 3924 3925
f 3926 3927 3928 3929 3930
f 3931 3932 3933 3934
f 3935 3936 3937
f 3953 3954 3955 3956 3957
f 3958 3959 3960 3961
f 3962 3963 3964 3965 3966
f 3967 3968 3969 3970
f 3983 3984 3985
f 3986 3987 3988 3989
f 3990 3991 3992 3993
f 4005 4006 4007 4008
f 4009 4010 4011 4012
f 4013 4014 4015 4016
f 4017 4018 4019 4020
f 4021 4022 4023 4024
f 4025 4026 4027 4028 4029
f 4030 4031 4032 4033 4034
f 4035 4036 4037 4038
f 4039 4040 4041 4042
f 4043 4044 4045 4046
f 4052 4053 4054 4055 4056
f 4062 4063 4064 4065 4066
f 4067 4068 4069 4070 4071 4072
f 4073 4074 4075 4076
f 4077 4078 4079 4080
f 4091 4092 4093 4094
f 4095 4096 4097 4098
f 4099 4100 4101 4102
f 4103 4104 4105 4106
f 4107 4108 4109 4110
f 4116 4117 4118 4119 4120
f 4121 4122 4123 4124
f 4125 4126 4127 4128 4129
f 4130 4131 4132 4133
f 4139 4140 4141 4142
f 4143 4144 4145 4146
f 4147 4148 4149 4150
f 4151 4152 4153 4154 4155
f 4156 4157 4158 4159
f 4168 4169 4170 4171
f 4180 4181 4182 4183 4184
f 4185 4186 4187 4188
f 4189 4190 4191 4192
f 4193 4194 4195 4196
f 4197 4198 4199 4200
f 4214 4215 4216 4217
f 4218 4219 4220 4221
f 4222 4223 4224 4225
f 4239 4240 4241 4242
f 4243 4244 4245 4246 4247
f 4248 4249 4250 4251
f 4252 4253 4254 4255
f 4256 4257 4258 4259 4260
f 4261 4262 4263
f 4264 4265 4266 4267
f 4268 4269 4270
f 4277 4278 4279 4280
f 4281 4282 4283 4284
f 4285 4286 4287 4288 4289
f 4290 4291 4292 4293
f 4294 4295 4296 4297 4298
f 4299 4300 4301 4302 4303
f 4304 4305 4306 4307
f 4308 4309 4310 4311
f 4312 4313 4314 4315 4316
f 4327 4328 4329 4330
f 4331 4332 4333 4334
f 4335 4336 4337 4338
f 4344 4345 4346 4347 4348
f 4349 4350 4351 4352
f 4358 4359 4360 4361
f 4362 4363 4364 4365
f 4369 4370 4371 4372 4373
f 4382 4383 4384 4385 4386 4387
f 4392 4393 4394 4395 4396
f 4403 4404 4405 4406
f 4407 4408 4409 4410
f 4411 4412 4413 4414 4415
f 4416 4417 4418 4419
f 4420 4421 4422 4423 4424
f 4425 4426 4427 4428 4429
f 4438 4439 4440 4441
f 4442 4443 4444 4445
f 4446 4447 4448 4449
f 4450 4451 4452 4453
f 4454 4455 4456 4457
f 4458 4459 4460 4461
f 4462 4463 4464 4465
f 4478 4479 4480 4481
f 4482 4483 4484 4485
o lod2_DEBE01YYK0003VTW_roof
g roof
f 3938 3939 3940 3941 3942 3943 3944 3945
f 3971 3972 3973 3974 3975 3976 3977 3978 3979 3980 3981 3982
f 4047 4048 4049 4050 4051
f 4086 4087 4088 4089 4090
f 4134 4135 4136 4137 4138
f 4160 4161 4162 4163 4164 4165 4166 4167
f 4226 4227 4228 4229 4230 4231 4232 4233 4234 4235 4236 4237 4238
f 4271 4272 4273
f 4274 4275 4276
f 4317 4318 4319 4320 4321
f 4353 4354 4355 4356 4357
f 4366 4367 4368
f 4374 4375 4376 4377
f 4378 4379 4380 4381
f 4388 4389 4390 4391
f 4434 4435 4436 4437
f 4472 4473 4474 4475 4476 4477
o lod2_DEBE01YYK0003VTW_ground
g ground
f 3946 3947 3948 3949 3950 3951 3952
f 3994 3995 3996 3997 3998 3999 4000 4001 4002 4003 4004
f 4057 4058 4059 4060 4061
f 4081 4082 4083 4084 4085
f 4111 4112 4113 4114 4115
f 4172 4173 4174 4175 4176 4177 4178 4179
f 4201 4202 4203 4204 4205 4206 4207 4208 4209 4210 4211 4212 4213
f 4322 4323 4324 4325 4326
f 4339 4340 4341 4342 4343
f 4397 4398 4399 4400 4401 4402
f 4430 4431 4432 4433
f 4466 4467 4468 4469 4470 4471
o lod2_DEBE3DNz0JfFuqb5_wall
g wall
f 4486 4487 4488 4489
f 4490 4491 4492 4493 4494
f 4495 4496 4497 4498
f 4499 4500 4501 4502 4503
f 4504 4505 4506 4507
f 4508 4509 4510
f 4526 4527 4528 4529 4530
f 4531 4532 4533 4534
f 4535 4536 4537 4538 4539
o lod2_DEBE3DNz0JfFuqb5_roof
g roof
f 4511 4512 4513 4514 4515 4516 4517 4518
o lod2_DEBE3DNz0JfFuqb5_ground
g ground
f 4519 4520 4521 4522 4523 4524 4525
o lod2_DEBE3DXnqupr8TLf_wall
g wall
f 4540 4541 4542 4543
f 4556 4557 4558
f 4559 4560 4561 4562
f 4563 4564 4565 4566
f 4578 4579 4580 4581
f 4582 4583 4584 4585
f 4586 4587 4588 4589
f 4590 4591 4592 4593
f 4594 4595 4596 4597
f 4598 4599 4600 4601 4602
f 4603 4604 4605 4606 4607
f 4608 4609 4610 4611
o lod2_DEBE3DXnqupr8TLf_roof
g roof
f 4544 4545 4546 4547 4548 4549 4550 4551 4552 4553 4554 4555
o lod2_DEBE3DXnqupr8TLf_ground
g ground
f 4567 4568 4569 4570 4571 4572 4573 4574 4575 4576 4577
o lod2_DEBE3DHWRHdAFbE8_wall
g wall
f 4612 4613 4614 4615
f 4616 4617 4618 4619
f 4625 4626 4627 4628 4629
f 4635 4636 4637 4638 4639
f 4640 4641 4642 4643 4644 4645
f 4646 4647 4648 4649
f 4650 4651 4652 4653
o lod2_DEBE3DHWRHdAFbE8_roof
g roof
f 4620 4621 4622 4623 4624
o lod2_DEBE3DHWRHdAFbE8_ground
g ground
f 4630 4631 4632 4633 4634
o lod2_DEBE3DjMyoSFwI3v_ground
g ground
f 4654 4655 4656 4657 4658
o lod2_DEBE3DjMyoSFwI3v_roof
g roof
f 4659 4660 4661 4662 4663
o lod2_DEBE3DjMyoSFwI3v_wall
g wall
f 4664 4665 4666 4667
f 4668 4669 4670 4671
f 4672 4673 4674 4675
f 4676 4677 4678 4679
f 4680 4681 4682 4683
o lod2_DEBE3De6Kyx8fD3q_ground
g ground
f 4684 4685 4686 4687 4688
o lod2_DEBE3De6Kyx8fD3q_wall
g wall
f 4689 4690 4691 4692 4693
f 4694 4695 4696 4697
f 4698 4699 4700 4701 4702
f 4703 4704 4705 4706
f 4712 4713 4714 4715
f 4716 4717 4718 4719
o lod2_DEBE3De6Kyx8fD3q_roof
g roof
f 4707 4708 4709 4710 4711
o lod2_DEBE3DgbjNdvlfj1_wall
g wall
f 4720 4721 4722 4723
f 4724 4725 4726 4727 4728
f 4729 4730 4731 4732
f 4741 4742 4743 4744
f 4753 4754 4755 4756 4757
f 4758 4759 4760 4761
f 4762 4763 4764 4765
f 4766 4767 4768 4769
f 4770 4771 4772 4773
o lod2_DEBE3DgbjNdvlfj1_roof
g roof
f 4733 4734 4735 4736 4737 4738 4739 4740
o lod2_DEBE3DgbjNdvlfj1_ground
g ground
f 4745 4746 4747 4748 4749 4750 4751 4752
o lod2_DEBE3DZPGJg6pCdy_ground
g ground
f 4774 4775 4776 4777 4778 4779 4780 4781 4782 4783 4784 4785 4786
o lod2_DEBE3DZPGJg6pCdy_wall
g wall
f 4787 4788 4789 4790
f 4791 4792 4793 4794
f 4795 4796 4797 4798
f 4812 4813 4814 4815
f 4816 4817 4818 4819 4820
f 4821 4822 4823 4824
f 4825 4826 4827 4828
f 4829 4830 4831 4832 4833
f 4834 4835 4836
f 4837 4838 4839 4840
f 4841 4842 4843
f 4850 4851 4852 4853
f 4854 4855 4856 4857
f 4858 4859 4860 4861 4862
f 4863 4864 4865 4866
f 4867 4868 4869 4870 4871
o lod2_DEBE3DZPGJg6pCdy_roof
g roof
f 4799 4800 4801 4802 4803 4804 4805 4806 4807 4808 4809 4810 4811
f 4844 4845 4846
f 4847 4848 4849
o lod2_DEBE3DnNcYGnIkZB_wall
g wall
f 4872 4873 4874 4875 4876
f 4877 4878 4879 4880
f 4881 4882 4883 4884
f 4885 4886 4887 4888 4889
f 4900 4901 4902 4903
f 4904 4905 4906 4907
o lod2_DEBE3DnNcYGnIkZB_roof
g roof
f 4890 4891 4892 4893 4894
o lod2_DEBE3DnNcYGnIkZB_ground
g ground
f 4895 4896 4897 4898 4899
o lod2_DEBE3DmZ8ZhYTDCs_wall
g wall
f 4908 4909 4910 4911
f 4917 4918 4919 4920 4921
f 4922 4923 4924 4925
f 4931 4932 4933 4934
f 4935 4936 4937 4938
o lod2_DEBE3DmZ8ZhYTDCs_ground
g ground
f 4912 4913 4914 4915 4916
o lod2_DEBE3DmZ8ZhYTDCs_roof
g roof
f 4926 4927 4928 4929 4930
o lod2_DEBE3DpMgMBxEtKj_roof
g roof
f 4939 4940 4941
f 4947 4948 4949 4950
f 4951 4952 4953 4954
f 4961 4962 4963 4964
o lod2_DEBE3DpMgMBxEtKj_wall
g wall
f 4942 4943 4944 4945 4946
f 4955 4956 4957 4958 4959 4960
f 4965 4966 4967 4968 4969
f 4976 4977 4978 4979
f 4980 4981 4982 4983
f 4984 4985 4986 4987 4988
f 4989 4990 4991 4992
o lod2_DEBE3DpMgMBxEtKj_ground
g ground
f 4970 4971 4972 4973 4974 4975
o lod2_DEBE3DMTouTlcZdZ_wall
g wall
f 4993 4994 4995 4996 4997
f 4998 4999 5000 5001 5002
f 5011 5012 5013 5014
f 5015 5016 5017 5018
f 5019 5020 5021 5022
o lod2_DEBE3DMTouTlcZdZ_ground
g ground
f 5003 5004 5005 5006
o lod2_DEBE3DMTouTlcZdZ_roof
g roof
f 5007 5008 5009 5010
o lod2_DEBE3Dics6M7oSdp_wall
g wall
f 5023 5024 5025 5026
f 5027 5028 5029 5030
f 5031 5032 5033 5034
f 5035 5036 5037 5038
f 5051 5052 5053 5054
f 5055 5056 5057 5058
o lod2_DEBE3Dics6M7oSdp_ground
g ground
f 5039 5040 5041 5042 5043 5044
o lod2_DEBE3Dics6M7oSdp_roof
g roof
f 5045 5046 5047 5048 5049 5050
o lod2_DEBE01YYK0002QJH_roof
g roof
f 5059 5060 5061
f 5062 5063 5064 5065
f 5074 5075 5076
f 5081 5082 5083 5084
f 5106 5107 5108 5109 5110
f 5135 5136 5137 5138
o lod2_DEBE01YYK0002QJH_wall
g wall
f 5066 5067 5068 5069
f 5077 5078 5079 5080
f 5085 5086 5087 5088
f 5089 5090 5091 5092
f 5093 5094 5095 5096
f 5097 5098 5099 5100 5101
f 5102 5103 5104 5105
f 5111 5112 5113 5114 5115
f 5121 5122 5123 5124 5125 5126
f 5127 5128 5129 5130
f 5131 5132 5133 5134
f 5139 5140 5141 5142
f 5143 5144 5145 5146
f 5147 5148 5149 5150
f 5155 5156 5157 5158
o lod2_DEBE01YYK0002QJH_ground
g ground
f 5070 5071 5072 5073
f 5116 5117 5118 5119 5120
f 5151 5152 5153 5154
o lod2_DEBE3Dj2BmwPYdZY_wall
g wall
f 5159 5160 5161 5162
f 5163 5164 5165 5166 5167
f 5168 5169 5170 5171
f 5177 5178 5179 5180 5181
f 5187 5188 5189 5190 5191 5192
f 5193 5194 5195 5196
f 5197 5198 5199 5200
o lod2_DEBE3Dj2BmwPYdZY_roof
g roof
f 5172 5173 5174 5175 5176
o lod2_DEBE3Dj2BmwPYdZY_ground
g ground
f 5182 5183 5184 5185 5186
o lod2_DEBE3DEWXaAm3rPu_roof
g roof
f 5201 5202 5203 5204
o lod2_DEBE3DEWXaAm3rPu_wall
g wall
f 5205 5206 5207 5208
f 5209 5210 5211 5212
f 5213 5214 5215 5216
f 5221 5222 5223 5224
o lod2_DEBE3DEWXaAm3rPu_ground
g ground
f 5217 5218 5219 5220
o lod2_DEBE01YYK0002SRQ_wall
g wall
f 5225 5226 5227 5228
f 5229 5230 5231 5232
f 5233 5234 5235 5236
f 5237 5238 5239 5240
f 5241 5242 5243 5244
f 5267 5268 5269 5270
f 5271 5272 5273 5274
f 5275 5276 5277 5278
f 5279 5280 5281 5282
f 5283 5284 5285 5286
f 5287 5288 5289 5290
f 5291 5292 5293 5294
f 5295 5296 5297 5298 5299
f 5300 5301 5302 5303
f 5304 5305 5306 5307
f 5308 5309 5310 5311
f 5312 5313 5314 5315 5316
f 5317 5318 5319 5320
f 5330 5331 5332 5333
f 5334 5335 5336 5337
f 5347 5348 5349 5350
o lod2_DEBE01YYK0002SRQ_ground
g ground
f 5245 5246 5247 5248 5249 5250 5251 5252 5253 5254 5255
f 5321 5322 5323 5324 5325 5326 5327 5328 5329
o lod2_DEBE01YYK0002SRQ_roof
g roof
f 5256 5257 5258 5259 5260 5261 5262 5263 5264 5265 5266
f 5338 5339 5340 5341 5342 5343 5344 5345 5346
o lod2_DEBE3DFulOAzVmnK_wall
g wall
f 5351 5352 5353 5354
f 5355 5356 5357 5358
f 5359 5360 5361 5362
f 5363 5364 5365 5366
f 5367 5368 5369 5370
f 5393 5394 5395 5396
f 5397 5398 5399 5400
f 5401 5402 5403 5404
f 5405 5406 5407 5408
f 5409 5410 5411 5412
f 5413 5414 5415 5416
o lod2_DEBE3DFulOAzVmnK_ground
g ground
f 5371 5372 5373 5374 5375 5376 5377 5378 5379 5380 5381
o lod2_DEBE3DFulOAzVmnK_roof
g roof
f 5382 5383 5384 5385 5386 5387 5388 5389 5390 5391 5392
o lod2_DEBE3Du6UIpKDOdX_wall
g wall
f 5417 5418 5419 5420
f 5421 5422 5423 5424 5425
f 5426 5427 5428 5429
f 5430 5431 5432 5433
f 5434 5435 5436 5437
f 5438 5439 5440 5441 5442
f 5443 5444 5445 5446
f 5456 5457 5458 5459
f 5460 5461 5462 5463
f 5473 5474 5475 5476
o lod2_DEBE3Du6UIpKDOdX_ground
g ground
f 5447 5448 5449 5450 5451 5452 5453 5454 5455
o lod2_DEBE3Du6UIpKDOdX_roof
g roof
f 5464 5465 5466 5467 5468 5469 5470 5471 5472
o lod2_DEBE01YYK0002T6N_wall
g wall
f 5477 5478 5479 5480
f 5481 5482 5483 5484
f 5485 5486 5487 5488
f 5489 5490 5491 5492
o lod2_DEBE01YYK0002T6N_ground
g ground
f 5493 5494 5495 5496
o lod2_DEBE01YYK0002T6N_roof
g roof
f 5497 5498 5499 5500
o lod2_DEBE01YYK0002KfX_wall
g wall
f 5501 5502 5503 5504
f 5509 5510 5511 5512
f 5513 5514 5515 5516
f 5521 5522 5523 5524
o lod2_DEBE01YYK0002KfX_roof
g roof
f 5505 5506 5507 5508
o lod2_DEBE01YYK0002KfX_ground
g ground
f 5517 5518 5519 5520
o lod2_DEBE01YYK0003VBg_wall
g wall
f 5525 5526 5527 5528
f 5529 5530 5531 5532
f 5533 5534 5535 5536
f 5537 5538 5539 5540
f 5541 5542 5543 5544
f 5545 5546 5547 5548
f 5549 5550 5551 5552
f 5553 5554 5555 5556
f 5557 5558 5559 5560
f 5561 5562 5563 5564
f 5565 5566 5567 5568
f 5593 5594 5595 5596
o lod2_DEBE01YYK0003VBg_roof
g roof
f 5569 5570 5571 5572 5573 5574 5575 5576 5577 5578 5579 5580
o lod2_DEBE01YYK0003VBg_ground
g ground
f 5581 5582 5583 5584 5585 5586 5587 5588 5589 5590 5591 5592
o lod2_DEBE01YYK0002KmE_ground
g ground
f 5597 5598 5599 5600 5601 5602 5603 5604
f 5659 5660 5661 5662
o lod2_DEBE01YYK0002KmE_wall
g wall
f 5605 5606 5607 5608 5609
f 5610 5611 5612 5613
f 5622 5623 5624 5625
f 5626 5627 5628 5629 5630
f 5631 5632 5633 5634
f 5635 5636 5637 5638
f 5639 5640 5641 5642
f 5643 5644 5645 5646
f 5647 5648 5649 5650
f 5655 5656 5657 5658
f 5663 5664 5665 5666
f 5667 5668 5669 5670
f 5671 5672 5673 5674
o lod2_DEBE01YYK0002KmE_roof
g roof
f 5614 5615 5616 5617 5618 5619 5620 5621
f 5651 5652 5653 5654
o lod2_DEBE3DZbGdn4TOO0_ground
g ground
f 5675 5676 5677 5678 5679 5680 5681 5682
o lod2_DEBE3DZbGdn4TOO0_wall
g wall
f 5683 5684 5685 5686 5687
f 5688 5689 5690 5691
f 5700 5701 5702 5703
f 5704 5705 5706 5707 5708
f 5709 5710 5711 5712
f 5713 5714 5715 5716
f 5717 5718 5719 5720
f 5721 5722 5723 5724
f 5725 5726 5727 5728
o lod2_DEBE3DZbGdn4TOO0_roof
g roof
f 5692 5693 5694 5695 5696 5697 5698 5699
o lod2_DEBE3DDRt8BGfYcj_roof
g roof
f 5729 5730 5731 5732
o lod2_DEBE3DDRt8BGfYcj_wall
g wall
f 5733 5734 5735 5736
f 5741 5742 5743 5744
f 5745 5746 5747 5748
f 5749 5750 5751 5752
o lod2_DEBE3DDRt8BGfYcj_ground
g ground
f 5737 5738 5739 5740
o lod2_DEBE01YYK0002UF7_wall
g wall
f 5753 5754 5755 5756
f 5762 5763 5764 5765
f 5766 5767 5768 5769
f 5770 5771 5772 5773
f 5779 5780 5781 5782
f 5787 5788 5789 5790 5791
f 5799 5800 5801 5802
f 5807 5808 5809 5810 5811
f 5812 5813 5814 5815
f 5819 5820 5821 5822
o lod2_DEBE01YYK0002UF7_roof
g roof
f 5757 5758 5759 5760 5761
f 5783 5784 5785 5786
f 5792 5793 5794 5795
f 5796 5797 5798
f 5816 5817 5818
o lod2_DEBE01YYK0002UF7_ground
g ground
f 5774 5775 5776 5777 5778
f 5803 5804 5805 5806
o lod2_DEBE3Dzx3BlZCtCl_wall
g wall
f 5823 5824 5825 5826
f 5832 5833 5834 5835
f 5836 5837 5838 5839
f 5840 5841 5842 5843
f 5849 5850 5851 5852
o lod2_DEBE3Dzx3BlZCtCl_roof
g roof
f 5827 5828 5829 5830 5831
o lod2_DEBE3Dzx3BlZCtCl_ground
g ground
f 5844 5845 5846 5847 5848
o lod2_DEBE3DmxZZvjA7pi_roof
g roof
f 5853 5854 5855 5856
f 5862 5863 5864 5865
f 5866 5867 5868
f 5886 5887 5888
o lod2_DEBE3DmxZZvjA7pi_wall
g wall
f 5857 5858 5859 5860 5861
f 5869 5870 5871 5872
f 5877 5878 5879 5880 5881
f 5882 5883 5884 5885
f 5889 5890 5891 5892
o lod2_DEBE3DmxZZvjA7pi_ground
g ground
f 5873 5874 5875 5876
o lod2_DEBE00YY1Zw0004a_roof
g roof
f 5893 5894 5895 5896
f 5901 5902 5903 5904 5905 5906
f 5913 5914 5915 5916
f 5925 5926 5927 5928
f 5929 5930 5931
f 5944 5945 5946
o lod2_DEBE00YY1Zw0004a_wall
g wall
f 5897 5898 5899 5900
f 5917 5918 5919 5920
f 5921 5922 5923 5924
f 5932 5933 5934 5935
f 5936 5937 5938 5939
f 5940 5941 5942 5943
o lod2_DEBE00YY1Zw0004a_ground
g ground
f 5907 5908 5909 5910 5911 5912
o lod2_DEBE01YYK0003Vdk_wall
g wall
f 5947 5948 5949 5950
f 5951 5952 5953 5954
f 5955 5956 5957 5958
f 5959 5960 5961 5962
f 5973 5974 5975 5976
f 5977 5978 5979 5980
f 5991 5992 5993 5994
f 5995 5996 5997 5998
f 5999 6000 6001 6002
f 6003 6004 6005 6006
o lod2_DEBE01YYK0003Vdk_ground
g ground
f 5963 5964 5965 5966 5967 5968 5969 5970 5971 5972
o lod2_DEBE01YYK0003Vdk_roof
g roof
f 5981 5982 5983 5984 5985 5986 5987 5988 5989 5990
o lod2_DEBE01YYK0003VSE_wall
g wall
f 6007 6008 6009 6010
f 6011 6012 6013
f 6021 6022 6023 6024
f 6025 6026 6027 6028 6029
f 6035 6036 6037 6038
f 6039 6040 6041 6042 6043 6044
f 6049 6050 6051 6052 6053
f 6059 6060 6061 6062
f 6063 6064 6065
f 6066 6067 6068 6069
f 6070 6071 6072 6073 6074
o lod2_DEBE01YYK0003VSE_roof
g roof
f 6014 6015 6016 6017 6018 6019 6020
f 6054 6055 6056 6057 6058
o lod2_DEBE01YYK0003VSE_ground
g ground
f 6030 6031 6032 6033 6034
f 6045 6046 6047 6048
o lod2_DEBE3DBOgaTOmCLo_wall
g wall
f 6075 6076 6077 6078
f 6079 6080 6081
f 6089 6090 6091 6092
f 6093 6094 6095 6096 6097
f 6103 6104 6105 6106
f 6107 6108 6109 6110 6111 6112
o lod2_DEBE3DBOgaTOmCLo_roof
g roof
f 6082 6083 6084 6085 6086 6087 6088
o lod2_DEBE3DBOgaTOmCLo_ground
g ground
f 6098 6099 6100 6101 6102
o lod2_DEBE3DFLogGpgYQf_ground
g ground
f 6113 6114 6115 6116
o lod2_DEBE3DFLogGpgYQf_wall
g wall
f 6117 6118 6119 6120 6121
f 6127 6128 6129 6130
f 6131 6132 6133
f 6134 6135 6136 6137
f 6138 6139 6140 6141 6142
o lod2_DEBE3DFLogGpgYQf_roof
g roof
f 6122 6123 6124 6125 6126
o lod2_DEBE01YYK0003TvR_wall
g wall
f 6143 6144 6145
f 6161 6162 6163 6164
f 6165 6166 6167 6168
f 6169 6170 6171 6172
f 6173 6174 6175 6176
o lod2_DEBE01YYK0003TvR_roof
g roof
f 6146 6147 6148 6149
f 6150 6151 6152
f 6157 6158 6159 6160
o lod2_DEBE01YYK0003TvR_ground
g ground
f 6153 6154 6155 6156
o lod2_DEBE01YYK0003UI9_wall
g wall
f 6177 6178 6179 6180
f 6186 6187 6188 6189
f 6190 6191 6192 6193
f 6194 6195 6196 6197
f 6198 6199 6200 6201
o lod2_DEBE01YYK0003UI9_roof
g roof
f 6181 6182 6183 6184 6185
o lod2_DEBE01YYK0003UI9_ground
g ground
f 6202 6203 6204 6205 6206
o lod2_DEBE01YYK0003VO0_wall
g wall
f 6207 6208 6209 6210
f 6211 6212 6213 6214
f 6220 6221 6222 6223
f 6229 6230 6231 6232
f 6233 6234 6235 6236
o lod2_DEBE01YYK0003VO0_roof
g roof
f 6215 6216 6217 6218 6219
o lod2_DEBE01YYK0003VO0_ground
g ground
f 6224 6225 6226 6227 6228
